{"textures":{"0":"modelengine:entity/mega_warden_pet","particle":"#0"},"elements":[{"from":[4.0,7.0,3.0],"to":[13.0,14.0,10.0],"faces":{"east":{"uv":[3.5,3.5,5.25,5.25],"tintindex":0,"rotation":0,"texture":"#0"},"south":{"uv":[0.0,1.75,2.25,3.5],"tintindex":0,"rotation":0,"texture":"#0"},"north":{"uv":[0.0,0.0,2.25,1.75],"tintindex":0,"rotation":0,"texture":"#0"},"west":{"uv":[4.5,0.0,6.25,1.75],"tintindex":0,"rotation":0,"texture":"#0"},"up":{"uv":[4.5,1.75,2.25,0.0],"tintindex":0,"rotation":0,"texture":"#0"},"down":{"uv":[4.5,1.75,2.25,3.5],"tintindex":0,"rotation":0,"texture":"#0"}}},{"from":[4.0,10.152241,2.234633],"to":[13.0,14.152241,2.234633],"faces":{"south":{"uv":[7.5,3.75,5.25,4.75],"tintindex":0,"rotation":0,"texture":"#0"},"north":{"uv":[5.25,3.75,7.5,4.75],"tintindex":0,"rotation":0,"texture":"#0"}},"rotation":{"origin":[8.5,12.152241,2.234633],"angle":22.5,"axis":"x"}},{"from":[4.0,7.8858194,2.4259748],"to":[7.0,10.885819,2.4259748],"faces":{"south":{"uv":[9.75,0.0,9.0,0.75],"tintindex":0,"rotation":0,"texture":"#0"},"north":{"uv":[9.0,0.0,9.75,0.75],"tintindex":0,"rotation":0,"texture":"#0"}},"rotation":{"origin":[4.5,9.385819,2.4259748],"angle":-22.5,"axis":"x"}},{"from":[-2.0,9.0,5.0],"to":[4.0,13.0,9.0],"faces":{"east":{"uv":[1.5,6.75,2.5,7.75],"tintindex":0,"rotation":0,"texture":"#0"},"south":{"uv":[4.75,6.25,6.25,7.25],"tintindex":0,"rotation":0,"texture":"#0"},"north":{"uv":[6.25,0.0,7.75,1.0],"tintindex":0,"rotation":0,"texture":"#0"},"west":{"uv":[2.5,6.75,3.5,7.75],"tintindex":0,"rotation":0,"texture":"#0"},"up":{"uv":[7.75,7.25,6.25,6.25],"tintindex":0,"rotation":0,"texture":"#0"},"down":{"uv":[8.0,1.0,6.5,2.0],"tintindex":0,"rotation":0,"texture":"#0"}}},{"from":[10.0,7.8858194,2.4259748],"to":[13.0,10.885819,2.4259748],"faces":{"south":{"uv":[9.0,0.0,9.75,0.75],"tintindex":0,"rotation":0,"texture":"#0"},"north":{"uv":[9.75,0.0,9.0,0.75],"tintindex":0,"rotation":0,"texture":"#0"}},"rotation":{"origin":[11.5,9.385819,2.4259748],"angle":-22.5,"axis":"x"}},{"from":[-2.0,13.0,6.0],"to":[0.0,15.0,8.0],"faces":{"east":{"uv":[5.75,4.75,6.25,5.25],"tintindex":0,"rotation":0,"texture":"#0"},"south":{"uv":[6.25,4.75,6.75,5.25],"tintindex":0,"rotation":0,"texture":"#0"},"north":{"uv":[5.25,4.75,5.75,5.25],"tintindex":0,"rotation":0,"texture":"#0"},"west":{"uv":[7.25,3.25,7.75,3.75],"tintindex":0,"rotation":0,"texture":"#0"},"up":{"uv":[8.0,4.25,7.5,3.75],"tintindex":0,"rotation":0,"texture":"#0"},"down":{"uv":[8.0,4.25,7.5,4.75],"tintindex":0,"rotation":0,"texture":"#0"}}},{"from":[17.0,13.0,6.0],"to":[19.0,15.0,8.0],"faces":{"east":{"uv":[7.75,3.25,7.25,3.75],"tintindex":0,"rotation":0,"texture":"#0"},"south":{"uv":[6.75,4.75,6.25,5.25],"tintindex":0,"rotation":0,"texture":"#0"},"north":{"uv":[5.75,4.75,5.25,5.25],"tintindex":0,"rotation":0,"texture":"#0"},"west":{"uv":[6.25,4.75,5.75,5.25],"tintindex":0,"rotation":0,"texture":"#0"},"up":{"uv":[7.5,4.25,8.0,3.75],"tintindex":0,"rotation":0,"texture":"#0"},"down":{"uv":[7.5,4.25,8.0,4.75],"tintindex":0,"rotation":0,"texture":"#0"}}},{"from":[13.0,9.0,5.0],"to":[19.0,13.0,9.0],"faces":{"east":{"uv":[3.5,6.75,2.5,7.75],"tintindex":0,"rotation":0,"texture":"#0"},"south":{"uv":[6.25,6.25,4.75,7.25],"tintindex":0,"rotation":0,"texture":"#0"},"north":{"uv":[7.75,0.0,6.25,1.0],"tintindex":0,"rotation":0,"texture":"#0"},"west":{"uv":[2.5,6.75,1.5,7.75],"tintindex":0,"rotation":0,"texture":"#0"},"up":{"uv":[6.25,7.25,7.75,6.25],"tintindex":0,"rotation":0,"texture":"#0"},"down":{"uv":[6.5,1.0,8.0,2.0],"tintindex":0,"rotation":0,"texture":"#0"}}}],"display":{"gui":{"rotation":[-150.0,-45.0,180.0]}}}