{"textures":{"0":"modelengine:entity/mega_warden_pet","particle":"#0"},"elements":[{"from":[6.5,3.0,7.5],"to":[9.5,8.0,10.5],"faces":{"east":{"uv":[5.0,7.25,4.25,8.5],"tintindex":0,"rotation":0,"texture":"#0"},"south":{"uv":[4.25,7.25,3.5,8.5],"tintindex":0,"rotation":0,"texture":"#0"},"north":{"uv":[7.75,4.75,7.0,6.0],"tintindex":0,"rotation":0,"texture":"#0"},"west":{"uv":[8.0,2.0,7.25,3.25],"tintindex":0,"rotation":0,"texture":"#0"},"up":{"uv":[5.0,8.0,5.75,7.25],"tintindex":0,"rotation":0,"texture":"#0"},"down":{"uv":[5.75,7.25,6.5,8.0],"tintindex":0,"rotation":0,"texture":"#0"}}}],"display":{"gui":{"rotation":[-150.0,-45.0,180.0]}}}