{
  "pack_name": "RageMines Custom Swords",
  "description": "Custom Model Data reference for all swords",
  "base_item": "minecraft:netherite_sword",
  "swords": [
    {
      "custom_model_data": 1,
      "model_name": "anneal_blade_diamond_sword",
      "original_file": "anneal_blade_diamond_sword.png",
      "command_1.20.5+": "/give @p minecraft:netherite_sword[custom_model_data=1]",
      "command_legacy": "/give @p minecraft:netherite_sword{CustomModelData:1} 1"
    },
    {
      "custom_model_data": 2,
      "model_name": "anneal_blade_gold_sword",
      "original_file": "anneal_blade_gold_sword.png",
      "command_1.20.5+": "/give @p minecraft:netherite_sword[custom_model_data=2]",
      "command_legacy": "/give @p minecraft:netherite_sword{CustomModelData:2} 1"
    },
    {
      "custom_model_data": 3,
      "model_name": "anneal_blade_iron_sword",
      "original_file": "anneal_blade_iron_sword.png",
      "command_1.20.5+": "/give @p minecraft:netherite_sword[custom_model_data=3]",
      "command_legacy": "/give @p minecraft:netherite_sword{CustomModelData:3} 1"
    },
    {
      "custom_model_data": 4,
      "model_name": "anneal_blade_stone_sword",
      "original_file": "anneal_blade_stone_sword.png",
      "command_1.20.5+": "/give @p minecraft:netherite_sword[custom_model_data=4]",
      "command_legacy": "/give @p minecraft:netherite_sword{CustomModelData:4} 1"
    },
    {
      "custom_model_data": 5,
      "model_name": "anneal_blade_wood_sword",
      "original_file": "anneal_blade_wood_sword.png",
      "command_1.20.5+": "/give @p minecraft:netherite_sword[custom_model_data=5]",
      "command_legacy": "/give @p minecraft:netherite_sword{CustomModelData:5} 1"
    },
    {
      "custom_model_data": 6,
      "model_name": "black_iron_great_sword_diamond_sword",
      "original_file": "black_iron_great_sword_diamond_sword.png",
      "command_1.20.5+": "/give @p minecraft:netherite_sword[custom_model_data=6]",
      "command_legacy": "/give @p minecraft:netherite_sword{CustomModelData:6} 1"
    },
    {
      "custom_model_data": 7,
      "model_name": "black_iron_great_sword_gold_sword",
      "original_file": "black_iron_great_sword_gold_sword.png",
      "command_1.20.5+": "/give @p minecraft:netherite_sword[custom_model_data=7]",
      "command_legacy": "/give @p minecraft:netherite_sword{CustomModelData:7} 1"
    },
    {
      "custom_model_data": 8,
      "model_name": "black_iron_great_sword_iron_sword",
      "original_file": "black_iron_great_sword_iron_sword.png",
      "command_1.20.5+": "/give @p minecraft:netherite_sword[custom_model_data=8]",
      "command_legacy": "/give @p minecraft:netherite_sword{CustomModelData:8} 1"
    },
    {
      "custom_model_data": 9,
      "model_name": "black_iron_great_sword_stone_sword",
      "original_file": "black_iron_great_sword_stone_sword.png",
      "command_1.20.5+": "/give @p minecraft:netherite_sword[custom_model_data=9]",
      "command_legacy": "/give @p minecraft:netherite_sword{CustomModelData:9} 1"
    },
    {
      "custom_model_data": 10,
      "model_name": "black_iron_great_sword_wood_sword",
      "original_file": "black_iron_great_sword_wood_sword.png",
      "command_1.20.5+": "/give @p minecraft:netherite_sword[custom_model_data=10]",
      "command_legacy": "/give @p minecraft:netherite_sword{CustomModelData:10} 1"
    },
    {
      "custom_model_data": 11,
      "model_name": "dark_repulser_diamond_sword",
      "original_file": "dark_repulser_diamond_sword.png",
      "command_1.20.5+": "/give @p minecraft:netherite_sword[custom_model_data=11]",
      "command_legacy": "/give @p minecraft:netherite_sword{CustomModelData:11} 1"
    },
    {
      "custom_model_data": 12,
      "model_name": "dark_repulser_gold_sword",
      "original_file": "dark_repulser_gold_sword.png",
      "command_1.20.5+": "/give @p minecraft:netherite_sword[custom_model_data=12]",
      "command_legacy": "/give @p minecraft:netherite_sword{CustomModelData:12} 1"
    },
    {
      "custom_model_data": 13,
      "model_name": "dark_repulser_iron_sword",
      "original_file": "dark_repulser_iron_sword.png",
      "command_1.20.5+": "/give @p minecraft:netherite_sword[custom_model_data=13]",
      "command_legacy": "/give @p minecraft:netherite_sword{CustomModelData:13} 1"
    },
    {
      "custom_model_data": 14,
      "model_name": "dark_repulser_stone_sword",
      "original_file": "dark_repulser_stone_sword.png",
      "command_1.20.5+": "/give @p minecraft:netherite_sword[custom_model_data=14]",
      "command_legacy": "/give @p minecraft:netherite_sword{CustomModelData:14} 1"
    },
    {
      "custom_model_data": 15,
      "model_name": "dark_repulser_wood_sword",
      "original_file": "dark_repulser_wood_sword.png",
      "command_1.20.5+": "/give @p minecraft:netherite_sword[custom_model_data=15]",
      "command_legacy": "/give @p minecraft:netherite_sword{CustomModelData:15} 1"
    },
    {
      "custom_model_data": 16,
      "model_name": "diamond_sword_1",
      "original_file": "diamond_sword_1.png",
      "command_1.20.5+": "/give @p minecraft:netherite_sword[custom_model_data=16]",
      "command_legacy": "/give @p minecraft:netherite_sword{CustomModelData:16} 1"
    },
    {
      "custom_model_data": 17,
      "model_name": "elucidator_diamond_sword",
      "original_file": "elucidator_diamond_sword.png",
      "command_1.20.5+": "/give @p minecraft:netherite_sword[custom_model_data=17]",
      "command_legacy": "/give @p minecraft:netherite_sword{CustomModelData:17} 1"
    },
    {
      "custom_model_data": 18,
      "model_name": "elucidator_gold_sword",
      "original_file": "elucidator_gold_sword.png",
      "command_1.20.5+": "/give @p minecraft:netherite_sword[custom_model_data=18]",
      "command_legacy": "/give @p minecraft:netherite_sword{CustomModelData:18} 1"
    },
    {
      "custom_model_data": 19,
      "model_name": "elucidator_iron_sword",
      "original_file": "elucidator_iron_sword.png",
      "command_1.20.5+": "/give @p minecraft:netherite_sword[custom_model_data=19]",
      "command_legacy": "/give @p minecraft:netherite_sword{CustomModelData:19} 1"
    },
    {
      "custom_model_data": 20,
      "model_name": "elucidator_stone_sword",
      "original_file": "elucidator_stone_sword.png",
      "command_1.20.5+": "/give @p minecraft:netherite_sword[custom_model_data=20]",
      "command_legacy": "/give @p minecraft:netherite_sword{CustomModelData:20} 1"
    },
    {
      "custom_model_data": 21,
      "model_name": "elucidator_wood_sword",
      "original_file": "elucidator_wood_sword.png",
      "command_1.20.5+": "/give @p minecraft:netherite_sword[custom_model_data=21]",
      "command_legacy": "/give @p minecraft:netherite_sword{CustomModelData:21} 1"
    },
    {
      "custom_model_data": 22,
      "model_name": "excalibur_diamond_sword",
      "original_file": "excalibur_diamond_sword.png",
      "command_1.20.5+": "/give @p minecraft:netherite_sword[custom_model_data=22]",
      "command_legacy": "/give @p minecraft:netherite_sword{CustomModelData:22} 1"
    },
    {
      "custom_model_data": 23,
      "model_name": "excalibur_gold_sword",
      "original_file": "excalibur_gold_sword.png",
      "command_1.20.5+": "/give @p minecraft:netherite_sword[custom_model_data=23]",
      "command_legacy": "/give @p minecraft:netherite_sword{CustomModelData:23} 1"
    },
    {
      "custom_model_data": 24,
      "model_name": "excalibur_iron_sword",
      "original_file": "excalibur_iron_sword.png",
      "command_1.20.5+": "/give @p minecraft:netherite_sword[custom_model_data=24]",
      "command_legacy": "/give @p minecraft:netherite_sword{CustomModelData:24} 1"
    },
    {
      "custom_model_data": 25,
      "model_name": "excalibur_stone_sword",
      "original_file": "excalibur_stone_sword.png",
      "command_1.20.5+": "/give @p minecraft:netherite_sword[custom_model_data=25]",
      "command_legacy": "/give @p minecraft:netherite_sword{CustomModelData:25} 1"
    },
    {
      "custom_model_data": 26,
      "model_name": "excalibur_wood_sword",
      "original_file": "excalibur_wood_sword.png",
      "command_1.20.5+": "/give @p minecraft:netherite_sword[custom_model_data=26]",
      "command_legacy": "/give @p minecraft:netherite_sword{CustomModelData:26} 1"
    },
    {
      "custom_model_data": 27,
      "model_name": "golden_sword_1",
      "original_file": "golden_sword_1.png",
      "command_1.20.5+": "/give @p minecraft:netherite_sword[custom_model_data=27]",
      "command_legacy": "/give @p minecraft:netherite_sword{CustomModelData:27} 1"
    },
    {
      "custom_model_data": 28,
      "model_name": "gram_diamond_sword",
      "original_file": "gram_diamond_sword.png",
      "command_1.20.5+": "/give @p minecraft:netherite_sword[custom_model_data=28]",
      "command_legacy": "/give @p minecraft:netherite_sword{CustomModelData:28} 1"
    },
    {
      "custom_model_data": 29,
      "model_name": "gram_gold_sword",
      "original_file": "gram_gold_sword.png",
      "command_1.20.5+": "/give @p minecraft:netherite_sword[custom_model_data=29]",
      "command_legacy": "/give @p minecraft:netherite_sword{CustomModelData:29} 1"
    },
    {
      "custom_model_data": 30,
      "model_name": "gram_iron_sword",
      "original_file": "gram_iron_sword.png",
      "command_1.20.5+": "/give @p minecraft:netherite_sword[custom_model_data=30]",
      "command_legacy": "/give @p minecraft:netherite_sword{CustomModelData:30} 1"
    },
    {
      "custom_model_data": 31,
      "model_name": "gram_stone_sword",
      "original_file": "gram_stone_sword.png",
      "command_1.20.5+": "/give @p minecraft:netherite_sword[custom_model_data=31]",
      "command_legacy": "/give @p minecraft:netherite_sword{CustomModelData:31} 1"
    },
    {
      "custom_model_data": 32,
      "model_name": "gram_wood_sword",
      "original_file": "gram_wood_sword.png",
      "command_1.20.5+": "/give @p minecraft:netherite_sword[custom_model_data=32]",
      "command_legacy": "/give @p minecraft:netherite_sword{CustomModelData:32} 1"
    },
    {
      "custom_model_data": 33,
      "model_name": "ground_gorge_diamond_axe",
      "original_file": "ground_gorge_diamond_axe.png",
      "command_1.20.5+": "/give @p minecraft:netherite_sword[custom_model_data=33]",
      "command_legacy": "/give @p minecraft:netherite_sword{CustomModelData:33} 1"
    },
    {
      "custom_model_data": 34,
      "model_name": "ground_gorge_diamond_sword",
      "original_file": "ground_gorge_diamond_sword.png",
      "command_1.20.5+": "/give @p minecraft:netherite_sword[custom_model_data=34]",
      "command_legacy": "/give @p minecraft:netherite_sword{CustomModelData:34} 1"
    },
    {
      "custom_model_data": 35,
      "model_name": "ground_gorge_gold_axe",
      "original_file": "ground_gorge_gold_axe.png",
      "command_1.20.5+": "/give @p minecraft:netherite_sword[custom_model_data=35]",
      "command_legacy": "/give @p minecraft:netherite_sword{CustomModelData:35} 1"
    },
    {
      "custom_model_data": 36,
      "model_name": "ground_gorge_gold_sword",
      "original_file": "ground_gorge_gold_sword.png",
      "command_1.20.5+": "/give @p minecraft:netherite_sword[custom_model_data=36]",
      "command_legacy": "/give @p minecraft:netherite_sword{CustomModelData:36} 1"
    },
    {
      "custom_model_data": 37,
      "model_name": "ground_gorge_iron_axe",
      "original_file": "ground_gorge_iron_axe.png",
      "command_1.20.5+": "/give @p minecraft:netherite_sword[custom_model_data=37]",
      "command_legacy": "/give @p minecraft:netherite_sword{CustomModelData:37} 1"
    },
    {
      "custom_model_data": 38,
      "model_name": "ground_gorge_iron_sword",
      "original_file": "ground_gorge_iron_sword.png",
      "command_1.20.5+": "/give @p minecraft:netherite_sword[custom_model_data=38]",
      "command_legacy": "/give @p minecraft:netherite_sword{CustomModelData:38} 1"
    },
    {
      "custom_model_data": 39,
      "model_name": "ground_gorge_stone_axe",
      "original_file": "ground_gorge_stone_axe.png",
      "command_1.20.5+": "/give @p minecraft:netherite_sword[custom_model_data=39]",
      "command_legacy": "/give @p minecraft:netherite_sword{CustomModelData:39} 1"
    },
    {
      "custom_model_data": 40,
      "model_name": "ground_gorge_stone_sword",
      "original_file": "ground_gorge_stone_sword.png",
      "command_1.20.5+": "/give @p minecraft:netherite_sword[custom_model_data=40]",
      "command_legacy": "/give @p minecraft:netherite_sword{CustomModelData:40} 1"
    },
    {
      "custom_model_data": 41,
      "model_name": "ground_gorge_wood_axe",
      "original_file": "ground_gorge_wood_axe.png",
      "command_1.20.5+": "/give @p minecraft:netherite_sword[custom_model_data=41]",
      "command_legacy": "/give @p minecraft:netherite_sword{CustomModelData:41} 1"
    },
    {
      "custom_model_data": 42,
      "model_name": "ground_gorge_wood_sword",
      "original_file": "ground_gorge_wood_sword.png",
      "command_1.20.5+": "/give @p minecraft:netherite_sword[custom_model_data=42]",
      "command_legacy": "/give @p minecraft:netherite_sword{CustomModelData:42} 1"
    },
    {
      "custom_model_data": 43,
      "model_name": "guilty_thorn_diamond_sword",
      "original_file": "guilty_thorn_diamond_sword.png",
      "command_1.20.5+": "/give @p minecraft:netherite_sword[custom_model_data=43]",
      "command_legacy": "/give @p minecraft:netherite_sword{CustomModelData:43} 1"
    },
    {
      "custom_model_data": 44,
      "model_name": "guilty_thorn_gold_sword",
      "original_file": "guilty_thorn_gold_sword.png",
      "command_1.20.5+": "/give @p minecraft:netherite_sword[custom_model_data=44]",
      "command_legacy": "/give @p minecraft:netherite_sword{CustomModelData:44} 1"
    },
    {
      "custom_model_data": 45,
      "model_name": "guilty_thorn_iron_sword",
      "original_file": "guilty_thorn_iron_sword.png",
      "command_1.20.5+": "/give @p minecraft:netherite_sword[custom_model_data=45]",
      "command_legacy": "/give @p minecraft:netherite_sword{CustomModelData:45} 1"
    },
    {
      "custom_model_data": 46,
      "model_name": "guilty_thorn_stone_sword",
      "original_file": "guilty_thorn_stone_sword.png",
      "command_1.20.5+": "/give @p minecraft:netherite_sword[custom_model_data=46]",
      "command_legacy": "/give @p minecraft:netherite_sword{CustomModelData:46} 1"
    },
    {
      "custom_model_data": 47,
      "model_name": "guilty_thorn_wood_sword",
      "original_file": "guilty_thorn_wood_sword.png",
      "command_1.20.5+": "/give @p minecraft:netherite_sword[custom_model_data=47]",
      "command_legacy": "/give @p minecraft:netherite_sword{CustomModelData:47} 1"
    },
    {
      "custom_model_data": 48,
      "model_name": "iron_sword_1",
      "original_file": "iron_sword_1.png",
      "command_1.20.5+": "/give @p minecraft:netherite_sword[custom_model_data=48]",
      "command_legacy": "/give @p minecraft:netherite_sword{CustomModelData:48} 1"
    },
    {
      "custom_model_data": 49,
      "model_name": "karakurenai_diamond_sword",
      "original_file": "karakurenai_diamond_sword.png",
      "command_1.20.5+": "/give @p minecraft:netherite_sword[custom_model_data=49]",
      "command_legacy": "/give @p minecraft:netherite_sword{CustomModelData:49} 1"
    },
    {
      "custom_model_data": 50,
      "model_name": "karakurenai_gold_sword",
      "original_file": "karakurenai_gold_sword.png",
      "command_1.20.5+": "/give @p minecraft:netherite_sword[custom_model_data=50]",
      "command_legacy": "/give @p minecraft:netherite_sword{CustomModelData:50} 1"
    },
    {
      "custom_model_data": 51,
      "model_name": "karakurenai_iron_sword",
      "original_file": "karakurenai_iron_sword.png",
      "command_1.20.5+": "/give @p minecraft:netherite_sword[custom_model_data=51]",
      "command_legacy": "/give @p minecraft:netherite_sword{CustomModelData:51} 1"
    },
    {
      "custom_model_data": 52,
      "model_name": "karakurenai_stone_sword",
      "original_file": "karakurenai_stone_sword.png",
      "command_1.20.5+": "/give @p minecraft:netherite_sword[custom_model_data=52]",
      "command_legacy": "/give @p minecraft:netherite_sword{CustomModelData:52} 1"
    },
    {
      "custom_model_data": 53,
      "model_name": "karakurenai_wood_sword",
      "original_file": "karakurenai_wood_sword.png",
      "command_1.20.5+": "/give @p minecraft:netherite_sword[custom_model_data=53]",
      "command_legacy": "/give @p minecraft:netherite_sword{CustomModelData:53} 1"
    },
    {
      "custom_model_data": 54,
      "model_name": "lambent_light_diamond_sword",
      "original_file": "lambent_light_diamond_sword.png",
      "command_1.20.5+": "/give @p minecraft:netherite_sword[custom_model_data=54]",
      "command_legacy": "/give @p minecraft:netherite_sword{CustomModelData:54} 1"
    },
    {
      "custom_model_data": 55,
      "model_name": "lambent_light_gold_sword",
      "original_file": "lambent_light_gold_sword.png",
      "command_1.20.5+": "/give @p minecraft:netherite_sword[custom_model_data=55]",
      "command_legacy": "/give @p minecraft:netherite_sword{CustomModelData:55} 1"
    },
    {
      "custom_model_data": 56,
      "model_name": "lambent_light_iron_sword",
      "original_file": "lambent_light_iron_sword.png",
      "command_1.20.5+": "/give @p minecraft:netherite_sword[custom_model_data=56]",
      "command_legacy": "/give @p minecraft:netherite_sword{CustomModelData:56} 1"
    },
    {
      "custom_model_data": 57,
      "model_name": "lambent_light_stone_sword",
      "original_file": "lambent_light_stone_sword.png",
      "command_1.20.5+": "/give @p minecraft:netherite_sword[custom_model_data=57]",
      "command_legacy": "/give @p minecraft:netherite_sword{CustomModelData:57} 1"
    },
    {
      "custom_model_data": 58,
      "model_name": "lambent_light_wood_sword",
      "original_file": "lambent_light_wood_sword.png",
      "command_1.20.5+": "/give @p minecraft:netherite_sword[custom_model_data=58]",
      "command_legacy": "/give @p minecraft:netherite_sword{CustomModelData:58} 1"
    },
    {
      "custom_model_data": 59,
      "model_name": "liberator_diamond_sword",
      "original_file": "liberator_diamond_sword.png",
      "command_1.20.5+": "/give @p minecraft:netherite_sword[custom_model_data=59]",
      "command_legacy": "/give @p minecraft:netherite_sword{CustomModelData:59} 1"
    },
    {
      "custom_model_data": 60,
      "model_name": "liberator_gold_sword",
      "original_file": "liberator_gold_sword.png",
      "command_1.20.5+": "/give @p minecraft:netherite_sword[custom_model_data=60]",
      "command_legacy": "/give @p minecraft:netherite_sword{CustomModelData:60} 1"
    },
    {
      "custom_model_data": 61,
      "model_name": "liberator_iron_sword",
      "original_file": "liberator_iron_sword.png",
      "command_1.20.5+": "/give @p minecraft:netherite_sword[custom_model_data=61]",
      "command_legacy": "/give @p minecraft:netherite_sword{CustomModelData:61} 1"
    },
    {
      "custom_model_data": 62,
      "model_name": "liberator_stone_sword",
      "original_file": "liberator_stone_sword.png",
      "command_1.20.5+": "/give @p minecraft:netherite_sword[custom_model_data=62]",
      "command_legacy": "/give @p minecraft:netherite_sword{CustomModelData:62} 1"
    },
    {
      "custom_model_data": 63,
      "model_name": "liberator_wood_sword",
      "original_file": "liberator_wood_sword.png",
      "command_1.20.5+": "/give @p minecraft:netherite_sword[custom_model_data=63]",
      "command_legacy": "/give @p minecraft:netherite_sword{CustomModelData:63} 1"
    },
    {
      "custom_model_data": 64,
      "model_name": "netherite_sword_1",
      "original_file": "netherite_sword_1.png",
      "command_1.20.5+": "/give @p minecraft:netherite_sword[custom_model_data=64]",
      "command_legacy": "/give @p minecraft:netherite_sword{CustomModelData:64} 1"
    },
    {
      "custom_model_data": 65,
      "model_name": "stone_sword_1",
      "original_file": "stone_sword_1.png",
      "command_1.20.5+": "/give @p minecraft:netherite_sword[custom_model_data=65]",
      "command_legacy": "/give @p minecraft:netherite_sword{CustomModelData:65} 1"
    },
    {
      "custom_model_data": 66,
      "model_name": "sword_1",
      "original_file": "sword_1.png",
      "command_1.20.5+": "/give @p minecraft:netherite_sword[custom_model_data=66]",
      "command_legacy": "/give @p minecraft:netherite_sword{CustomModelData:66} 1"
    },
    {
      "custom_model_data": 67,
      "model_name": "sword_10_1",
      "original_file": "sword_10_1.png",
      "command_1.20.5+": "/give @p minecraft:netherite_sword[custom_model_data=67]",
      "command_legacy": "/give @p minecraft:netherite_sword{CustomModelData:67} 1"
    },
    {
      "custom_model_data": 68,
      "model_name": "sword_10_2",
      "original_file": "sword_10_2.png",
      "command_1.20.5+": "/give @p minecraft:netherite_sword[custom_model_data=68]",
      "command_legacy": "/give @p minecraft:netherite_sword{CustomModelData:68} 1"
    },
    {
      "custom_model_data": 69,
      "model_name": "sword_10_3",
      "original_file": "sword_10_3.png",
      "command_1.20.5+": "/give @p minecraft:netherite_sword[custom_model_data=69]",
      "command_legacy": "/give @p minecraft:netherite_sword{CustomModelData:69} 1"
    },
    {
      "custom_model_data": 70,
      "model_name": "sword_10_4",
      "original_file": "sword_10_4.png",
      "command_1.20.5+": "/give @p minecraft:netherite_sword[custom_model_data=70]",
      "command_legacy": "/give @p minecraft:netherite_sword{CustomModelData:70} 1"
    },
    {
      "custom_model_data": 71,
      "model_name": "sword_2",
      "original_file": "sword_2.png",
      "command_1.20.5+": "/give @p minecraft:netherite_sword[custom_model_data=71]",
      "command_legacy": "/give @p minecraft:netherite_sword{CustomModelData:71} 1"
    },
    {
      "custom_model_data": 72,
      "model_name": "sword_3",
      "original_file": "sword_3.png",
      "command_1.20.5+": "/give @p minecraft:netherite_sword[custom_model_data=72]",
      "command_legacy": "/give @p minecraft:netherite_sword{CustomModelData:72} 1"
    },
    {
      "custom_model_data": 73,
      "model_name": "sword_4",
      "original_file": "sword_4.png",
      "command_1.20.5+": "/give @p minecraft:netherite_sword[custom_model_data=73]",
      "command_legacy": "/give @p minecraft:netherite_sword{CustomModelData:73} 1"
    },
    {
      "custom_model_data": 74,
      "model_name": "sword_5",
      "original_file": "sword_5.png",
      "command_1.20.5+": "/give @p minecraft:netherite_sword[custom_model_data=74]",
      "command_legacy": "/give @p minecraft:netherite_sword{CustomModelData:74} 1"
    },
    {
      "custom_model_data": 75,
      "model_name": "sword_6",
      "original_file": "sword_6.png",
      "command_1.20.5+": "/give @p minecraft:netherite_sword[custom_model_data=75]",
      "command_legacy": "/give @p minecraft:netherite_sword{CustomModelData:75} 1"
    },
    {
      "custom_model_data": 76,
      "model_name": "sword_7",
      "original_file": "sword_7.png",
      "command_1.20.5+": "/give @p minecraft:netherite_sword[custom_model_data=76]",
      "command_legacy": "/give @p minecraft:netherite_sword{CustomModelData:76} 1"
    },
    {
      "custom_model_data": 77,
      "model_name": "sword_8",
      "original_file": "sword_8.png",
      "command_1.20.5+": "/give @p minecraft:netherite_sword[custom_model_data=77]",
      "command_legacy": "/give @p minecraft:netherite_sword{CustomModelData:77} 1"
    },
    {
      "custom_model_data": 78,
      "model_name": "sword_9",
      "original_file": "sword_9.png",
      "command_1.20.5+": "/give @p minecraft:netherite_sword[custom_model_data=78]",
      "command_legacy": "/give @p minecraft:netherite_sword{CustomModelData:78} 1"
    },
    {
      "custom_model_data": 79,
      "model_name": "tyrant_dragon_diamond_sword",
      "original_file": "tyrant_dragon_diamond_sword.png",
      "command_1.20.5+": "/give @p minecraft:netherite_sword[custom_model_data=79]",
      "command_legacy": "/give @p minecraft:netherite_sword{CustomModelData:79} 1"
    },
    {
      "custom_model_data": 80,
      "model_name": "tyrant_dragon_gold_sword",
      "original_file": "tyrant_dragon_gold_sword.png",
      "command_1.20.5+": "/give @p minecraft:netherite_sword[custom_model_data=80]",
      "command_legacy": "/give @p minecraft:netherite_sword{CustomModelData:80} 1"
    },
    {
      "custom_model_data": 81,
      "model_name": "tyrant_dragon_iron_sword",
      "original_file": "tyrant_dragon_iron_sword.png",
      "command_1.20.5+": "/give @p minecraft:netherite_sword[custom_model_data=81]",
      "command_legacy": "/give @p minecraft:netherite_sword{CustomModelData:81} 1"
    },
    {
      "custom_model_data": 82,
      "model_name": "tyrant_dragon_stone_sword",
      "original_file": "tyrant_dragon_stone_sword.png",
      "command_1.20.5+": "/give @p minecraft:netherite_sword[custom_model_data=82]",
      "command_legacy": "/give @p minecraft:netherite_sword{CustomModelData:82} 1"
    },
    {
      "custom_model_data": 83,
      "model_name": "tyrant_dragon_wood_sword",
      "original_file": "tyrant_dragon_wood_sword.png",
      "command_1.20.5+": "/give @p minecraft:netherite_sword[custom_model_data=83]",
      "command_legacy": "/give @p minecraft:netherite_sword{CustomModelData:83} 1"
    },
    {
      "custom_model_data": 84,
      "model_name": "wooden_sword_1",
      "original_file": "wooden_sword_1.png",
      "command_1.20.5+": "/give @p minecraft:netherite_sword[custom_model_data=84]",
      "command_legacy": "/give @p minecraft:netherite_sword{CustomModelData:84} 1"
    }
  ]
}