{"textures":{"0":"modelengine:entity/dojo_guardian","particle":"#0"},"elements":[{"from":[1.2292256,9.212651,0.86493015],"to":[3.3032255,10.422485,2.0747633],"faces":{"east":{"uv":[5.1175,11.1325,4.8825,11.3675],"tintindex":0,"rotation":0,"texture":"#0"},"south":{"uv":[3.3675,10.7575,3.0075,10.9925],"tintindex":0,"rotation":0,"texture":"#0"},"north":{"uv":[2.9925,10.7575,2.6325,10.9925],"tintindex":0,"rotation":0,"texture":"#0"},"west":{"uv":[4.8675,11.1325,4.6325,11.3675],"tintindex":0,"rotation":0,"texture":"#0"},"up":{"uv":[3.3825,10.9925,3.7425,10.7575],"tintindex":0,"rotation":0,"texture":"#0"},"down":{"uv":[10.7575,5.1325,11.1175,5.3675],"tintindex":0,"rotation":0,"texture":"#0"}},"rotation":{"origin":[8.0,6.651482,1.9221635],"angle":22.5,"axis":"y"}},{"from":[1.1071863,7.9069533,-4.1170454],"to":[3.1811867,9.980953,-2.043045],"faces":{"east":{"uv":[10.7425,5.1325,10.3825,5.4925],"tintindex":0,"rotation":0,"texture":"#0"},"south":{"uv":[3.9925,10.3825,3.6325,10.7425],"tintindex":0,"rotation":0,"texture":"#0"},"north":{"uv":[3.2425,10.3825,2.8825,10.7425],"tintindex":0,"rotation":0,"texture":"#0"},"west":{"uv":[3.6175,10.3825,3.2575,10.7425],"tintindex":0,"rotation":0,"texture":"#0"},"up":{"uv":[5.7575,10.7425,6.1175,10.3825],"tintindex":0,"rotation":0,"texture":"#0"},"down":{"uv":[6.1325,10.3825,6.4925,10.7425],"tintindex":0,"rotation":0,"texture":"#0"}},"rotation":{"origin":[8.0,6.651482,1.9221635],"angle":-22.5,"axis":"z"}},{"from":[6.790167,13.49317,-1.8390007],"to":[9.209833,16.258503,0.9263325],"faces":{"east":{"uv":[9.8825,9.1325,10.3675,9.6175],"tintindex":0,"rotation":0,"texture":"#0"},"south":{"uv":[9.8825,9.6325,10.3675,10.1175],"tintindex":0,"rotation":0,"texture":"#0"},"north":{"uv":[7.7575,9.8825,8.2425,10.3675],"tintindex":0,"rotation":0,"texture":"#0"},"west":{"uv":[2.0075,10.0075,2.4925,10.4925],"tintindex":0,"rotation":0,"texture":"#0"},"up":{"uv":[10.4925,2.7425,10.0075,2.2575],"tintindex":0,"rotation":0,"texture":"#0"},"down":{"uv":[10.4925,3.8825,10.0075,4.3675],"tintindex":0,"rotation":0,"texture":"#0"}},"rotation":{"origin":[8.0,6.651482,1.9221635],"angle":-22.5,"axis":"x"}},{"from":[10.58028,9.212651,-4.2447395],"to":[12.654281,10.422485,-3.0349073],"faces":{"east":{"uv":[4.6325,11.1325,4.8675,11.3675],"tintindex":0,"rotation":0,"texture":"#0"},"south":{"uv":[3.0075,10.7575,3.3675,10.9925],"tintindex":0,"rotation":0,"texture":"#0"},"north":{"uv":[2.6325,10.7575,2.9925,10.9925],"tintindex":0,"rotation":0,"texture":"#0"},"west":{"uv":[4.8825,11.1325,5.1175,11.3675],"tintindex":0,"rotation":0,"texture":"#0"},"up":{"uv":[3.7425,10.9925,3.3825,10.7575],"tintindex":0,"rotation":0,"texture":"#0"},"down":{"uv":[11.1175,5.1325,10.7575,5.3675],"tintindex":0,"rotation":0,"texture":"#0"}},"rotation":{"origin":[8.0,6.651482,1.9221635],"angle":-22.5,"axis":"y"}},{"from":[4.543333,5.503485,-3.598545],"to":[11.456667,11.034152,3.3147883],"faces":{"east":{"uv":[0.0075,4.3825,1.2425,5.3675],"tintindex":0,"rotation":0,"texture":"#0"},"south":{"uv":[4.5075,0.0075,5.7425,0.9925],"tintindex":0,"rotation":0,"texture":"#0"},"north":{"uv":[4.2575,3.7575,5.4925,4.7425],"tintindex":0,"rotation":0,"texture":"#0"},"west":{"uv":[4.5075,1.0075,5.7425,1.9925],"tintindex":0,"rotation":0,"texture":"#0"},"up":{"uv":[4.4925,1.2425,3.2575,0.0075],"tintindex":0,"rotation":0,"texture":"#0"},"down":{"uv":[4.4925,1.2575,3.2575,2.4925],"tintindex":0,"rotation":0,"texture":"#0"}}},{"from":[7.6543336,18.716635,-4.2976027],"to":[8.345667,20.0993,-3.6062698],"faces":{"east":{"uv":[3.0075,7.0075,3.1175,7.2425],"tintindex":0,"rotation":0,"texture":"#0"},"south":{"uv":[3.0075,7.2575,3.1175,7.4925],"tintindex":0,"rotation":0,"texture":"#0"},"north":{"uv":[6.8825,3.1325,6.9925,3.3675],"tintindex":0,"rotation":0,"texture":"#0"},"west":{"uv":[3.8825,8.2575,3.9925,8.4925],"tintindex":0,"rotation":0,"texture":"#0"},"up":{"uv":[11.3675,10.4925,11.2575,10.3825],"tintindex":0,"rotation":0,"texture":"#0"},"down":{"uv":[10.6175,11.2575,10.5075,11.3675],"tintindex":0,"rotation":0,"texture":"#0"}},"rotation":{"origin":[8.0,6.651482,1.9221635],"angle":-22.5,"axis":"x"}},{"from":[12.818813,7.9069533,-4.1170454],"to":[14.892814,9.980953,-2.043045],"faces":{"east":{"uv":[3.2575,10.3825,3.6175,10.7425],"tintindex":0,"rotation":0,"texture":"#0"},"south":{"uv":[3.6325,10.3825,3.9925,10.7425],"tintindex":0,"rotation":0,"texture":"#0"},"north":{"uv":[2.8825,10.3825,3.2425,10.7425],"tintindex":0,"rotation":0,"texture":"#0"},"west":{"uv":[10.3825,5.1325,10.7425,5.4925],"tintindex":0,"rotation":0,"texture":"#0"},"up":{"uv":[6.1175,10.7425,5.7575,10.3825],"tintindex":0,"rotation":0,"texture":"#0"},"down":{"uv":[6.4925,10.3825,6.1325,10.7425],"tintindex":0,"rotation":0,"texture":"#0"}},"rotation":{"origin":[8.0,6.651482,1.9221635],"angle":22.5,"axis":"z"}},{"from":[9.904784,9.385486,-5.2056313],"to":[11.978785,10.249652,-4.341465],"faces":{"east":{"uv":[11.0075,11.3825,11.1175,11.4925],"tintindex":0,"rotation":0,"texture":"#0"},"south":{"uv":[11.1325,9.6325,11.4925,9.7425],"tintindex":0,"rotation":0,"texture":"#0"},"north":{"uv":[11.1325,9.5075,11.4925,9.6175],"tintindex":0,"rotation":0,"texture":"#0"},"west":{"uv":[11.1325,11.3825,11.2425,11.4925],"tintindex":0,"rotation":0,"texture":"#0"},"up":{"uv":[11.4925,9.8675,11.1325,9.7575],"tintindex":0,"rotation":0,"texture":"#0"},"down":{"uv":[10.3675,11.1325,10.0075,11.2425],"tintindex":0,"rotation":0,"texture":"#0"}},"rotation":{"origin":[8.0,6.651482,1.9221635],"angle":-45.0,"axis":"y"}},{"from":[17.709099,4.394922,-2.7512999],"to":[19.783098,5.2590885,-1.8871336],"faces":{"east":{"uv":[9.3825,11.3825,9.4925,11.4925],"tintindex":0,"rotation":0,"texture":"#0"},"south":{"uv":[9.1325,0.7575,9.4925,0.8675],"tintindex":0,"rotation":0,"texture":"#0"},"north":{"uv":[9.0075,7.2575,9.3675,7.3675],"tintindex":0,"rotation":0,"texture":"#0"},"west":{"uv":[9.5075,11.3825,9.6175,11.4925],"tintindex":0,"rotation":0,"texture":"#0"},"up":{"uv":[9.8675,4.6175,9.5075,4.5075],"tintindex":0,"rotation":0,"texture":"#0"},"down":{"uv":[9.9925,7.6325,9.6325,7.7425],"tintindex":0,"rotation":0,"texture":"#0"}},"rotation":{"origin":[8.0,6.651482,1.9221635],"angle":45.0,"axis":"z"}},{"from":[7.4815,13.505381,-2.329668],"to":[8.5185,14.888046,-0.9470005],"faces":{"east":{"uv":[5.7575,10.0075,5.9925,10.2425],"tintindex":0,"rotation":0,"texture":"#0"},"south":{"uv":[5.1325,10.1325,5.3675,10.3675],"tintindex":0,"rotation":0,"texture":"#0"},"north":{"uv":[3.1325,9.8825,3.3675,10.1175],"tintindex":0,"rotation":0,"texture":"#0"},"west":{"uv":[9.0075,10.2575,9.2425,10.4925],"tintindex":0,"rotation":0,"texture":"#0"},"up":{"uv":[5.3675,10.6175,5.1325,10.3825],"tintindex":0,"rotation":0,"texture":"#0"},"down":{"uv":[7.2425,10.7575,7.0075,10.9925],"tintindex":0,"rotation":0,"texture":"#0"}},"rotation":{"origin":[8.0,6.651482,1.9221635],"angle":45.0,"axis":"x"}},{"from":[7.4815,14.483073,0.11456537],"to":[8.5185,15.86574,1.4972315],"faces":{"east":{"uv":[5.7575,10.0075,5.9925,10.2425],"tintindex":0,"rotation":0,"texture":"#0"},"south":{"uv":[5.1325,10.1325,5.3675,10.3675],"tintindex":0,"rotation":0,"texture":"#0"},"north":{"uv":[3.1325,9.8825,3.3675,10.1175],"tintindex":0,"rotation":0,"texture":"#0"},"west":{"uv":[9.0075,10.2575,9.2425,10.4925],"tintindex":0,"rotation":0,"texture":"#0"},"up":{"uv":[5.3675,10.6175,5.1325,10.3825],"tintindex":0,"rotation":0,"texture":"#0"},"down":{"uv":[7.2425,10.7575,7.0075,10.9925],"tintindex":0,"rotation":0,"texture":"#0"}},"rotation":{"origin":[8.0,6.651482,1.9221635],"angle":45.0,"axis":"x"}},{"from":[6.6173334,8.100068,-7.5689087],"to":[9.382667,10.865402,-4.8035765],"faces":{"east":{"uv":[8.2575,9.7575,8.7425,10.2425],"tintindex":0,"rotation":0,"texture":"#0"},"south":{"uv":[8.7575,9.7575,9.2425,10.2425],"tintindex":0,"rotation":0,"texture":"#0"},"north":{"uv":[9.7575,8.1325,10.2425,8.6175],"tintindex":0,"rotation":0,"texture":"#0"},"west":{"uv":[0.5075,9.8825,0.9925,10.3675],"tintindex":0,"rotation":0,"texture":"#0"},"up":{"uv":[1.4925,10.3675,1.0075,9.8825],"tintindex":0,"rotation":0,"texture":"#0"},"down":{"uv":[1.9925,9.8825,1.5075,10.3675],"tintindex":0,"rotation":0,"texture":"#0"}},"rotation":{"origin":[8.0,6.651482,1.9221635],"angle":22.5,"axis":"x"}},{"from":[3.8519998,8.095985,4.4814134],"to":[12.148001,9.997151,10.897852],"faces":{"east":{"uv":[9.0075,0.8825,10.1175,1.2425],"tintindex":0,"rotation":0,"texture":"#0"},"south":{"uv":[7.8825,3.1325,9.3675,3.4925],"tintindex":0,"rotation":0,"texture":"#0"},"north":{"uv":[7.8825,2.7575,9.3675,3.1175],"tintindex":0,"rotation":0,"texture":"#0"},"west":{"uv":[9.0075,3.5075,10.1175,3.8675],"tintindex":0,"rotation":0,"texture":"#0"},"up":{"uv":[3.2425,4.1175,1.7575,3.0075],"tintindex":0,"rotation":0,"texture":"#0"},"down":{"uv":[1.4925,3.2575,0.0075,4.3675],"tintindex":0,"rotation":0,"texture":"#0"}}},{"from":[11.86017,9.385486,-3.250246],"to":[13.934171,10.249652,-2.3860798],"faces":{"east":{"uv":[11.0075,11.3825,11.1175,11.4925],"tintindex":0,"rotation":0,"texture":"#0"},"south":{"uv":[11.1325,9.6325,11.4925,9.7425],"tintindex":0,"rotation":0,"texture":"#0"},"north":{"uv":[11.1325,9.5075,11.4925,9.6175],"tintindex":0,"rotation":0,"texture":"#0"},"west":{"uv":[11.1325,11.3825,11.2425,11.4925],"tintindex":0,"rotation":0,"texture":"#0"},"up":{"uv":[11.4925,9.8675,11.1325,9.7575],"tintindex":0,"rotation":0,"texture":"#0"},"down":{"uv":[10.3675,11.1325,10.0075,11.2425],"tintindex":0,"rotation":0,"texture":"#0"}},"rotation":{"origin":[8.0,6.651482,1.9221635],"angle":-45.0,"axis":"y"}},{"from":[7.1358333,12.910488,-5.6614866],"to":[8.864166,14.293155,-3.5874863],"faces":{"east":{"uv":[10.6325,7.8825,10.9925,8.1175],"tintindex":0,"rotation":0,"texture":"#0"},"south":{"uv":[8.0075,10.6325,8.3675,10.8675],"tintindex":0,"rotation":0,"texture":"#0"},"north":{"uv":[10.6325,7.6325,10.9925,7.8675],"tintindex":0,"rotation":0,"texture":"#0"},"west":{"uv":[10.6325,8.1325,10.9925,8.3675],"tintindex":0,"rotation":0,"texture":"#0"},"up":{"uv":[6.8675,10.7425,6.5075,10.3825],"tintindex":0,"rotation":0,"texture":"#0"},"down":{"uv":[10.7425,6.6325,10.3825,6.9925],"tintindex":0,"rotation":0,"texture":"#0"}},"rotation":{"origin":[8.0,6.651482,1.9221635],"angle":22.5,"axis":"x"}},{"from":[2.0658293,9.385486,-3.250246],"to":[4.1398296,10.249652,-2.3860798],"faces":{"east":{"uv":[11.2425,11.3825,11.1325,11.4925],"tintindex":0,"rotation":0,"texture":"#0"},"south":{"uv":[11.4925,9.6325,11.1325,9.7425],"tintindex":0,"rotation":0,"texture":"#0"},"north":{"uv":[11.4925,9.5075,11.1325,9.6175],"tintindex":0,"rotation":0,"texture":"#0"},"west":{"uv":[11.1175,11.3825,11.0075,11.4925],"tintindex":0,"rotation":0,"texture":"#0"},"up":{"uv":[11.1325,9.8675,11.4925,9.7575],"tintindex":0,"rotation":0,"texture":"#0"},"down":{"uv":[10.0075,11.1325,10.3675,11.2425],"tintindex":0,"rotation":0,"texture":"#0"}},"rotation":{"origin":[8.0,6.651482,1.9221635],"angle":45.0,"axis":"y"}},{"from":[5.234667,6.1948185,3.3147883],"to":[10.765333,10.342819,9.536788],"faces":{"east":{"uv":[4.7575,6.0075,5.8675,6.7425],"tintindex":0,"rotation":0,"texture":"#0"},"south":{"uv":[0.0075,7.1325,0.9925,7.8675],"tintindex":0,"rotation":0,"texture":"#0"},"north":{"uv":[7.0075,1.2575,7.9925,1.9925],"tintindex":0,"rotation":0,"texture":"#0"},"west":{"uv":[5.8825,6.0075,6.9925,6.7425],"tintindex":0,"rotation":0,"texture":"#0"},"up":{"uv":[0.9925,6.4925,0.0075,5.3825],"tintindex":0,"rotation":0,"texture":"#0"},"down":{"uv":[1.9925,5.3825,1.0075,6.4925],"tintindex":0,"rotation":0,"texture":"#0"}}},{"from":[7.6543336,11.135482,9.731096],"to":[8.345667,11.826816,11.113764],"faces":{"east":{"uv":[3.7575,10.7575,3.9925,10.8675],"tintindex":0,"rotation":0,"texture":"#0"},"south":{"uv":[9.7575,11.3825,9.8675,11.4925],"tintindex":0,"rotation":0,"texture":"#0"},"north":{"uv":[9.6325,11.3825,9.7425,11.4925],"tintindex":0,"rotation":0,"texture":"#0"},"west":{"uv":[10.8825,6.2575,11.1175,6.3675],"tintindex":0,"rotation":0,"texture":"#0"},"up":{"uv":[11.3675,4.9925,11.2575,4.7575],"tintindex":0,"rotation":0,"texture":"#0"},"down":{"uv":[5.6175,11.2575,5.5075,11.4925],"tintindex":0,"rotation":0,"texture":"#0"}},"rotation":{"origin":[8.0,6.651482,1.9221635],"angle":-22.5,"axis":"x"}},{"from":[11.638527,9.212651,-1.6899052],"to":[13.712527,10.422485,-0.48007202],"faces":{"east":{"uv":[4.6325,11.1325,4.8675,11.3675],"tintindex":0,"rotation":0,"texture":"#0"},"south":{"uv":[3.0075,10.7575,3.3675,10.9925],"tintindex":0,"rotation":0,"texture":"#0"},"north":{"uv":[2.6325,10.7575,2.9925,10.9925],"tintindex":0,"rotation":0,"texture":"#0"},"west":{"uv":[4.8825,11.1325,5.1175,11.3675],"tintindex":0,"rotation":0,"texture":"#0"},"up":{"uv":[3.7425,10.9925,3.3825,10.7575],"tintindex":0,"rotation":0,"texture":"#0"},"down":{"uv":[11.1175,5.1325,10.7575,5.3675],"tintindex":0,"rotation":0,"texture":"#0"}},"rotation":{"origin":[8.0,6.651482,1.9221635],"angle":-22.5,"axis":"y"}},{"from":[13.815557,9.385486,-1.2948599],"to":[15.889557,10.249652,-0.43069363],"faces":{"east":{"uv":[11.0075,11.3825,11.1175,11.4925],"tintindex":0,"rotation":0,"texture":"#0"},"south":{"uv":[11.1325,9.6325,11.4925,9.7425],"tintindex":0,"rotation":0,"texture":"#0"},"north":{"uv":[11.1325,9.5075,11.4925,9.6175],"tintindex":0,"rotation":0,"texture":"#0"},"west":{"uv":[11.1325,11.3825,11.2425,11.4925],"tintindex":0,"rotation":0,"texture":"#0"},"up":{"uv":[11.4925,9.8675,11.1325,9.7575],"tintindex":0,"rotation":0,"texture":"#0"},"down":{"uv":[10.3675,11.1325,10.0075,11.2425],"tintindex":0,"rotation":0,"texture":"#0"}},"rotation":{"origin":[8.0,6.651482,1.9221635],"angle":-45.0,"axis":"y"}},{"from":[3.8519998,8.268819,-4.289879],"to":[12.148001,12.416819,4.0061216],"faces":{"east":{"uv":[5.3825,2.7575,6.8675,3.4925],"tintindex":0,"rotation":0,"texture":"#0"},"south":{"uv":[2.0075,5.5075,3.4925,6.2425],"tintindex":0,"rotation":0,"texture":"#0"},"north":{"uv":[5.3825,2.0075,6.8675,2.7425],"tintindex":0,"rotation":0,"texture":"#0"},"west":{"uv":[5.5075,3.5075,6.9925,4.2425],"tintindex":0,"rotation":0,"texture":"#0"},"up":{"uv":[3.2425,1.4925,1.7575,0.0075],"tintindex":0,"rotation":0,"texture":"#0"},"down":{"uv":[3.2425,1.5075,1.7575,2.9925],"tintindex":0,"rotation":0,"texture":"#0"}}},{"from":[-3.7830982,4.394922,-2.7512999],"to":[-1.7090979,5.2590885,-1.8871336],"faces":{"east":{"uv":[9.6175,11.3825,9.5075,11.4925],"tintindex":0,"rotation":0,"texture":"#0"},"south":{"uv":[9.4925,0.7575,9.1325,0.8675],"tintindex":0,"rotation":0,"texture":"#0"},"north":{"uv":[9.3675,7.2575,9.0075,7.3675],"tintindex":0,"rotation":0,"texture":"#0"},"west":{"uv":[9.4925,11.3825,9.3825,11.4925],"tintindex":0,"rotation":0,"texture":"#0"},"up":{"uv":[9.5075,4.6175,9.8675,4.5075],"tintindex":0,"rotation":0,"texture":"#0"},"down":{"uv":[9.6325,7.6325,9.9925,7.7425],"tintindex":0,"rotation":0,"texture":"#0"}},"rotation":{"origin":[8.0,6.651482,1.9221635],"angle":-45.0,"axis":"z"}},{"from":[0.11044359,9.385486,-1.2948599],"to":[2.1844435,10.249652,-0.43069363],"faces":{"east":{"uv":[11.2425,11.3825,11.1325,11.4925],"tintindex":0,"rotation":0,"texture":"#0"},"south":{"uv":[11.4925,9.6325,11.1325,9.7425],"tintindex":0,"rotation":0,"texture":"#0"},"north":{"uv":[11.4925,9.5075,11.1325,9.6175],"tintindex":0,"rotation":0,"texture":"#0"},"west":{"uv":[11.1175,11.3825,11.0075,11.4925],"tintindex":0,"rotation":0,"texture":"#0"},"up":{"uv":[11.1325,9.8675,11.4925,9.7575],"tintindex":0,"rotation":0,"texture":"#0"},"down":{"uv":[10.0075,11.1325,10.3675,11.2425],"tintindex":0,"rotation":0,"texture":"#0"}},"rotation":{"origin":[8.0,6.651482,1.9221635],"angle":45.0,"axis":"y"}},{"from":[7.1358333,12.691318,-2.577528],"to":[8.864166,14.073985,-0.50352764],"faces":{"east":{"uv":[10.6325,7.8825,10.9925,8.1175],"tintindex":0,"rotation":0,"texture":"#0"},"south":{"uv":[8.0075,10.6325,8.3675,10.8675],"tintindex":0,"rotation":0,"texture":"#0"},"north":{"uv":[10.6325,7.6325,10.9925,7.8675],"tintindex":0,"rotation":0,"texture":"#0"},"west":{"uv":[10.6325,8.1325,10.9925,8.3675],"tintindex":0,"rotation":0,"texture":"#0"},"up":{"uv":[6.8675,10.7425,6.5075,10.3825],"tintindex":0,"rotation":0,"texture":"#0"},"down":{"uv":[10.7425,6.6325,10.3825,6.9925],"tintindex":0,"rotation":0,"texture":"#0"}},"rotation":{"origin":[8.0,6.651482,1.9221635],"angle":22.5,"axis":"x"}},{"from":[7.6543336,9.411129,11.635875],"to":[8.345667,10.102463,13.018541],"faces":{"east":{"uv":[3.7575,10.7575,3.9925,10.8675],"tintindex":0,"rotation":0,"texture":"#0"},"south":{"uv":[9.7575,11.3825,9.8675,11.4925],"tintindex":0,"rotation":0,"texture":"#0"},"north":{"uv":[9.6325,11.3825,9.7425,11.4925],"tintindex":0,"rotation":0,"texture":"#0"},"west":{"uv":[10.8825,6.2575,11.1175,6.3675],"tintindex":0,"rotation":0,"texture":"#0"},"up":{"uv":[11.3675,4.9925,11.2575,4.7575],"tintindex":0,"rotation":0,"texture":"#0"},"down":{"uv":[5.6175,11.2575,5.5075,11.4925],"tintindex":0,"rotation":0,"texture":"#0"}},"rotation":{"origin":[8.0,6.651482,1.9221635],"angle":-22.5,"axis":"x"}},{"from":[7.4815,10.816725,-7.9514027],"to":[8.5185,12.19939,-6.568736],"faces":{"east":{"uv":[5.7575,10.0075,5.9925,10.2425],"tintindex":0,"rotation":0,"texture":"#0"},"south":{"uv":[5.1325,10.1325,5.3675,10.3675],"tintindex":0,"rotation":0,"texture":"#0"},"north":{"uv":[3.1325,9.8825,3.3675,10.1175],"tintindex":0,"rotation":0,"texture":"#0"},"west":{"uv":[9.0075,10.2575,9.2425,10.4925],"tintindex":0,"rotation":0,"texture":"#0"},"up":{"uv":[5.3675,10.6175,5.1325,10.3825],"tintindex":0,"rotation":0,"texture":"#0"},"down":{"uv":[7.2425,10.7575,7.0075,10.9925],"tintindex":0,"rotation":0,"texture":"#0"}},"rotation":{"origin":[8.0,6.651482,1.9221635],"angle":45.0,"axis":"x"}},{"from":[7.3086667,4.812624,-11.73806],"to":[8.691333,6.1952906,-9.664059],"faces":{"east":{"uv":[3.6325,8.8825,3.9925,9.1175],"tintindex":0,"rotation":0,"texture":"#0"},"south":{"uv":[1.2575,4.6325,1.4925,4.8675],"tintindex":0,"rotation":0,"texture":"#0"},"north":{"uv":[1.2575,4.3825,1.4925,4.6175],"tintindex":0,"rotation":0,"texture":"#0"},"west":{"uv":[6.8825,9.1325,7.2425,9.3675],"tintindex":0,"rotation":0,"texture":"#0"},"up":{"uv":[1.7425,3.6175,1.5075,3.2575],"tintindex":0,"rotation":0,"texture":"#0"},"down":{"uv":[1.7425,3.6325,1.5075,3.9925],"tintindex":0,"rotation":0,"texture":"#0"}},"rotation":{"origin":[8.0,6.651482,1.9221635],"angle":45.0,"axis":"x"}},{"from":[3.3457198,9.212651,-4.2447395],"to":[5.41972,10.422485,-3.0349073],"faces":{"east":{"uv":[5.1175,11.1325,4.8825,11.3675],"tintindex":0,"rotation":0,"texture":"#0"},"south":{"uv":[3.3675,10.7575,3.0075,10.9925],"tintindex":0,"rotation":0,"texture":"#0"},"north":{"uv":[2.9925,10.7575,2.6325,10.9925],"tintindex":0,"rotation":0,"texture":"#0"},"west":{"uv":[4.8675,11.1325,4.6325,11.3675],"tintindex":0,"rotation":0,"texture":"#0"},"up":{"uv":[3.3825,10.9925,3.7425,10.7575],"tintindex":0,"rotation":0,"texture":"#0"},"down":{"uv":[10.7575,5.1325,11.1175,5.3675],"tintindex":0,"rotation":0,"texture":"#0"}},"rotation":{"origin":[8.0,6.651482,1.9221635],"angle":22.5,"axis":"y"}},{"from":[5.234667,7.5774856,-4.9812117],"to":[10.765333,11.034152,1.9321218],"faces":{"east":{"uv":[6.2575,5.0075,7.4925,5.6175],"tintindex":0,"rotation":0,"texture":"#0"},"south":{"uv":[3.0075,7.6325,3.9925,8.2425],"tintindex":0,"rotation":0,"texture":"#0"},"north":{"uv":[7.5075,7.1325,8.4925,7.7425],"tintindex":0,"rotation":0,"texture":"#0"},"west":{"uv":[0.0075,6.5075,1.2425,7.1175],"tintindex":0,"rotation":0,"texture":"#0"},"up":{"uv":[5.2425,5.9925,4.2575,4.7575],"tintindex":0,"rotation":0,"texture":"#0"},"down":{"uv":[6.2425,4.7575,5.2575,5.9925],"tintindex":0,"rotation":0,"texture":"#0"}}},{"from":[6.963,8.763129,-9.632637],"to":[9.037,10.83713,-7.5586357],"faces":{"east":{"uv":[10.2575,8.0075,10.6175,8.3675],"tintindex":0,"rotation":0,"texture":"#0"},"south":{"uv":[8.2575,10.2575,8.6175,10.6175],"tintindex":0,"rotation":0,"texture":"#0"},"north":{"uv":[9.1325,6.1325,9.4925,6.4925],"tintindex":0,"rotation":0,"texture":"#0"},"west":{"uv":[8.6325,10.2575,8.9925,10.6175],"tintindex":0,"rotation":0,"texture":"#0"},"up":{"uv":[0.7425,10.7425,0.3825,10.3825],"tintindex":0,"rotation":0,"texture":"#0"},"down":{"uv":[1.1175,10.3825,0.7575,10.7425],"tintindex":0,"rotation":0,"texture":"#0"}},"rotation":{"origin":[8.0,6.651482,1.9221635],"angle":22.5,"axis":"x"}},{"from":[5.580333,9.817983,0.021713734],"to":[10.419666,14.657316,4.8610473],"faces":{"east":{"uv":[6.8825,2.0075,7.7425,2.8675],"tintindex":0,"rotation":0,"texture":"#0"},"south":{"uv":[1.2575,7.0075,2.1175,7.8675],"tintindex":0,"rotation":0,"texture":"#0"},"north":{"uv":[6.6325,6.7575,7.4925,7.6175],"tintindex":0,"rotation":0,"texture":"#0"},"west":{"uv":[2.1325,7.0075,2.9925,7.8675],"tintindex":0,"rotation":0,"texture":"#0"},"up":{"uv":[7.8675,3.7425,7.0075,2.8825],"tintindex":0,"rotation":0,"texture":"#0"},"down":{"uv":[7.8675,5.6325,7.0075,6.4925],"tintindex":0,"rotation":0,"texture":"#0"}},"rotation":{"origin":[8.0,6.651482,1.9221635],"angle":22.5,"axis":"x"}},{"from":[7.6543336,17.184414,3.2571201],"to":[8.345667,17.875746,4.6397867],"faces":{"east":{"uv":[3.7575,10.7575,3.9925,10.8675],"tintindex":0,"rotation":0,"texture":"#0"},"south":{"uv":[9.7575,11.3825,9.8675,11.4925],"tintindex":0,"rotation":0,"texture":"#0"},"north":{"uv":[9.6325,11.3825,9.7425,11.4925],"tintindex":0,"rotation":0,"texture":"#0"},"west":{"uv":[10.8825,6.2575,11.1175,6.3675],"tintindex":0,"rotation":0,"texture":"#0"},"up":{"uv":[11.3675,4.9925,11.2575,4.7575],"tintindex":0,"rotation":0,"texture":"#0"},"down":{"uv":[5.6175,11.2575,5.5075,11.4925],"tintindex":0,"rotation":0,"texture":"#0"}},"rotation":{"origin":[8.0,6.651482,1.9221635],"angle":-22.5,"axis":"x"}},{"from":[3.1606665,8.787318,-4.5059204],"to":[12.839334,10.688485,4.675851],"faces":{"east":{"uv":[4.0075,7.6325,5.6175,7.9925],"tintindex":0,"rotation":0,"texture":"#0"},"south":{"uv":[7.3825,4.6325,9.1175,4.9925],"tintindex":0,"rotation":0,"texture":"#0"},"north":{"uv":[7.2575,0.8825,8.9925,1.2425],"tintindex":0,"rotation":0,"texture":"#0"},"west":{"uv":[5.6325,7.6325,7.2425,7.9925],"tintindex":0,"rotation":0,"texture":"#0"},"up":{"uv":[1.7425,1.6175,0.0075,0.0075],"tintindex":0,"rotation":0,"texture":"#0"},"down":{"uv":[1.7425,1.6325,0.0075,3.2425],"tintindex":0,"rotation":0,"texture":"#0"}}},{"from":[7.6543336,13.019511,7.8924584],"to":[8.345667,13.710845,9.2751255],"faces":{"east":{"uv":[3.7575,10.7575,3.9925,10.8675],"tintindex":0,"rotation":0,"texture":"#0"},"south":{"uv":[9.7575,11.3825,9.8675,11.4925],"tintindex":0,"rotation":0,"texture":"#0"},"north":{"uv":[9.6325,11.3825,9.7425,11.4925],"tintindex":0,"rotation":0,"texture":"#0"},"west":{"uv":[10.8825,6.2575,11.1175,6.3675],"tintindex":0,"rotation":0,"texture":"#0"},"up":{"uv":[11.3675,4.9925,11.2575,4.7575],"tintindex":0,"rotation":0,"texture":"#0"},"down":{"uv":[5.6175,11.2575,5.5075,11.4925],"tintindex":0,"rotation":0,"texture":"#0"}},"rotation":{"origin":[8.0,6.651482,1.9221635],"angle":-22.5,"axis":"x"}},{"from":[4.0212154,9.385486,-5.2056313],"to":[6.095216,10.249652,-4.341465],"faces":{"east":{"uv":[11.2425,11.3825,11.1325,11.4925],"tintindex":0,"rotation":0,"texture":"#0"},"south":{"uv":[11.4925,9.6325,11.1325,9.7425],"tintindex":0,"rotation":0,"texture":"#0"},"north":{"uv":[11.4925,9.5075,11.1325,9.6175],"tintindex":0,"rotation":0,"texture":"#0"},"west":{"uv":[11.1175,11.3825,11.0075,11.4925],"tintindex":0,"rotation":0,"texture":"#0"},"up":{"uv":[11.1325,9.8675,11.4925,9.7575],"tintindex":0,"rotation":0,"texture":"#0"},"down":{"uv":[10.0075,11.1325,10.3675,11.2425],"tintindex":0,"rotation":0,"texture":"#0"}},"rotation":{"origin":[8.0,6.651482,1.9221635],"angle":45.0,"axis":"y"}},{"from":[5.234667,9.5251665,-5.832634],"to":[10.765333,12.981833,2.4633665],"faces":{"east":{"uv":[5.7575,0.0075,7.2425,0.6175],"tintindex":0,"rotation":0,"texture":"#0"},"south":{"uv":[7.5075,6.5075,8.4925,7.1175],"tintindex":0,"rotation":0,"texture":"#0"},"north":{"uv":[7.5075,5.0075,8.4925,5.6175],"tintindex":0,"rotation":0,"texture":"#0"},"west":{"uv":[5.7575,0.6325,7.2425,1.2425],"tintindex":0,"rotation":0,"texture":"#0"},"up":{"uv":[4.2425,3.9925,3.2575,2.5075],"tintindex":0,"rotation":0,"texture":"#0"},"down":{"uv":[4.2425,4.0075,3.2575,5.4925],"tintindex":0,"rotation":0,"texture":"#0"}},"rotation":{"origin":[8.0,6.651482,1.9221635],"angle":22.5,"axis":"x"}},{"from":[5.66675,12.308357,3.4739885],"to":[10.33325,13.691024,6.239322],"faces":{"east":{"uv":[1.8825,10.5075,2.3675,10.7425],"tintindex":0,"rotation":0,"texture":"#0"},"south":{"uv":[3.1325,10.1325,3.9925,10.3675],"tintindex":0,"rotation":0,"texture":"#0"},"north":{"uv":[10.1325,0.8825,10.9925,1.1175],"tintindex":0,"rotation":0,"texture":"#0"},"west":{"uv":[10.5075,2.2575,10.9925,2.4925],"tintindex":0,"rotation":0,"texture":"#0"},"up":{"uv":[9.7425,1.7425,8.8825,1.2575],"tintindex":0,"rotation":0,"texture":"#0"},"down":{"uv":[3.6175,8.8825,2.7575,9.3675],"tintindex":0,"rotation":0,"texture":"#0"}},"rotation":{"origin":[8.0,6.651482,1.9221635],"angle":-22.5,"axis":"x"}},{"from":[7.6543336,14.848747,5.282831],"to":[8.345667,15.540081,6.665498],"faces":{"east":{"uv":[3.7575,10.7575,3.9925,10.8675],"tintindex":0,"rotation":0,"texture":"#0"},"south":{"uv":[9.7575,11.3825,9.8675,11.4925],"tintindex":0,"rotation":0,"texture":"#0"},"north":{"uv":[9.6325,11.3825,9.7425,11.4925],"tintindex":0,"rotation":0,"texture":"#0"},"west":{"uv":[10.8825,6.2575,11.1175,6.3675],"tintindex":0,"rotation":0,"texture":"#0"},"up":{"uv":[11.3675,4.9925,11.2575,4.7575],"tintindex":0,"rotation":0,"texture":"#0"},"down":{"uv":[5.6175,11.2575,5.5075,11.4925],"tintindex":0,"rotation":0,"texture":"#0"}},"rotation":{"origin":[8.0,6.651482,1.9221635],"angle":-22.5,"axis":"x"}},{"from":[6.083662,10.796987,-6.519577],"to":[8.157662,12.179653,-5.1369095],"faces":{"east":{"uv":[9.8675,7.3825,9.6325,7.6175],"tintindex":0,"rotation":0,"texture":"#0"},"south":{"uv":[10.9925,4.6325,10.6325,4.8675],"tintindex":0,"rotation":0,"texture":"#0"},"north":{"uv":[10.9925,4.3825,10.6325,4.6175],"tintindex":0,"rotation":0,"texture":"#0"},"west":{"uv":[7.7425,9.3825,7.5075,9.6175],"tintindex":0,"rotation":0,"texture":"#0"},"up":{"uv":[4.7575,10.8675,5.1175,10.6325],"tintindex":0,"rotation":0,"texture":"#0"},"down":{"uv":[10.6325,4.8825,10.9925,5.1175],"tintindex":0,"rotation":0,"texture":"#0"}},"rotation":{"origin":[8.0,6.651482,1.9221635],"angle":45.0,"axis":"y"}},{"from":[4.889,7.5774856,3.3147883],"to":[11.111,11.725486,10.228123],"faces":{"east":{"uv":[5.7575,1.2575,6.9925,1.9925],"tintindex":0,"rotation":0,"texture":"#0"},"south":{"uv":[6.2575,4.2575,7.3675,4.9925],"tintindex":0,"rotation":0,"texture":"#0"},"north":{"uv":[2.0075,6.2575,3.1175,6.9925],"tintindex":0,"rotation":0,"texture":"#0"},"west":{"uv":[3.5075,6.0075,4.7425,6.7425],"tintindex":0,"rotation":0,"texture":"#0"},"up":{"uv":[2.6175,5.3675,1.5075,4.1325],"tintindex":0,"rotation":0,"texture":"#0"},"down":{"uv":[5.3675,2.5075,4.2575,3.7425],"tintindex":0,"rotation":0,"texture":"#0"}}},{"from":[7.4815,11.794417,-5.018324],"to":[8.5185,13.177084,-3.6356564],"faces":{"east":{"uv":[5.7575,10.0075,5.9925,10.2425],"tintindex":0,"rotation":0,"texture":"#0"},"south":{"uv":[5.1325,10.1325,5.3675,10.3675],"tintindex":0,"rotation":0,"texture":"#0"},"north":{"uv":[3.1325,9.8825,3.3675,10.1175],"tintindex":0,"rotation":0,"texture":"#0"},"west":{"uv":[9.0075,10.2575,9.2425,10.4925],"tintindex":0,"rotation":0,"texture":"#0"},"up":{"uv":[5.3675,10.6175,5.1325,10.3825],"tintindex":0,"rotation":0,"texture":"#0"},"down":{"uv":[7.2425,10.7575,7.0075,10.9925],"tintindex":0,"rotation":0,"texture":"#0"}},"rotation":{"origin":[8.0,6.651482,1.9221635],"angle":45.0,"axis":"x"}},{"from":[7.4815,15.582977,2.4365854],"to":[8.5185,16.965645,3.8192525],"faces":{"east":{"uv":[5.7575,10.0075,5.9925,10.2425],"tintindex":0,"rotation":0,"texture":"#0"},"south":{"uv":[5.1325,10.1325,5.3675,10.3675],"tintindex":0,"rotation":0,"texture":"#0"},"north":{"uv":[3.1325,9.8825,3.3675,10.1175],"tintindex":0,"rotation":0,"texture":"#0"},"west":{"uv":[9.0075,10.2575,9.2425,10.4925],"tintindex":0,"rotation":0,"texture":"#0"},"up":{"uv":[5.3675,10.6175,5.1325,10.3825],"tintindex":0,"rotation":0,"texture":"#0"},"down":{"uv":[7.2425,10.7575,7.0075,10.9925],"tintindex":0,"rotation":0,"texture":"#0"}},"rotation":{"origin":[8.0,6.651482,1.9221635],"angle":45.0,"axis":"x"}},{"from":[7.8423376,10.796987,-6.519577],"to":[9.916338,12.179653,-5.1369095],"faces":{"east":{"uv":[7.5075,9.3825,7.7425,9.6175],"tintindex":0,"rotation":0,"texture":"#0"},"south":{"uv":[10.6325,4.6325,10.9925,4.8675],"tintindex":0,"rotation":0,"texture":"#0"},"north":{"uv":[10.6325,4.3825,10.9925,4.6175],"tintindex":0,"rotation":0,"texture":"#0"},"west":{"uv":[9.6325,7.3825,9.8675,7.6175],"tintindex":0,"rotation":0,"texture":"#0"},"up":{"uv":[5.1175,10.8675,4.7575,10.6325],"tintindex":0,"rotation":0,"texture":"#0"},"down":{"uv":[10.9925,4.8825,10.6325,5.1175],"tintindex":0,"rotation":0,"texture":"#0"}},"rotation":{"origin":[8.0,6.651482,1.9221635],"angle":-45.0,"axis":"y"}},{"from":[15.926385,7.9715953,-2.9241333],"to":[18.000385,9.181428,-1.7143002],"faces":{"east":{"uv":[7.5075,9.6325,7.7425,9.8675],"tintindex":0,"rotation":0,"texture":"#0"},"south":{"uv":[10.6325,5.7575,10.9925,5.9925],"tintindex":0,"rotation":0,"texture":"#0"},"north":{"uv":[5.1325,10.6325,5.4925,10.8675],"tintindex":0,"rotation":0,"texture":"#0"},"west":{"uv":[9.2575,9.7575,9.4925,9.9925],"tintindex":0,"rotation":0,"texture":"#0"},"up":{"uv":[7.6175,10.8675,7.2575,10.6325],"tintindex":0,"rotation":0,"texture":"#0"},"down":{"uv":[7.9925,10.6325,7.6325,10.8675],"tintindex":0,"rotation":0,"texture":"#0"}},"rotation":{"origin":[8.0,6.651482,1.9221635],"angle":22.5,"axis":"z"}},{"from":[12.696775,9.212651,0.86493015],"to":[14.770775,10.422485,2.0747633],"faces":{"east":{"uv":[4.6325,11.1325,4.8675,11.3675],"tintindex":0,"rotation":0,"texture":"#0"},"south":{"uv":[3.0075,10.7575,3.3675,10.9925],"tintindex":0,"rotation":0,"texture":"#0"},"north":{"uv":[2.6325,10.7575,2.9925,10.9925],"tintindex":0,"rotation":0,"texture":"#0"},"west":{"uv":[4.8825,11.1325,5.1175,11.3675],"tintindex":0,"rotation":0,"texture":"#0"},"up":{"uv":[3.7425,10.9925,3.3825,10.7575],"tintindex":0,"rotation":0,"texture":"#0"},"down":{"uv":[11.1175,5.1325,10.7575,5.3675],"tintindex":0,"rotation":0,"texture":"#0"}},"rotation":{"origin":[8.0,6.651482,1.9221635],"angle":-22.5,"axis":"y"}},{"from":[-2.0003853,7.9715953,-2.9241333],"to":[0.073615074,9.181428,-1.7143002],"faces":{"east":{"uv":[9.4925,9.7575,9.2575,9.9925],"tintindex":0,"rotation":0,"texture":"#0"},"south":{"uv":[10.9925,5.7575,10.6325,5.9925],"tintindex":0,"rotation":0,"texture":"#0"},"north":{"uv":[5.4925,10.6325,5.1325,10.8675],"tintindex":0,"rotation":0,"texture":"#0"},"west":{"uv":[7.7425,9.6325,7.5075,9.8675],"tintindex":0,"rotation":0,"texture":"#0"},"up":{"uv":[7.2575,10.8675,7.6175,10.6325],"tintindex":0,"rotation":0,"texture":"#0"},"down":{"uv":[7.6325,10.6325,7.9925,10.8675],"tintindex":0,"rotation":0,"texture":"#0"}},"rotation":{"origin":[8.0,6.651482,1.9221635],"angle":-22.5,"axis":"z"}},{"from":[5.9259996,11.39769,6.9592576],"to":[10.074,12.95319,9.724591],"faces":{"east":{"uv":[10.3825,9.7575,10.8675,9.9925],"tintindex":0,"rotation":0,"texture":"#0"},"south":{"uv":[10.1325,6.1325,10.8675,6.3675],"tintindex":0,"rotation":0,"texture":"#0"},"north":{"uv":[10.1325,3.6325,10.8675,3.8675],"tintindex":0,"rotation":0,"texture":"#0"},"west":{"uv":[10.1325,10.3825,10.6175,10.6175],"tintindex":0,"rotation":0,"texture":"#0"},"up":{"uv":[4.2425,5.9925,3.5075,5.5075],"tintindex":0,"rotation":0,"texture":"#0"},"down":{"uv":[6.2425,4.2575,5.5075,4.7425],"tintindex":0,"rotation":0,"texture":"#0"}}},{"from":[2.2874727,9.212651,-1.6899052],"to":[4.3614726,10.422485,-0.48007202],"faces":{"east":{"uv":[5.1175,11.1325,4.8825,11.3675],"tintindex":0,"rotation":0,"texture":"#0"},"south":{"uv":[3.3675,10.7575,3.0075,10.9925],"tintindex":0,"rotation":0,"texture":"#0"},"north":{"uv":[2.9925,10.7575,2.6325,10.9925],"tintindex":0,"rotation":0,"texture":"#0"},"west":{"uv":[4.8675,11.1325,4.6325,11.3675],"tintindex":0,"rotation":0,"texture":"#0"},"up":{"uv":[3.3825,10.9925,3.7425,10.7575],"tintindex":0,"rotation":0,"texture":"#0"},"down":{"uv":[10.7575,5.1325,11.1175,5.3675],"tintindex":0,"rotation":0,"texture":"#0"}},"rotation":{"origin":[8.0,6.651482,1.9221635],"angle":22.5,"axis":"y"}}],"display":{"gui":{"rotation":[-150.0,-45.0,180.0]}}}