{"textures":{"2":"modelengine:entity/the_lovers_samurai_phase_1","particle":"#2"},"elements":[{"from":[9.2,10.5,4.7],"to":[9.7,11.0,4.7],"faces":{"south":{"uv":[8.625,4.5,8.5,4.75],"tintindex":0,"rotation":0,"texture":"#2"},"north":{"uv":[8.5,4.5,8.625,4.75],"tintindex":0,"rotation":0,"texture":"#2"}}},{"from":[5.745,11.495,2.995],"to":[10.255,12.505,3.995],"faces":{"south":{"uv":[8.625,6.5,9.75,7.0],"tintindex":0,"rotation":0,"texture":"#2"},"north":{"uv":[8.625,7.25,9.75,7.75],"tintindex":0,"rotation":0,"texture":"#2"},"up":{"uv":[8.625,7.0,9.75,7.495],"tintindex":0,"rotation":0,"texture":"#2"},"down":{"uv":[8.625,7.25,9.75,7.745],"tintindex":0,"rotation":0,"texture":"#2"}}},{"from":[4.75,11.35,10.4],"to":[11.25,12.35,14.4],"faces":{"east":{"uv":[2.75,3.0,3.0,5.0],"tintindex":0,"rotation":90,"texture":"#2"},"south":{"uv":[2.75,4.75,4.375,5.25],"tintindex":0,"rotation":0,"texture":"#2"},"west":{"uv":[2.75,5.0,3.0,3.0],"tintindex":0,"rotation":90,"texture":"#2"},"up":{"uv":[2.75,3.0,4.375,5.0],"tintindex":0,"rotation":0,"texture":"#2"},"down":{"uv":[4.875,16.0,6.5,14.0],"tintindex":0,"rotation":0,"texture":"#2"}},"rotation":{"origin":[8.25,11.5,10.5],"angle":45.0,"axis":"x"}},{"from":[4.2,7.924999,11.0],"to":[5.2,9.924999,12.5],"faces":{"east":{"uv":[3.5,6.25,3.125,7.25],"tintindex":0,"rotation":0,"texture":"#2"},"south":{"uv":[3.75,6.25,3.5,7.25],"tintindex":0,"rotation":0,"texture":"#2"},"north":{"uv":[3.5,6.25,3.75,7.25],"tintindex":0,"rotation":0,"texture":"#2"},"west":{"uv":[3.5,6.25,3.875,7.25],"tintindex":0,"rotation":0,"texture":"#2"},"up":{"uv":[3.5,5.75,3.875,6.25],"tintindex":0,"rotation":90,"texture":"#2"},"down":{"uv":[3.5,7.0,3.875,7.5],"tintindex":0,"rotation":90,"texture":"#2"}},"rotation":{"origin":[4.75,11.5,8.0],"angle":-45.0,"axis":"z"}},{"from":[11.8,7.924999,4.5],"to":[14.3,11.924999,5.5],"faces":{"east":{"uv":[11.5,5.75,11.25,7.75],"tintindex":0,"rotation":0,"texture":"#2"},"south":{"uv":[11.25,5.75,10.625,7.75],"tintindex":0,"rotation":0,"texture":"#2"},"north":{"uv":[11.25,5.75,10.625,7.75],"tintindex":0,"rotation":0,"texture":"#2"},"up":{"uv":[10.625,6.0,11.25,5.5],"tintindex":0,"rotation":0,"texture":"#2"},"down":{"uv":[10.75,8.0,11.375,7.5],"tintindex":0,"rotation":0,"texture":"#2"}},"rotation":{"origin":[11.25,11.5,8.0],"angle":45.0,"axis":"z"}},{"from":[7.25,6.0,3.75],"to":[8.75,7.5,4.75],"faces":{"east":{"uv":[7.75,8.25,7.5,9.0],"tintindex":0,"rotation":0,"texture":"#2"},"north":{"uv":[7.25,8.25,7.625,9.0],"tintindex":0,"rotation":0,"texture":"#2"},"west":{"uv":[7.5,8.25,7.75,9.0],"tintindex":0,"rotation":0,"texture":"#2"}},"rotation":{"origin":[8.0,7.5,3.75],"angle":22.5,"axis":"x"}},{"from":[4.75,11.5,4.0],"to":[6.15,12.5,5.0],"faces":{"east":{"uv":[8.625,6.5,8.875,7.0],"tintindex":0,"rotation":0,"texture":"#2"},"south":{"uv":[8.625,6.5,8.975,7.0],"tintindex":0,"rotation":0,"texture":"#2"},"north":{"uv":[9.75,7.25,10.1,7.75],"tintindex":0,"rotation":0,"texture":"#2"},"west":{"uv":[8.625,6.5,8.875,7.0],"tintindex":0,"rotation":0,"texture":"#2"},"up":{"uv":[8.975,7.1,8.625,7.5],"tintindex":0,"rotation":0,"texture":"#2"},"down":{"uv":[10.1,7.25,9.75,7.75],"tintindex":0,"rotation":0,"texture":"#2"}},"rotation":{"origin":[4.75,12.5,4.0],"angle":45.0,"axis":"y"}},{"from":[6.5,7.0,3.75],"to":[9.5,8.5,5.25],"faces":{"east":{"uv":[7.0,6.75,7.375,7.5],"tintindex":0,"rotation":0,"texture":"#2"},"south":{"uv":[6.375,6.75,7.125,7.5],"tintindex":0,"rotation":0,"texture":"#2"},"north":{"uv":[6.375,6.75,7.125,7.5],"tintindex":0,"rotation":0,"texture":"#2"},"west":{"uv":[7.0,6.75,7.375,7.5],"tintindex":0,"rotation":0,"texture":"#2"},"up":{"uv":[6.375,6.75,7.125,7.5],"tintindex":0,"rotation":0,"texture":"#2"},"down":{"uv":[6.375,7.25,7.125,8.0],"tintindex":0,"rotation":0,"texture":"#2"}}},{"from":[-0.2550001,18.994999,4.245],"to":[7.255,23.005,4.255],"faces":{"south":{"uv":[4.5,8.75,6.375,10.75],"tintindex":0,"rotation":0,"texture":"#2"},"north":{"uv":[6.375,8.75,4.5,10.75],"tintindex":0,"rotation":0,"texture":"#2"}},"rotation":{"origin":[7.25,19.0,4.25],"angle":22.5,"axis":"x"}},{"from":[5.0,8.0,4.75],"to":[11.0,11.5,10.75],"faces":{"east":{"uv":[8.875,4.75,7.375,6.5],"tintindex":0,"rotation":0,"texture":"#2"},"south":{"uv":[8.875,4.75,10.375,6.5],"tintindex":0,"rotation":0,"texture":"#2"},"north":{"uv":[5.875,4.75,7.375,6.5],"tintindex":0,"rotation":0,"texture":"#2"},"west":{"uv":[7.375,4.75,8.875,6.5],"tintindex":0,"rotation":0,"texture":"#2"},"down":{"uv":[4.375,4.75,5.875,7.75],"tintindex":0,"rotation":0,"texture":"#2"}}},{"from":[3.25,11.35,12.4],"to":[4.75,12.35,14.4],"faces":{"south":{"uv":[2.375,4.75,2.75,5.25],"tintindex":0,"rotation":0,"texture":"#2"},"north":{"uv":[2.375,4.0,2.75,4.5],"tintindex":0,"rotation":0,"texture":"#2"},"west":{"uv":[2.5,5.0,2.75,4.0],"tintindex":0,"rotation":90,"texture":"#2"},"up":{"uv":[2.375,4.0,2.75,5.0],"tintindex":0,"rotation":0,"texture":"#2"},"down":{"uv":[3.5,7.25,3.125,6.25],"tintindex":0,"rotation":0,"texture":"#2"}},"rotation":{"origin":[8.25,11.5,10.5],"angle":45.0,"axis":"x"}},{"from":[6.5,8.5,4.25],"to":[9.5,9.0,4.75],"faces":{"north":{"uv":[6.375,6.5,7.125,6.75],"tintindex":0,"rotation":0,"texture":"#2"}}},{"from":[7.25,10.0,4.25],"to":[8.75,11.5,4.75],"faces":{"east":{"uv":[8.25,6.75,8.375,7.5],"tintindex":0,"rotation":0,"texture":"#2"},"north":{"uv":[8.25,6.75,8.625,7.5],"tintindex":0,"rotation":0,"texture":"#2"},"west":{"uv":[8.25,6.75,8.375,7.5],"tintindex":0,"rotation":0,"texture":"#2"}}},{"from":[6.0,8.0,4.1],"to":[7.0,10.0,5.1],"faces":{"east":{"uv":[6.125,6.5,6.375,7.5],"tintindex":0,"rotation":0,"texture":"#2"},"south":{"uv":[6.125,6.5,6.375,7.5],"tintindex":0,"rotation":0,"texture":"#2"},"north":{"uv":[6.375,6.5,6.125,7.5],"tintindex":0,"rotation":0,"texture":"#2"},"west":{"uv":[6.125,6.5,6.375,7.5],"tintindex":0,"rotation":0,"texture":"#2"},"up":{"uv":[5.875,6.5,6.125,7.0],"tintindex":0,"rotation":0,"texture":"#2"},"down":{"uv":[6.375,7.25,6.625,7.75],"tintindex":0,"rotation":0,"texture":"#2"}},"rotation":{"origin":[8.0,8.0,7.6],"angle":22.5,"axis":"z"}},{"from":[10.8,7.924999,11.0],"to":[11.8,9.924999,12.5],"faces":{"east":{"uv":[3.875,6.25,3.5,7.25],"tintindex":0,"rotation":0,"texture":"#2"},"south":{"uv":[3.5,6.25,3.75,7.25],"tintindex":0,"rotation":0,"texture":"#2"},"north":{"uv":[3.75,6.25,3.5,7.25],"tintindex":0,"rotation":0,"texture":"#2"},"west":{"uv":[3.125,6.25,3.5,7.25],"tintindex":0,"rotation":0,"texture":"#2"},"up":{"uv":[3.5,6.5,3.875,6.0],"tintindex":0,"rotation":90,"texture":"#2"},"down":{"uv":[3.5,7.5,3.875,7.0],"tintindex":0,"rotation":90,"texture":"#2"}},"rotation":{"origin":[11.25,11.5,8.0],"angle":45.0,"axis":"z"}},{"from":[8.745,18.994999,4.245],"to":[16.255001,23.005,4.255],"faces":{"south":{"uv":[6.375,8.75,4.5,10.75],"tintindex":0,"rotation":0,"texture":"#2"},"north":{"uv":[4.5,8.75,6.375,10.75],"tintindex":0,"rotation":0,"texture":"#2"}},"rotation":{"origin":[8.75,19.0,4.25],"angle":22.5,"axis":"x"}},{"from":[1.6999998,7.924999,5.5],"to":[2.6999998,11.924999,7.5],"faces":{"east":{"uv":[11.5,5.75,12.0,7.75],"tintindex":0,"rotation":0,"texture":"#2"},"south":{"uv":[11.875,5.5,12.125,7.5],"tintindex":0,"rotation":0,"texture":"#2"},"west":{"uv":[11.5,5.75,12.0,7.75],"tintindex":0,"rotation":0,"texture":"#2"},"up":{"uv":[11.5,5.5,12.0,6.0],"tintindex":0,"rotation":90,"texture":"#2"},"down":{"uv":[11.5,7.5,12.0,8.0],"tintindex":0,"rotation":90,"texture":"#2"}},"rotation":{"origin":[4.75,11.5,8.0],"angle":-45.0,"axis":"z"}},{"from":[11.25,11.35,12.4],"to":[12.75,12.35,14.4],"faces":{"east":{"uv":[2.5,4.0,2.75,5.0],"tintindex":0,"rotation":90,"texture":"#2"},"south":{"uv":[2.375,4.75,2.75,5.25],"tintindex":0,"rotation":0,"texture":"#2"},"north":{"uv":[2.375,4.0,2.75,4.5],"tintindex":0,"rotation":0,"texture":"#2"},"up":{"uv":[2.75,4.0,2.375,5.0],"tintindex":0,"rotation":0,"texture":"#2"},"down":{"uv":[3.125,7.25,3.5,6.25],"tintindex":0,"rotation":0,"texture":"#2"}},"rotation":{"origin":[8.25,11.5,10.5],"angle":45.0,"axis":"x"}},{"from":[4.745,11.495,4.495],"to":[11.255,14.505,11.005],"faces":{"east":{"uv":[4.375,3.25,6.0,4.75],"tintindex":0,"rotation":0,"texture":"#2"},"south":{"uv":[4.375,3.25,6.0,4.75],"tintindex":0,"rotation":0,"texture":"#2"},"north":{"uv":[4.375,3.25,6.0,4.75],"tintindex":0,"rotation":0,"texture":"#2"},"west":{"uv":[4.375,3.25,6.0,4.75],"tintindex":0,"rotation":0,"texture":"#2"},"up":{"uv":[4.375,0.0,6.0,3.25],"tintindex":0,"rotation":0,"texture":"#2"},"down":{"uv":[4.375,0.0,6.0,3.25],"tintindex":0,"rotation":0,"texture":"#2"}}},{"from":[9.0,8.0,4.1],"to":[10.0,10.0,5.1],"faces":{"east":{"uv":[6.375,6.5,6.125,7.5],"tintindex":0,"rotation":0,"texture":"#2"},"south":{"uv":[6.125,6.5,6.375,7.5],"tintindex":0,"rotation":0,"texture":"#2"},"north":{"uv":[6.125,6.5,6.375,7.5],"tintindex":0,"rotation":0,"texture":"#2"},"west":{"uv":[6.375,6.5,6.125,7.5],"tintindex":0,"rotation":0,"texture":"#2"},"up":{"uv":[6.125,6.5,5.875,7.0],"tintindex":0,"rotation":0,"texture":"#2"},"down":{"uv":[6.375,7.25,6.625,7.75],"tintindex":0,"rotation":0,"texture":"#2"}},"rotation":{"origin":[8.0,8.0,7.6],"angle":-22.5,"axis":"z"}},{"from":[4.0,5.5,5.25],"to":[12.0,10.5,5.25],"faces":{"south":{"uv":[0.0,2.5,2.0,5.0],"tintindex":0,"rotation":0,"texture":"#2"},"north":{"uv":[0.0,2.5,2.0,5.0],"tintindex":0,"rotation":0,"texture":"#2"}},"rotation":{"origin":[8.0,8.0,8.0],"angle":22.5,"axis":"x"}},{"from":[7.0,9.0,3.75],"to":[9.0,10.5,5.25],"faces":{"east":{"uv":[8.25,6.75,7.875,7.5],"tintindex":0,"rotation":0,"texture":"#2"},"north":{"uv":[7.375,6.75,7.875,7.5],"tintindex":0,"rotation":0,"texture":"#2"},"west":{"uv":[7.875,6.75,8.25,7.5],"tintindex":0,"rotation":0,"texture":"#2"},"up":{"uv":[7.375,6.75,7.875,7.5],"tintindex":0,"rotation":0,"texture":"#2"},"down":{"uv":[7.375,6.75,7.875,7.5],"tintindex":0,"rotation":0,"texture":"#2"}},"rotation":{"origin":[8.0,10.0,4.5],"angle":22.5,"axis":"x"}},{"from":[7.245,14.495,6.995],"to":[8.755,15.005,8.505],"faces":{"east":{"uv":[4.375,2.25,4.0,2.5],"tintindex":0,"rotation":0,"texture":"#2"},"south":{"uv":[4.0,2.25,4.375,2.5],"tintindex":0,"rotation":0,"texture":"#2"},"north":{"uv":[4.375,1.75,4.0,2.0],"tintindex":0,"rotation":0,"texture":"#2"},"west":{"uv":[4.0,2.5,4.125,1.75],"tintindex":0,"rotation":90,"texture":"#2"},"up":{"uv":[4.0,1.75,4.375,2.5],"tintindex":0,"rotation":0,"texture":"#2"},"down":{"uv":[4.0,1.75,4.375,2.5],"tintindex":0,"rotation":0,"texture":"#2"}}},{"from":[5.375,9.125,3.6999998],"to":[7.875,10.125,4.7],"faces":{"north":{"uv":[7.125,7.5,7.75,8.0],"tintindex":0,"rotation":0,"texture":"#2"},"up":{"uv":[7.75,7.5,7.125,8.0],"tintindex":0,"rotation":0,"texture":"#2"}},"rotation":{"origin":[8.0,9.0,4.0],"angle":22.5,"axis":"z"}},{"from":[9.85,11.5,4.0],"to":[11.25,12.5,5.0],"faces":{"east":{"uv":[8.875,6.5,8.625,7.0],"tintindex":0,"rotation":0,"texture":"#2"},"south":{"uv":[8.975,6.5,8.625,7.0],"tintindex":0,"rotation":0,"texture":"#2"},"north":{"uv":[10.1,7.25,9.75,7.75],"tintindex":0,"rotation":0,"texture":"#2"},"west":{"uv":[8.875,6.5,8.625,7.0],"tintindex":0,"rotation":0,"texture":"#2"},"up":{"uv":[8.625,7.125,8.975,7.5],"tintindex":0,"rotation":0,"texture":"#2"},"down":{"uv":[10.1,7.25,9.75,7.75],"tintindex":0,"rotation":0,"texture":"#2"}},"rotation":{"origin":[11.25,12.5,4.0],"angle":-45.0,"axis":"y"}},{"from":[2.245,12.495,4.245],"to":[7.255,19.005001,4.255],"faces":{"south":{"uv":[5.125,10.75,6.375,14.0],"tintindex":0,"rotation":0,"texture":"#2"},"north":{"uv":[6.375,10.75,5.125,14.0],"tintindex":0,"rotation":0,"texture":"#2"}}},{"from":[5.5,4.5,4.75],"to":[7.5,6.5,4.75],"faces":{"south":{"uv":[12.5,4.75,13.0,3.75],"tintindex":0,"rotation":270,"texture":"#2"},"north":{"uv":[12.5,3.75,13.0,4.75],"tintindex":0,"rotation":270,"texture":"#2"}},"rotation":{"origin":[8.0,7.0,4.5],"angle":22.5,"axis":"z"}},{"from":[4.745,11.495,3.995],"to":[11.255,12.505,4.505],"faces":{"east":{"uv":[9.875,7.25,10.0,7.75],"tintindex":0,"rotation":0,"texture":"#2"},"south":{"uv":[8.625,6.5,10.25,7.0],"tintindex":0,"rotation":0,"texture":"#2"},"north":{"uv":[8.625,6.5,10.25,7.0],"tintindex":0,"rotation":0,"texture":"#2"},"west":{"uv":[9.875,7.25,10.0,7.75],"tintindex":0,"rotation":0,"texture":"#2"},"up":{"uv":[8.625,6.5,10.25,6.75],"tintindex":0,"rotation":0,"texture":"#2"},"down":{"uv":[8.625,6.5,10.25,6.75],"tintindex":0,"rotation":0,"texture":"#2"}}},{"from":[10.8,7.924999,4.5],"to":[11.8,11.924999,11.0],"faces":{"east":{"uv":[3.5,5.25,1.875,7.25],"tintindex":0,"rotation":0,"texture":"#2"},"south":{"uv":[2.125,5.25,1.875,7.25],"tintindex":0,"rotation":0,"texture":"#2"},"north":{"uv":[10.625,5.75,10.375,7.75],"tintindex":0,"rotation":0,"texture":"#2"},"west":{"uv":[6.5,14.0,4.875,16.0],"tintindex":0,"rotation":0,"texture":"#2"},"down":{"uv":[1.875,7.5,3.5,7.0],"tintindex":0,"rotation":90,"texture":"#2"}},"rotation":{"origin":[11.25,11.5,8.0],"angle":45.0,"axis":"z"}},{"from":[6.2,10.5,4.7],"to":[6.7,11.0,4.7],"faces":{"south":{"uv":[8.625,4.5,8.5,4.75],"tintindex":0,"rotation":0,"texture":"#2"},"north":{"uv":[8.5,4.5,8.625,4.75],"tintindex":0,"rotation":0,"texture":"#2"}}},{"from":[8.745,12.495,4.245],"to":[13.755,19.005001,4.255],"faces":{"south":{"uv":[6.375,10.75,5.125,14.0],"tintindex":0,"rotation":0,"texture":"#2"},"north":{"uv":[5.125,10.75,6.375,14.0],"tintindex":0,"rotation":0,"texture":"#2"}}},{"from":[8.125,9.125,3.6999998],"to":[10.625,10.125,4.7],"faces":{"north":{"uv":[7.75,7.5,7.125,8.0],"tintindex":0,"rotation":0,"texture":"#2"},"up":{"uv":[7.125,7.5,7.75,8.0],"tintindex":0,"rotation":0,"texture":"#2"}},"rotation":{"origin":[8.0,9.0,4.0],"angle":-22.5,"axis":"z"}},{"from":[7.0,6.0,4.25],"to":[8.5,7.5,5.25],"faces":{"east":{"uv":[8.625,4.0,8.875,4.75],"tintindex":0,"rotation":0,"texture":"#2"},"south":{"uv":[8.625,4.0,9.0,4.75],"tintindex":0,"rotation":0,"texture":"#2"},"north":{"uv":[8.625,4.0,9.0,4.75],"tintindex":0,"rotation":270,"texture":"#2"},"west":{"uv":[9.0,4.25,8.625,4.75],"tintindex":0,"rotation":90,"texture":"#2"},"up":{"uv":[8.625,4.0,9.0,4.5],"tintindex":0,"rotation":0,"texture":"#2"},"down":{"uv":[8.625,4.25,9.0,4.75],"tintindex":0,"rotation":0,"texture":"#2"}},"rotation":{"origin":[8.0,7.0,4.5],"angle":45.0,"axis":"z"}},{"from":[1.6999998,7.924999,4.5],"to":[4.2,11.924999,5.5],"faces":{"south":{"uv":[10.625,5.75,11.25,7.75],"tintindex":0,"rotation":0,"texture":"#2"},"north":{"uv":[10.625,5.75,11.25,7.75],"tintindex":0,"rotation":0,"texture":"#2"},"west":{"uv":[11.25,5.75,11.5,7.75],"tintindex":0,"rotation":0,"texture":"#2"},"up":{"uv":[10.875,6.0,11.5,5.5],"tintindex":0,"rotation":0,"texture":"#2"},"down":{"uv":[11.375,8.0,10.75,7.5],"tintindex":0,"rotation":0,"texture":"#2"}},"rotation":{"origin":[4.75,11.5,8.0],"angle":-45.0,"axis":"z"}},{"from":[6.745,12.245,3.745],"to":[9.755,15.255,4.755],"faces":{"east":{"uv":[11.5,8.0,11.25,9.5],"tintindex":0,"rotation":0,"texture":"#2"},"south":{"uv":[11.25,8.0,12.0,9.5],"tintindex":0,"rotation":90,"texture":"#2"},"north":{"uv":[11.25,8.0,12.0,9.5],"tintindex":0,"rotation":0,"texture":"#2"},"west":{"uv":[11.75,8.0,12.0,9.5],"tintindex":0,"rotation":0,"texture":"#2"},"up":{"uv":[12.0,8.0,11.25,8.5],"tintindex":0,"rotation":0,"texture":"#2"},"down":{"uv":[12.0,9.0,11.25,9.5],"tintindex":0,"rotation":0,"texture":"#2"}},"rotation":{"origin":[8.0,13.5,4.75],"angle":45.0,"axis":"z"}},{"from":[13.3,7.924999,5.5],"to":[14.3,11.924999,7.5],"faces":{"east":{"uv":[12.0,5.75,11.5,7.75],"tintindex":0,"rotation":0,"texture":"#2"},"south":{"uv":[12.125,5.5,11.875,7.5],"tintindex":0,"rotation":0,"texture":"#2"},"west":{"uv":[12.0,5.75,11.5,7.75],"tintindex":0,"rotation":0,"texture":"#2"},"up":{"uv":[11.5,6.0,12.0,5.5],"tintindex":0,"rotation":90,"texture":"#2"},"down":{"uv":[10.625,7.5,11.125,8.0],"tintindex":0,"rotation":90,"texture":"#2"}},"rotation":{"origin":[11.25,11.5,8.0],"angle":45.0,"axis":"z"}},{"from":[8.5,4.5,4.75],"to":[10.5,6.5,4.75],"faces":{"south":{"uv":[12.5,3.75,13.0,4.75],"tintindex":0,"rotation":270,"texture":"#2"},"north":{"uv":[12.5,4.75,13.0,3.75],"tintindex":0,"rotation":270,"texture":"#2"}},"rotation":{"origin":[8.0,7.0,4.5],"angle":-22.5,"axis":"z"}},{"from":[4.2,7.924999,4.5],"to":[5.2,11.924999,11.0],"faces":{"east":{"uv":[4.875,14.0,6.5,16.0],"tintindex":0,"rotation":0,"texture":"#2"},"south":{"uv":[1.875,5.25,2.125,7.25],"tintindex":0,"rotation":0,"texture":"#2"},"north":{"uv":[10.375,5.75,10.625,7.75],"tintindex":0,"rotation":0,"texture":"#2"},"west":{"uv":[1.875,5.25,3.5,7.25],"tintindex":0,"rotation":0,"texture":"#2"},"down":{"uv":[1.875,7.0,3.5,7.5],"tintindex":0,"rotation":90,"texture":"#2"}},"rotation":{"origin":[4.75,11.5,8.0],"angle":-45.0,"axis":"z"}}],"display":{"gui":{"rotation":[-150.0,-45.0,180.0]}}}