{"textures":{"1":"modelengine:entity/the_lovers_ghost","particle":"#1"},"elements":[{"from":[8.0,5.75,-13.0],"to":[8.025,10.25,9.5],"faces":{"east":{"uv":[10.125,8.0,11.25,13.625],"tintindex":0,"rotation":90,"texture":"#1"},"west":{"uv":[10.125,13.625,11.25,8.0],"tintindex":0,"rotation":90,"texture":"#1"}},"rotation":{"origin":[8.0,8.0,8.0],"angle":-45.0,"axis":"z"}},{"from":[8.0,5.75,-13.0],"to":[8.025,10.25,9.5],"faces":{"east":{"uv":[10.125,8.0,11.25,13.625],"tintindex":0,"rotation":90,"texture":"#1"},"west":{"uv":[10.125,13.625,11.25,8.0],"tintindex":0,"rotation":90,"texture":"#1"}},"rotation":{"origin":[8.0,8.0,8.0],"angle":45.0,"axis":"z"}}],"display":{"gui":{"rotation":[-150.0,-45.0,180.0]}}}