{"textures":{"1":"modelengine:entity/the_lovers_ghost","particle":"#1"},"elements":[{"from":[8.0,-5.5,6.75],"to":[8.0,8.0,9.25],"faces":{"east":{"uv":[12.0,8.0,12.625,11.375],"tintindex":0,"rotation":0,"texture":"#1"},"west":{"uv":[12.0,8.0,12.625,11.375],"tintindex":0,"rotation":0,"texture":"#1"}}},{"from":[8.1,-5.5,6.75],"to":[8.1,8.0,9.25],"faces":{"east":{"uv":[12.0,8.0,12.625,11.375],"tintindex":0,"rotation":0,"texture":"#1"},"west":{"uv":[12.0,8.0,12.625,11.375],"tintindex":0,"rotation":0,"texture":"#1"}},"rotation":{"origin":[8.0,8.0,8.0],"angle":45.0,"axis":"x"}},{"from":[8.1,-5.5,6.75],"to":[8.1,8.0,9.25],"faces":{"east":{"uv":[12.0,8.0,12.625,11.375],"tintindex":0,"rotation":0,"texture":"#1"},"west":{"uv":[12.0,8.0,12.625,11.375],"tintindex":0,"rotation":0,"texture":"#1"}},"rotation":{"origin":[8.0,8.0,8.0],"angle":-45.0,"axis":"x"}},{"from":[8.1,-5.5,6.75],"to":[8.1,8.0,9.25],"faces":{"east":{"uv":[12.0,8.0,12.625,11.375],"tintindex":0,"rotation":0,"texture":"#1"},"west":{"uv":[12.0,8.0,12.625,11.375],"tintindex":0,"rotation":0,"texture":"#1"}},"rotation":{"origin":[8.0,8.0,8.0],"angle":22.5,"axis":"x"}},{"from":[6.75,-5.5,8.0],"to":[9.25,8.0,8.0],"faces":{"south":{"uv":[12.0,8.0,12.625,11.375],"tintindex":0,"rotation":0,"texture":"#1"},"north":{"uv":[12.0,8.0,12.625,11.375],"tintindex":0,"rotation":0,"texture":"#1"}}},{"from":[6.8500004,-5.5,8.0],"to":[9.35,8.0,8.0],"faces":{"south":{"uv":[12.0,8.0,12.625,11.375],"tintindex":0,"rotation":0,"texture":"#1"},"north":{"uv":[12.0,8.0,12.625,11.375],"tintindex":0,"rotation":0,"texture":"#1"}},"rotation":{"origin":[8.0,8.0,8.0],"angle":22.5,"axis":"x"}},{"from":[6.8500004,-5.5,8.0],"to":[9.35,8.0,8.0],"faces":{"south":{"uv":[12.0,8.0,12.625,11.375],"tintindex":0,"rotation":0,"texture":"#1"},"north":{"uv":[12.0,8.0,12.625,11.375],"tintindex":0,"rotation":0,"texture":"#1"}},"rotation":{"origin":[8.0,8.0,8.0],"angle":45.0,"axis":"x"}},{"from":[8.15,-5.5,6.75],"to":[8.15,8.0,9.25],"faces":{"east":{"uv":[12.0,8.0,12.625,11.375],"tintindex":0,"rotation":0,"texture":"#1"},"west":{"uv":[12.0,8.0,12.625,11.375],"tintindex":0,"rotation":0,"texture":"#1"}},"rotation":{"origin":[8.0,8.0,8.0],"angle":-22.5,"axis":"x"}},{"from":[6.8500004,-5.5,8.0],"to":[9.35,8.0,8.0],"faces":{"south":{"uv":[12.0,8.0,12.625,11.375],"tintindex":0,"rotation":0,"texture":"#1"},"north":{"uv":[12.0,8.0,12.625,11.375],"tintindex":0,"rotation":0,"texture":"#1"}},"rotation":{"origin":[8.0,8.0,8.0],"angle":-45.0,"axis":"x"}},{"from":[6.8999996,-5.5,8.0],"to":[9.4,8.0,8.0],"faces":{"south":{"uv":[12.0,8.0,12.625,11.375],"tintindex":0,"rotation":0,"texture":"#1"},"north":{"uv":[12.0,8.0,12.625,11.375],"tintindex":0,"rotation":0,"texture":"#1"}},"rotation":{"origin":[8.0,8.0,8.0],"angle":-22.5,"axis":"x"}}],"display":{"gui":{"rotation":[-150.0,-45.0,180.0]}}}