{"textures":{"1":"modelengine:entity/the_lovers_ghost","particle":"#1"},"elements":[{"from":[5.5,-3.0,7.95],"to":[13.5,8.0,8.0],"faces":{"east":{"uv":[4.5,3.375,5.0,6.125],"tintindex":0,"rotation":0,"texture":"#1"},"south":{"uv":[2.5,3.375,4.5,6.125],"tintindex":0,"rotation":0,"texture":"#1"},"north":{"uv":[4.5,3.375,2.5,6.125],"tintindex":0,"rotation":0,"texture":"#1"},"west":{"uv":[4.5,3.375,5.0,6.125],"tintindex":0,"rotation":0,"texture":"#1"},"up":{"uv":[2.875,6.125,4.875,6.625],"tintindex":0,"rotation":0,"texture":"#1"},"down":{"uv":[2.875,6.125,4.875,6.625],"tintindex":0,"rotation":0,"texture":"#1"}}},{"from":[6.0,-12.0,7.95],"to":[15.5,-3.0,8.0],"faces":{"south":{"uv":[7.875,5.75,10.25,8.0],"tintindex":0,"rotation":0,"texture":"#1"},"north":{"uv":[10.25,5.75,7.875,8.0],"tintindex":0,"rotation":0,"texture":"#1"}},"rotation":{"origin":[8.0,-3.0,7.0],"angle":-22.5,"axis":"x"}}],"display":{"gui":{"rotation":[-150.0,-45.0,180.0]}}}