{"textures":{"1":"modelengine:entity/the_lovers_ghost","particle":"#1"},"elements":[{"from":[5.0,-2.0,8.45],"to":[11.0,8.0,8.5],"faces":{"south":{"uv":[5.125,0.0,3.625,2.5],"tintindex":0,"rotation":0,"texture":"#1"},"north":{"uv":[3.625,0.0,5.125,2.5],"tintindex":0,"rotation":0,"texture":"#1"}}},{"from":[5.5,-9.5,8.45],"to":[10.5,-2.0,8.5],"faces":{"south":{"uv":[6.375,0.0,5.125,1.875],"tintindex":0,"rotation":0,"texture":"#1"},"north":{"uv":[5.125,0.0,6.375,1.875],"tintindex":0,"rotation":0,"texture":"#1"}},"rotation":{"origin":[8.0,-2.0,7.5],"angle":-22.5,"axis":"x"}}],"display":{"gui":{"rotation":[-150.0,-45.0,180.0]}}}