{"textures":{"2":"modelengine:entity/the_lovers_samurai_phase_1","particle":"#2"},"elements":[{"from":[0.99,7.99,3.99],"to":[6.01,28.01,4.01],"faces":{"south":{"uv":[4.625,11.0,4.0,16.0],"tintindex":0,"rotation":0,"texture":"#2"},"north":{"uv":[4.0,11.0,4.625,16.0],"tintindex":0,"rotation":0,"texture":"#2"}},"rotation":{"origin":[6.0,14.0,4.0],"angle":-22.5,"axis":"y"}},{"from":[7.0,8.0,7.0],"to":[9.0,10.0,9.0],"faces":{"east":{"uv":[0.0,0.0,0.25,0.5],"tintindex":0,"rotation":0,"texture":"#2"},"south":{"uv":[0.0,0.0,0.25,0.5],"tintindex":0,"rotation":0,"texture":"#2"},"north":{"uv":[0.0,0.0,0.25,0.5],"tintindex":0,"rotation":0,"texture":"#2"},"west":{"uv":[0.0,0.0,0.25,0.5],"tintindex":0,"rotation":0,"texture":"#2"},"up":{"uv":[0.0,0.0,0.25,0.5],"tintindex":0,"rotation":0,"texture":"#2"},"down":{"uv":[0.0,0.0,0.25,0.5],"tintindex":0,"rotation":0,"texture":"#2"}}},{"from":[1.49,7.99,3.99],"to":[14.51,28.01,12.01],"faces":{"east":{"uv":[2.5,11.0,1.5,16.0],"tintindex":0,"rotation":0,"texture":"#2"},"south":{"uv":[2.375,11.0,4.0,16.0],"tintindex":0,"rotation":0,"texture":"#2"},"north":{"uv":[0.0,11.0,1.625,16.0],"tintindex":0,"rotation":0,"texture":"#2"},"west":{"uv":[1.5,11.0,2.5,16.0],"tintindex":0,"rotation":0,"texture":"#2"},"up":{"uv":[0.0,11.0,1.625,9.0],"tintindex":0,"rotation":0,"texture":"#2"},"down":{"uv":[1.625,9.0,3.25,11.0],"tintindex":0,"rotation":0,"texture":"#2"}}},{"from":[9.99,7.99,3.99],"to":[15.01,28.01,4.01],"faces":{"south":{"uv":[4.0,11.0,4.625,16.0],"tintindex":0,"rotation":0,"texture":"#2"},"north":{"uv":[4.625,11.0,4.0,16.0],"tintindex":0,"rotation":0,"texture":"#2"}},"rotation":{"origin":[10.0,14.0,4.0],"angle":22.5,"axis":"y"}}],"display":{"gui":{"rotation":[-150.0,-45.0,180.0]}}}