{"textures":{"1":"modelengine:entity/the_lovers_ghost","particle":"#1"},"elements":[{"from":[7.0,4.0,7.0],"to":[9.0,12.0,9.0],"faces":{"east":{"uv":[11.625,8.75,11.875,9.5],"tintindex":0,"rotation":0,"texture":"#1"},"south":{"uv":[11.625,8.75,11.875,9.5],"tintindex":0,"rotation":0,"texture":"#1"},"north":{"uv":[11.625,8.75,11.875,9.5],"tintindex":0,"rotation":0,"texture":"#1"},"west":{"uv":[11.625,8.75,11.875,9.5],"tintindex":0,"rotation":0,"texture":"#1"},"up":{"uv":[11.625,8.75,11.875,9.0],"tintindex":0,"rotation":0,"texture":"#1"},"down":{"uv":[11.625,8.75,11.875,9.0],"tintindex":0,"rotation":0,"texture":"#1"}}}],"display":{"gui":{"rotation":[-150.0,-45.0,180.0]}}}