{"textures":{"1":"modelengine:entity/the_lovers_ghost","particle":"#1"},"elements":[{"from":[7.5,13.5,7.5],"to":[8.5,21.5,8.5],"faces":{"east":{"uv":[11.375,8.75,11.625,10.75],"tintindex":0,"rotation":0,"texture":"#1"},"south":{"uv":[11.375,8.75,11.625,10.75],"tintindex":0,"rotation":0,"texture":"#1"},"north":{"uv":[11.375,8.75,11.625,10.75],"tintindex":0,"rotation":0,"texture":"#1"},"west":{"uv":[11.375,8.75,11.625,10.75],"tintindex":0,"rotation":0,"texture":"#1"},"up":{"uv":[11.375,7.0,11.625,7.25],"tintindex":0,"rotation":0,"texture":"#1"},"down":{"uv":[11.375,7.0,11.625,7.25],"tintindex":0,"rotation":0,"texture":"#1"}},"rotation":{"origin":[8.0,13.5,7.5],"angle":22.5,"axis":"x"}},{"from":[7.495,7.995,7.495],"to":[8.505,13.505,8.505],"faces":{"east":{"uv":[11.375,14.5,11.625,15.875],"tintindex":0,"rotation":0,"texture":"#1"},"south":{"uv":[11.375,14.5,11.625,15.875],"tintindex":0,"rotation":0,"texture":"#1"},"north":{"uv":[11.375,14.5,11.625,15.875],"tintindex":0,"rotation":0,"texture":"#1"},"west":{"uv":[11.375,14.5,11.625,15.875],"tintindex":0,"rotation":0,"texture":"#1"},"up":{"uv":[11.375,13.25,11.625,13.5],"tintindex":0,"rotation":0,"texture":"#1"},"down":{"uv":[11.375,13.25,11.625,13.5],"tintindex":0,"rotation":0,"texture":"#1"}}},{"from":[7.495,20.445002,10.495],"to":[8.505,23.955,11.505],"faces":{"east":{"uv":[11.375,13.875,11.625,14.75],"tintindex":0,"rotation":0,"texture":"#1"},"south":{"uv":[11.375,13.875,11.625,14.75],"tintindex":0,"rotation":0,"texture":"#1"},"north":{"uv":[11.375,13.875,11.625,14.75],"tintindex":0,"rotation":0,"texture":"#1"},"west":{"uv":[11.375,13.875,11.625,14.75],"tintindex":0,"rotation":0,"texture":"#1"},"up":{"uv":[11.375,13.25,11.625,13.5],"tintindex":0,"rotation":0,"texture":"#1"},"down":{"uv":[11.375,13.25,11.625,13.5],"tintindex":0,"rotation":0,"texture":"#1"}}}],"display":{"gui":{"rotation":[-150.0,-45.0,180.0]}}}