{"textures":{"1":"modelengine:entity/the_lovers_ghost","particle":"#1"},"elements":[{"from":[3.0,-10.0,5.0],"to":[8.0,10.0,11.0],"faces":{"east":{"uv":[10.375,5.5,11.125,8.0],"tintindex":0,"rotation":0,"texture":"#1"},"south":{"uv":[12.375,5.5,13.0,8.0],"tintindex":0,"rotation":0,"texture":"#1"},"north":{"uv":[11.0,5.5,11.625,8.0],"tintindex":0,"rotation":0,"texture":"#1"},"west":{"uv":[11.625,5.5,12.375,8.0],"tintindex":0,"rotation":0,"texture":"#1"},"up":{"uv":[12.75,4.75,12.125,5.5],"tintindex":0,"rotation":0,"texture":"#1"},"down":{"uv":[12.125,5.5,11.5,4.75],"tintindex":0,"rotation":0,"texture":"#1"}}}],"display":{"gui":{"rotation":[-150.0,-45.0,180.0]}}}