{"textures":{"1":"modelengine:entity/the_lovers_ghost","particle":"#1"},"elements":[{"from":[3.01,2.01,8.0],"to":[7.99,7.99,13.98],"faces":{"east":{"uv":[12.125,4.0,11.375,4.75],"tintindex":0,"rotation":0,"texture":"#1"},"south":{"uv":[12.125,4.0,12.75,4.75],"tintindex":0,"rotation":0,"texture":"#1"},"west":{"uv":[11.375,4.0,12.125,4.75],"tintindex":0,"rotation":0,"texture":"#1"},"up":{"uv":[10.75,4.0,11.375,4.75],"tintindex":0,"rotation":0,"texture":"#1"},"down":{"uv":[10.125,4.0,10.75,4.75],"tintindex":0,"rotation":0,"texture":"#1"}}}],"display":{"gui":{"rotation":[-150.0,-45.0,180.0]}}}