{"textures":{"1":"modelengine:entity/the_lovers_ghost","particle":"#1"},"elements":[{"from":[7.745,17.994999,5.995],"to":[8.255,20.005,8.505],"faces":{"east":{"uv":[14.5,8.625,13.875,9.125],"tintindex":0,"rotation":0,"texture":"#1"},"south":{"uv":[13.875,8.625,14.0,9.125],"tintindex":0,"rotation":0,"texture":"#1"},"north":{"uv":[13.875,8.625,14.0,9.125],"tintindex":0,"rotation":0,"texture":"#1"},"west":{"uv":[13.875,8.625,14.5,9.125],"tintindex":0,"rotation":0,"texture":"#1"},"up":{"uv":[13.875,8.625,14.5,8.75],"tintindex":0,"rotation":90,"texture":"#1"},"down":{"uv":[14.5,9.0,13.875,9.125],"tintindex":0,"rotation":90,"texture":"#1"}}},{"from":[7.75,18.0,5.0],"to":[8.25,19.0,6.0],"faces":{"east":{"uv":[13.875,8.875,13.625,9.125],"tintindex":0,"rotation":0,"texture":"#1"},"south":{"uv":[13.75,8.875,13.875,9.125],"tintindex":0,"rotation":0,"texture":"#1"},"north":{"uv":[13.625,8.875,13.75,9.125],"tintindex":0,"rotation":0,"texture":"#1"},"west":{"uv":[13.625,8.875,13.875,9.125],"tintindex":0,"rotation":0,"texture":"#1"},"up":{"uv":[13.625,8.875,13.875,9.0],"tintindex":0,"rotation":90,"texture":"#1"},"down":{"uv":[13.625,9.0,13.875,9.125],"tintindex":0,"rotation":90,"texture":"#1"}}},{"from":[7.75,18.0,3.5],"to":[8.25,18.5,5.0],"faces":{"east":{"uv":[13.625,9.0,13.25,9.125],"tintindex":0,"rotation":0,"texture":"#1"},"south":{"uv":[13.25,9.0,13.5,9.125],"tintindex":0,"rotation":0,"texture":"#1"},"north":{"uv":[13.25,9.0,13.5,9.125],"tintindex":0,"rotation":0,"texture":"#1"},"west":{"uv":[13.25,9.0,13.625,9.125],"tintindex":0,"rotation":0,"texture":"#1"},"up":{"uv":[13.25,9.0,13.625,9.125],"tintindex":0,"rotation":90,"texture":"#1"},"down":{"uv":[13.25,9.0,13.625,9.125],"tintindex":0,"rotation":90,"texture":"#1"}}},{"from":[7.75,17.075,3.125],"to":[8.25,18.175,3.625],"faces":{"east":{"uv":[13.125,8.75,13.25,9.0],"tintindex":0,"rotation":0,"texture":"#1"},"south":{"uv":[13.125,8.75,13.25,9.0],"tintindex":0,"rotation":0,"texture":"#1"},"north":{"uv":[13.125,8.75,13.25,9.0],"tintindex":0,"rotation":0,"texture":"#1"},"west":{"uv":[13.125,8.75,13.25,9.0],"tintindex":0,"rotation":0,"texture":"#1"},"up":{"uv":[13.125,8.75,13.25,8.875],"tintindex":0,"rotation":0,"texture":"#1"},"down":{"uv":[13.125,8.75,13.25,8.875],"tintindex":0,"rotation":0,"texture":"#1"}},"rotation":{"origin":[8.0,18.375,4.0],"angle":45.0,"axis":"x"}},{"from":[7.755,19.005001,2.005],"to":[8.245,19.544998,2.995],"faces":{"east":{"uv":[13.125,8.625,13.375,8.75],"tintindex":0,"rotation":0,"texture":"#1"},"south":{"uv":[13.125,8.875,13.25,9.0],"tintindex":0,"rotation":0,"texture":"#1"},"north":{"uv":[13.125,8.875,13.25,9.0],"tintindex":0,"rotation":0,"texture":"#1"},"west":{"uv":[13.125,8.625,13.375,8.75],"tintindex":0,"rotation":0,"texture":"#1"},"up":{"uv":[13.125,8.625,13.375,8.75],"tintindex":0,"rotation":90,"texture":"#1"},"down":{"uv":[13.125,8.625,13.375,8.75],"tintindex":0,"rotation":90,"texture":"#1"}},"rotation":{"origin":[8.0,20.0,6.0],"angle":-22.5,"axis":"x"}},{"from":[7.75,17.5,8.5],"to":[8.25,20.0,9.5],"faces":{"east":{"uv":[14.5,8.0,14.25,8.625],"tintindex":0,"rotation":0,"texture":"#1"},"south":{"uv":[14.375,8.0,14.5,8.625],"tintindex":0,"rotation":0,"texture":"#1"},"north":{"uv":[14.25,8.0,14.375,8.625],"tintindex":0,"rotation":0,"texture":"#1"},"west":{"uv":[14.25,8.0,14.5,8.625],"tintindex":0,"rotation":0,"texture":"#1"},"up":{"uv":[14.375,8.0,14.5,8.25],"tintindex":0,"rotation":0,"texture":"#1"},"down":{"uv":[14.25,8.0,14.375,8.25],"tintindex":0,"rotation":0,"texture":"#1"}},"rotation":{"origin":[8.0,20.0,8.5],"angle":22.5,"axis":"x"}},{"from":[7.75,18.0,8.0],"to":[8.25,19.5,8.5],"faces":{"east":{"uv":[14.375,8.125,14.25,8.5],"tintindex":0,"rotation":0,"texture":"#1"},"south":{"uv":[14.25,8.125,14.375,8.5],"tintindex":0,"rotation":0,"texture":"#1"},"north":{"uv":[14.25,8.125,14.375,8.5],"tintindex":0,"rotation":0,"texture":"#1"},"west":{"uv":[14.25,8.125,14.375,8.5],"tintindex":0,"rotation":0,"texture":"#1"},"up":{"uv":[14.25,8.125,14.375,8.25],"tintindex":0,"rotation":0,"texture":"#1"},"down":{"uv":[14.25,8.125,14.375,8.25],"tintindex":0,"rotation":0,"texture":"#1"}},"rotation":{"origin":[8.0,20.0,8.5],"angle":22.5,"axis":"x"}},{"from":[7.755,19.005001,3.005],"to":[8.245,19.994999,5.995],"faces":{"east":{"uv":[13.875,8.625,13.125,8.875],"tintindex":0,"rotation":0,"texture":"#1"},"south":{"uv":[13.75,8.625,13.875,8.875],"tintindex":0,"rotation":0,"texture":"#1"},"north":{"uv":[13.125,8.625,13.25,8.875],"tintindex":0,"rotation":0,"texture":"#1"},"west":{"uv":[13.125,8.625,13.875,8.875],"tintindex":0,"rotation":0,"texture":"#1"},"up":{"uv":[13.125,8.625,13.875,8.75],"tintindex":0,"rotation":90,"texture":"#1"},"down":{"uv":[13.125,8.75,13.875,8.875],"tintindex":0,"rotation":90,"texture":"#1"}},"rotation":{"origin":[8.0,20.0,6.0],"angle":-22.5,"axis":"x"}},{"from":[7.5,8.0,7.5],"to":[8.5,17.0,8.5],"faces":{"east":{"uv":[11.625,8.0,11.875,10.25],"tintindex":0,"rotation":0,"texture":"#1"},"south":{"uv":[11.625,8.0,11.875,10.25],"tintindex":0,"rotation":0,"texture":"#1"},"north":{"uv":[11.625,8.0,11.875,10.25],"tintindex":0,"rotation":0,"texture":"#1"},"west":{"uv":[11.625,8.0,11.875,10.25],"tintindex":0,"rotation":0,"texture":"#1"},"up":{"uv":[11.625,8.0,11.875,8.25],"tintindex":0,"rotation":0,"texture":"#1"},"down":{"uv":[11.625,8.125,11.875,8.375],"tintindex":0,"rotation":0,"texture":"#1"}}},{"from":[7.745,16.985,7.495],"to":[8.255,17.995003,8.505],"faces":{"east":{"uv":[14.5,9.125,14.25,9.375],"tintindex":0,"rotation":0,"texture":"#1"},"south":{"uv":[14.375,9.125,14.5,9.375],"tintindex":0,"rotation":0,"texture":"#1"},"north":{"uv":[14.25,9.125,14.375,9.375],"tintindex":0,"rotation":0,"texture":"#1"},"west":{"uv":[14.25,9.125,14.5,9.375],"tintindex":0,"rotation":0,"texture":"#1"},"up":{"uv":[14.25,9.125,14.375,9.375],"tintindex":0,"rotation":0,"texture":"#1"},"down":{"uv":[14.25,9.125,14.375,9.375],"tintindex":0,"rotation":0,"texture":"#1"}}}],"display":{"gui":{"rotation":[-150.0,-45.0,180.0]}}}