{"textures":{"1":"modelengine:entity/the_lovers_ghost","particle":"#1"},"elements":[{"from":[5.0,-12.0,7.0],"to":[10.0,8.0,9.0],"faces":{"east":{"uv":[12.5,3.375,10.0,3.625],"tintindex":0,"rotation":90,"texture":"#1"},"south":{"uv":[12.5,3.375,10.0,4.0],"tintindex":0,"rotation":90,"texture":"#1"},"north":{"uv":[12.5,3.375,10.0,4.0],"tintindex":0,"rotation":90,"texture":"#1"},"west":{"uv":[12.5,3.375,10.0,3.625],"tintindex":0,"rotation":90,"texture":"#1"},"up":{"uv":[10.0,3.375,10.25,4.0],"tintindex":0,"rotation":90,"texture":"#1"},"down":{"uv":[10.0,3.375,10.25,4.0],"tintindex":0,"rotation":90,"texture":"#1"}}}],"display":{"gui":{"rotation":[-150.0,-45.0,180.0]}}}