{"textures":{"2":"modelengine:entity/the_lovers_samurai_phase_1","particle":"#2"},"elements":[{"from":[7.6,-10.4,4.6],"to":[14.4,10.4,11.4],"faces":{"east":{"uv":[15.25,11.0,14.5,16.0],"tintindex":0,"rotation":0,"texture":"#2"},"south":{"uv":[16.0,11.0,15.25,16.0],"tintindex":0,"rotation":0,"texture":"#2"},"north":{"uv":[14.5,11.0,13.75,16.0],"tintindex":0,"rotation":0,"texture":"#2"},"west":{"uv":[13.75,11.0,13.0,16.0],"tintindex":0,"rotation":0,"texture":"#2"},"up":{"uv":[10.0,11.0,10.75,9.5],"tintindex":0,"rotation":270,"texture":"#2"},"down":{"uv":[13.0,9.5,12.25,11.0],"tintindex":0,"rotation":0,"texture":"#2"}}},{"from":[8.0,-10.0,5.0],"to":[14.0,10.0,11.0],"faces":{"east":{"uv":[12.25,11.0,11.5,16.0],"tintindex":0,"rotation":0,"texture":"#2"},"south":{"uv":[13.0,11.0,12.25,16.0],"tintindex":0,"rotation":0,"texture":"#2"},"north":{"uv":[11.5,11.0,10.75,16.0],"tintindex":0,"rotation":0,"texture":"#2"},"west":{"uv":[10.75,11.0,10.0,16.0],"tintindex":0,"rotation":0,"texture":"#2"},"up":{"uv":[11.5,9.5,10.75,11.0],"tintindex":0,"rotation":0,"texture":"#2"},"down":{"uv":[11.5,11.0,12.25,9.5],"tintindex":0,"rotation":0,"texture":"#2"}}}],"display":{"gui":{"rotation":[-150.0,-45.0,180.0]}}}