{"textures":{"2":"modelengine:entity/the_lovers_samurai_phase_1","particle":"#2"},"elements":[{"from":[5.0,-12.0,5.0],"to":[11.0,8.0,11.0],"faces":{"east":{"uv":[15.25,1.5,14.5,6.5],"tintindex":0,"rotation":0,"texture":"#2"},"south":{"uv":[16.0,1.5,15.25,6.5],"tintindex":0,"rotation":0,"texture":"#2"},"north":{"uv":[14.5,1.5,13.75,6.5],"tintindex":0,"rotation":0,"texture":"#2"},"west":{"uv":[13.875,1.5,13.125,6.5],"tintindex":0,"rotation":0,"texture":"#2"},"up":{"uv":[14.5,0.0,13.75,1.5],"tintindex":0,"rotation":0,"texture":"#2"},"down":{"uv":[15.25,0.0,14.5,1.5],"tintindex":0,"rotation":0,"texture":"#2"}}}],"display":{"gui":{"rotation":[-150.0,-45.0,180.0]}}}