{"textures":{"1":"modelengine:entity/the_lovers_ghost","particle":"#1"},"elements":[{"from":[7.95,-9.5,7.0],"to":[8.0,-3.0,17.5],"faces":{"east":{"uv":[0.25,6.375,2.875,8.0],"tintindex":0,"rotation":0,"texture":"#1"},"west":{"uv":[2.875,6.375,0.25,8.0],"tintindex":0,"rotation":0,"texture":"#1"}},"rotation":{"origin":[7.0,-3.0,8.0],"angle":22.5,"axis":"z"}},{"from":[6.0,-3.0,6.5],"to":[8.0,8.0,6.5],"faces":{"south":{"uv":[2.5,3.375,2.0,6.125],"tintindex":0,"rotation":0,"texture":"#1"},"north":{"uv":[2.0,3.375,2.5,6.125],"tintindex":0,"rotation":0,"texture":"#1"}}},{"from":[7.0,-9.5,7.0],"to":[8.0,-3.0,7.0],"faces":{"east":{"uv":[0.25,6.375,2.875,8.0],"tintindex":0,"rotation":0,"texture":"#1"},"north":{"uv":[0.0,6.375,0.25,8.0],"tintindex":0,"rotation":0,"texture":"#1"},"up":{"uv":[0.25,6.25,2.875,6.5],"tintindex":0,"rotation":90,"texture":"#1"},"down":{"uv":[0.25,6.25,2.875,6.5],"tintindex":0,"rotation":90,"texture":"#1"}},"rotation":{"origin":[7.0,-3.0,8.0],"angle":22.5,"axis":"z"}},{"from":[7.95,-3.0,6.5],"to":[8.0,8.0,14.5],"faces":{"east":{"uv":[0.0,3.5,2.0,6.25],"tintindex":0,"rotation":0,"texture":"#1"},"west":{"uv":[2.0,3.5,0.0,6.25],"tintindex":0,"rotation":0,"texture":"#1"}}}],"display":{"gui":{"rotation":[-150.0,-45.0,180.0]}}}