{"textures":{"1":"modelengine:entity/the_lovers_ghost","particle":"#1"},"elements":[{"from":[2.0,-3.0,2.9],"to":[9.0,8.0,3.0],"faces":{"south":{"uv":[13.625,14.375,14.5,15.75],"tintindex":0,"rotation":0,"texture":"#1"},"north":{"uv":[14.5,14.375,13.625,15.75],"tintindex":0,"rotation":0,"texture":"#1"},"up":{"uv":[7.25,0.0,8.375,0.0125],"tintindex":0,"rotation":0,"texture":"#1"}}},{"from":[5.0,-12.0,13.9],"to":[9.0,8.0,14.0],"faces":{"south":{"uv":[7.75,0.0,7.25,2.5],"tintindex":0,"rotation":0,"texture":"#1"},"north":{"uv":[7.25,0.0,7.75,2.5],"tintindex":0,"rotation":0,"texture":"#1"},"up":{"uv":[7.25,0.0,7.75,1.375],"tintindex":0,"rotation":0,"texture":"#1"}}},{"from":[8.9,-12.0,3.0],"to":[9.0,8.0,14.0],"faces":{"east":{"uv":[6.375,0.0,7.75,2.5],"tintindex":0,"rotation":0,"texture":"#1"},"south":{"uv":[6.375,0.0,6.875,2.5],"tintindex":0,"rotation":0,"texture":"#1"},"west":{"uv":[7.75,0.0,6.375,2.5],"tintindex":0,"rotation":0,"texture":"#1"},"up":{"uv":[6.375,0.0,6.875,1.375],"tintindex":0,"rotation":0,"texture":"#1"}}}],"display":{"gui":{"rotation":[-150.0,-45.0,180.0]}}}