{"textures":{"2":"modelengine:entity/the_lovers_samurai_phase_1","particle":"#2"},"elements":[{"from":[5.2,-5.8999996,3.0],"to":[9.2,9.1,13.0],"faces":{"east":{"uv":[6.0,0.0,7.25,3.75],"tintindex":0,"rotation":0,"texture":"#2"},"south":{"uv":[7.75,0.0,7.25,3.75],"tintindex":0,"rotation":0,"texture":"#2"},"north":{"uv":[7.25,0.0,7.75,3.75],"tintindex":0,"rotation":0,"texture":"#2"},"west":{"uv":[7.75,0.0,9.0,3.75],"tintindex":0,"rotation":0,"texture":"#2"},"up":{"uv":[6.0,0.0,7.25,1.0],"tintindex":0,"rotation":90,"texture":"#2"},"down":{"uv":[6.0,3.75,7.25,4.75],"tintindex":0,"rotation":90,"texture":"#2"}},"rotation":{"origin":[8.0,9.0,8.0],"angle":22.5,"axis":"z"}},{"from":[9.2,7.1000004,3.0],"to":[11.2,9.1,13.0],"faces":{"east":{"uv":[1.25,6.0,0.0,6.5],"tintindex":0,"rotation":0,"texture":"#2"},"south":{"uv":[1.5,6.0,1.25,6.5],"tintindex":0,"rotation":0,"texture":"#2"},"north":{"uv":[1.25,6.0,1.5,6.5],"tintindex":0,"rotation":0,"texture":"#2"},"up":{"uv":[0.0,6.0,1.25,5.5],"tintindex":0,"rotation":90,"texture":"#2"},"down":{"uv":[1.25,6.5,0.0,7.0],"tintindex":0,"rotation":90,"texture":"#2"}},"rotation":{"origin":[8.0,9.0,8.0],"angle":22.5,"axis":"z"}}],"display":{"gui":{"rotation":[-150.0,-45.0,180.0]}}}