{"textures":{"1":"modelengine:entity/the_lovers_ghost","particle":"#1"},"elements":[{"from":[7.755,21.255,9.405001],"to":[8.245,21.745,10.395],"faces":{"east":{"uv":[14.75,9.25,14.875,9.5],"tintindex":0,"rotation":90,"texture":"#1"},"west":{"uv":[14.75,9.25,14.875,9.5],"tintindex":0,"rotation":90,"texture":"#1"}},"rotation":{"origin":[8.0,21.25,11.4],"angle":22.5,"axis":"x"}},{"from":[7.75,21.6,5.85],"to":[8.25,23.1,6.35],"faces":{"east":{"uv":[14.875,8.625,14.75,9.0],"tintindex":0,"rotation":0,"texture":"#1"},"south":{"uv":[14.875,8.625,14.75,9.0],"tintindex":0,"rotation":0,"texture":"#1"},"north":{"uv":[14.875,8.625,14.75,9.0],"tintindex":0,"rotation":0,"texture":"#1"},"west":{"uv":[14.875,8.625,14.75,9.0],"tintindex":0,"rotation":0,"texture":"#1"},"up":{"uv":[15.125,8.0,15.0,8.125],"tintindex":0,"rotation":270,"texture":"#1"},"down":{"uv":[15.125,8.0,15.0,8.125],"tintindex":0,"rotation":90,"texture":"#1"}},"rotation":{"origin":[8.0,23.1,5.35],"angle":22.5,"axis":"x"}},{"from":[7.755,21.255,5.605],"to":[8.245,21.745,6.595],"faces":{"east":{"uv":[14.875,9.375,14.625,9.5],"tintindex":0,"rotation":0,"texture":"#1"},"west":{"uv":[14.75,9.5,14.875,9.25],"tintindex":0,"rotation":90,"texture":"#1"}},"rotation":{"origin":[8.0,21.25,4.6],"angle":-22.5,"axis":"x"}},{"from":[7.75,27.0,7.25],"to":[8.25,28.315,7.75],"faces":{"east":{"uv":[14.75,8.0,14.875,8.32875],"tintindex":0,"rotation":0,"texture":"#1"},"south":{"uv":[14.75,8.0,14.875,8.32875],"tintindex":0,"rotation":0,"texture":"#1"},"north":{"uv":[14.75,8.0,14.875,8.32875],"tintindex":0,"rotation":0,"texture":"#1"},"west":{"uv":[14.75,8.0,14.875,8.32875],"tintindex":0,"rotation":0,"texture":"#1"},"up":{"uv":[14.75,8.0,14.875,8.125],"tintindex":0,"rotation":270,"texture":"#1"},"down":{"uv":[14.75,8.0,14.875,8.125],"tintindex":0,"rotation":90,"texture":"#1"}},"rotation":{"origin":[8.0,27.0,7.25],"angle":22.5,"axis":"x"}},{"from":[7.75,21.5,7.25],"to":[8.25,27.0,8.75],"faces":{"east":{"uv":[14.5,8.125,14.875,9.5],"tintindex":0,"rotation":0,"texture":"#1"},"south":{"uv":[14.75,8.125,14.875,9.5],"tintindex":0,"rotation":0,"texture":"#1"},"north":{"uv":[14.5,8.125,14.625,9.5],"tintindex":0,"rotation":0,"texture":"#1"},"west":{"uv":[14.5,8.125,14.875,9.5],"tintindex":0,"rotation":0,"texture":"#1"},"up":{"uv":[15.0,8.0,15.375,8.125],"tintindex":0,"rotation":270,"texture":"#1"},"down":{"uv":[15.0,8.0,15.375,8.125],"tintindex":0,"rotation":90,"texture":"#1"}}},{"from":[7.75,23.2,6.05],"to":[8.25,24.7,6.55],"faces":{"east":{"uv":[15.0,8.0,14.875,8.375],"tintindex":0,"rotation":0,"texture":"#1"},"south":{"uv":[15.0,8.0,14.875,8.375],"tintindex":0,"rotation":0,"texture":"#1"},"west":{"uv":[15.0,8.0,14.875,8.375],"tintindex":0,"rotation":0,"texture":"#1"}}},{"from":[7.745,21.495,7.245],"to":[8.255,24.505,8.255],"faces":{"east":{"uv":[14.875,8.125,14.625,8.875],"tintindex":0,"rotation":0,"texture":"#1"},"south":{"uv":[14.875,8.125,15.0,8.875],"tintindex":0,"rotation":0,"texture":"#1"},"north":{"uv":[14.625,8.125,14.75,8.875],"tintindex":0,"rotation":0,"texture":"#1"},"west":{"uv":[14.625,8.125,14.875,8.875],"tintindex":0,"rotation":0,"texture":"#1"}},"rotation":{"origin":[8.0,21.5,8.0],"angle":-45.0,"axis":"x"}},{"from":[7.745,20.745,3.0949998],"to":[8.255,21.255,7.105],"faces":{"east":{"uv":[14.75,8.25,14.875,9.25],"tintindex":0,"rotation":90,"texture":"#1"},"south":{"uv":[15.25,8.25,15.125,8.375],"tintindex":0,"rotation":0,"texture":"#1"},"north":{"uv":[14.875,8.0,14.75,8.125],"tintindex":0,"rotation":0,"texture":"#1"},"west":{"uv":[14.75,9.25,14.875,8.25],"tintindex":0,"rotation":90,"texture":"#1"},"up":{"uv":[14.75,9.25,14.875,8.25],"tintindex":0,"rotation":180,"texture":"#1"},"down":{"uv":[14.75,9.25,14.875,8.25],"tintindex":0,"rotation":0,"texture":"#1"}},"rotation":{"origin":[8.0,21.25,4.6],"angle":-22.5,"axis":"x"}},{"from":[7.75,21.15,3.6],"to":[8.25,21.65,5.6],"faces":{"east":{"uv":[15.0,8.0,14.5,8.125],"tintindex":0,"rotation":0,"texture":"#1"},"west":{"uv":[15.0,8.0,14.5,8.125],"tintindex":0,"rotation":0,"texture":"#1"},"up":{"uv":[15.0,8.0,14.5,8.125],"tintindex":0,"rotation":270,"texture":"#1"}},"rotation":{"origin":[8.0,21.25,4.6],"angle":-45.0,"axis":"x"}},{"from":[7.745,21.495,7.745],"to":[8.255,24.505,8.755],"faces":{"east":{"uv":[14.625,8.125,14.875,8.875],"tintindex":0,"rotation":0,"texture":"#1"},"south":{"uv":[14.625,8.125,14.75,8.875],"tintindex":0,"rotation":0,"texture":"#1"},"north":{"uv":[14.875,8.75,15.0,9.5],"tintindex":0,"rotation":0,"texture":"#1"},"west":{"uv":[14.875,8.125,14.625,8.875],"tintindex":0,"rotation":0,"texture":"#1"}},"rotation":{"origin":[8.0,21.5,8.0],"angle":45.0,"axis":"x"}},{"from":[7.75,28.05,7.85],"to":[8.25,28.4,8.2],"faces":{"east":{"uv":[14.75,8.0,14.8375,8.0875],"tintindex":0,"rotation":0,"texture":"#1"},"south":{"uv":[14.75,8.0,14.875,8.0875],"tintindex":0,"rotation":0,"texture":"#1"},"north":{"uv":[14.75,8.0,14.875,8.0875],"tintindex":0,"rotation":0,"texture":"#1"},"west":{"uv":[14.75,8.0,14.8375,8.0875],"tintindex":0,"rotation":0,"texture":"#1"},"up":{"uv":[14.75,8.0,14.8375,8.125],"tintindex":0,"rotation":270,"texture":"#1"},"down":{"uv":[14.75,8.0,14.8375,8.125],"tintindex":0,"rotation":90,"texture":"#1"}},"rotation":{"origin":[8.0,28.25,8.0],"angle":45.0,"axis":"x"}},{"from":[7.745,20.745,8.895],"to":[8.255,21.255,12.905],"faces":{"east":{"uv":[14.75,9.25,14.875,8.25],"tintindex":0,"rotation":90,"texture":"#1"},"south":{"uv":[14.875,8.125,15.0,8.25],"tintindex":0,"rotation":0,"texture":"#1"},"north":{"uv":[15.125,8.25,15.25,8.375],"tintindex":0,"rotation":0,"texture":"#1"},"west":{"uv":[14.75,8.25,14.875,9.25],"tintindex":0,"rotation":90,"texture":"#1"},"up":{"uv":[14.75,9.25,14.875,8.25],"tintindex":0,"rotation":0,"texture":"#1"},"down":{"uv":[14.75,8.25,14.875,9.25],"tintindex":0,"rotation":0,"texture":"#1"}},"rotation":{"origin":[8.0,21.25,11.4],"angle":22.5,"axis":"x"}},{"from":[7.75,21.1,5.35],"to":[8.25,25.1,5.85],"faces":{"east":{"uv":[15.0,8.0,14.875,9.0],"tintindex":0,"rotation":0,"texture":"#1"},"south":{"uv":[15.0,8.0,14.875,9.0],"tintindex":0,"rotation":0,"texture":"#1"},"north":{"uv":[15.0,8.0,14.875,9.0],"tintindex":0,"rotation":0,"texture":"#1"},"west":{"uv":[15.0,8.0,14.875,9.0],"tintindex":0,"rotation":0,"texture":"#1"},"up":{"uv":[15.0,8.0,14.875,8.125],"tintindex":0,"rotation":270,"texture":"#1"},"down":{"uv":[15.0,8.0,14.875,8.125],"tintindex":0,"rotation":90,"texture":"#1"}},"rotation":{"origin":[8.0,23.1,5.35],"angle":22.5,"axis":"x"}},{"from":[7.75,21.6,9.65],"to":[8.25,23.1,10.15],"faces":{"east":{"uv":[14.75,8.625,14.875,9.0],"tintindex":0,"rotation":0,"texture":"#1"},"south":{"uv":[14.75,8.625,14.875,9.0],"tintindex":0,"rotation":0,"texture":"#1"},"north":{"uv":[14.75,8.625,14.875,9.0],"tintindex":0,"rotation":0,"texture":"#1"},"west":{"uv":[14.75,8.625,14.875,9.0],"tintindex":0,"rotation":0,"texture":"#1"},"up":{"uv":[15.0,8.0,15.125,8.125],"tintindex":0,"rotation":270,"texture":"#1"},"down":{"uv":[15.0,8.0,15.125,8.125],"tintindex":0,"rotation":90,"texture":"#1"}},"rotation":{"origin":[8.0,23.1,10.65],"angle":-22.5,"axis":"x"}},{"from":[7.75,21.15,10.4],"to":[8.25,21.65,12.4],"faces":{"east":{"uv":[14.5,8.0,15.0,8.125],"tintindex":0,"rotation":0,"texture":"#1"},"west":{"uv":[14.5,8.0,15.0,8.125],"tintindex":0,"rotation":0,"texture":"#1"},"up":{"uv":[14.5,8.0,15.0,8.125],"tintindex":0,"rotation":270,"texture":"#1"}},"rotation":{"origin":[8.0,21.25,11.4],"angle":45.0,"axis":"x"}},{"from":[7.75,21.1,10.15],"to":[8.25,25.1,10.65],"faces":{"east":{"uv":[14.875,8.0,15.0,9.0],"tintindex":0,"rotation":0,"texture":"#1"},"south":{"uv":[14.875,8.0,15.0,9.0],"tintindex":0,"rotation":0,"texture":"#1"},"north":{"uv":[14.875,8.0,15.0,9.0],"tintindex":0,"rotation":0,"texture":"#1"},"west":{"uv":[14.875,8.0,15.0,9.0],"tintindex":0,"rotation":0,"texture":"#1"},"up":{"uv":[14.875,8.0,15.0,8.125],"tintindex":0,"rotation":270,"texture":"#1"},"down":{"uv":[14.875,8.0,15.0,8.125],"tintindex":0,"rotation":90,"texture":"#1"}},"rotation":{"origin":[8.0,23.1,10.65],"angle":-22.5,"axis":"x"}},{"from":[7.75,21.5,7.25],"to":[8.25,24.5,8.25],"faces":{"east":{"uv":[15.25,8.0,15.0,8.75],"tintindex":0,"rotation":0,"texture":"#1"},"south":{"uv":[15.125,8.0,15.0,8.75],"tintindex":0,"rotation":0,"texture":"#1"},"north":{"uv":[15.125,8.0,15.0,8.75],"tintindex":0,"rotation":0,"texture":"#1"},"west":{"uv":[15.25,8.0,15.0,8.75],"tintindex":0,"rotation":0,"texture":"#1"},"up":{"uv":[15.25,8.0,15.0,8.125],"tintindex":0,"rotation":270,"texture":"#1"},"down":{"uv":[15.25,8.0,15.0,8.125],"tintindex":0,"rotation":90,"texture":"#1"}},"rotation":{"origin":[8.0,21.5,8.0],"angle":-45.0,"axis":"x"}},{"from":[7.5,-10.5,7.5],"to":[8.5,21.5,8.5],"faces":{"east":{"uv":[11.375,8.0,11.625,16.0],"tintindex":0,"rotation":0,"texture":"#1"},"south":{"uv":[11.375,8.0,11.625,16.0],"tintindex":0,"rotation":0,"texture":"#1"},"north":{"uv":[11.375,8.0,11.625,16.0],"tintindex":0,"rotation":0,"texture":"#1"},"west":{"uv":[11.375,8.0,11.625,16.0],"tintindex":0,"rotation":0,"texture":"#1"},"up":{"uv":[11.375,8.0,11.625,8.25],"tintindex":0,"rotation":0,"texture":"#1"},"down":{"uv":[11.375,8.625,11.625,8.875],"tintindex":0,"rotation":0,"texture":"#1"}}},{"from":[7.755,26.955,7.755],"to":[8.245,27.945002,8.245],"faces":{"east":{"uv":[14.75,8.0,14.875,8.25],"tintindex":0,"rotation":0,"texture":"#1"},"south":{"uv":[14.75,8.0,14.875,8.25],"tintindex":0,"rotation":0,"texture":"#1"},"north":{"uv":[14.75,8.0,14.875,8.25],"tintindex":0,"rotation":0,"texture":"#1"},"west":{"uv":[14.75,8.0,14.875,8.25],"tintindex":0,"rotation":0,"texture":"#1"},"up":{"uv":[14.75,8.0,14.875,8.125],"tintindex":0,"rotation":270,"texture":"#1"},"down":{"uv":[14.75,8.0,14.875,8.125],"tintindex":0,"rotation":90,"texture":"#1"}}},{"from":[7.75,23.2,9.45],"to":[8.25,24.7,9.95],"faces":{"east":{"uv":[14.875,8.0,15.0,8.375],"tintindex":0,"rotation":0,"texture":"#1"},"north":{"uv":[14.875,8.0,15.0,8.375],"tintindex":0,"rotation":0,"texture":"#1"},"west":{"uv":[14.875,8.0,15.0,8.375],"tintindex":0,"rotation":0,"texture":"#1"}}},{"from":[7.75,27.0,8.25],"to":[8.25,28.315,8.75],"faces":{"east":{"uv":[14.75,8.0,14.875,8.32875],"tintindex":0,"rotation":0,"texture":"#1"},"south":{"uv":[14.75,8.0,14.875,8.32875],"tintindex":0,"rotation":0,"texture":"#1"},"north":{"uv":[14.75,8.0,14.875,8.32875],"tintindex":0,"rotation":0,"texture":"#1"},"west":{"uv":[14.75,8.0,14.875,8.32875],"tintindex":0,"rotation":0,"texture":"#1"},"up":{"uv":[14.75,8.0,14.875,8.125],"tintindex":0,"rotation":270,"texture":"#1"},"down":{"uv":[14.75,8.0,14.875,8.125],"tintindex":0,"rotation":90,"texture":"#1"}},"rotation":{"origin":[8.0,27.0,8.75],"angle":-22.5,"axis":"x"}}],"display":{"gui":{"rotation":[-150.0,-45.0,180.0]}}}