{
  "model": {
    "type": "range_dispatch",
    "property": "custom_model_data",
    "entries": [
      {
        "model": {
          "type": "model",
          "model": "swords/dirt_sword"
        },
        "threshold": 3.0
      },
      {
        "model": {
          "type": "model",
          "model": "swords/ryegrass_sword"
        },
        "threshold": 4.0
      },
      {
        "model": {
          "type": "model",
          "model": "swords/lemon_grass_sword"
        },
        "threshold": 5.0
      },
      {
        "model": {
          "type": "model",
          "model": "swords/oak_leaves_sword"
        },
        "threshold": 6.0
      },
      {
        "model": {
          "type": "model",
          "model": "swords/silvergrass_sword"
        },
        "threshold": 7.0
      },
      {
        "model": {
          "type": "model",
          "model": "swords/overworld_sword"
        },
        "threshold": 8.0
      },
      {
        "model": {
          "type": "model",
          "model": "swords/coal_sword"
        },
        "threshold": 10.0
      },
      {
        "model": {
          "type": "model",
          "model": "swords/dripstone_sword"
        },
        "threshold": 11.0
      }
    ],
    "fallback": {
      "type": "model",
      "model": "item/diamond_sword"
    }
  }
}
