{
  "model": {
    "type": "range_dispatch",
    "property": "custom_model_data",
    "entries": [
      {
        "model": {
          "type": "model",
          "model": "littleroom_warden:warden_hat"
        },
        "threshold": 1.0
      },
      {
        "model": {
          "type": "model",
          "model": "littleroom_warden:warden_pet"
        },
        "threshold": 2.0
      },
      {
        "model": {
          "type": "model",
          "model": "littleroom_warden:warden_heart"
        },
        "threshold": 3.0
      }
    ],
    "fallback": {
      "type": "model",
      "model": "item/ink_sac"
    }
  }
}