{
  "model": {
    "type": "range_dispatch",
    "property": "custom_model_data",
    "entries": [
      {
        "model": {
          "type": "model",
          "model": "pickaxes/coal_pickaxe"
        },
        "threshold": 1.0
      },
      {
        "model": {
          "type": "model",
          "model": "pickaxes/dripstone_pickaxe"
        },
        "threshold": 2.0
      },
      {
        "model": {
          "type": "model",
          "model": "pickaxes/emerald_pickaxe"
        },
        "threshold": 3.0
      },
      {
        "model": {
          "type": "model",
          "model": "pickaxes/cave_pickaxe"
        },
        "threshold": 4.0
      }
    ],
    "fallback": {
      "type": "model",
      "model": "item/stone_pickaxe"
    }
  }
}
