{"textures":{"0":"modelengine:entity/raven","particle":"#0"},"elements":[{"from":[7.52519,7.2469726,5.5070825],"to":[8.77007,8.076893,7.9968424],"faces":{"east":{"uv":[13.06,0.06,14.5,0.5],"tintindex":0,"rotation":0,"texture":"#0"},"south":{"uv":[13.06,2.06,13.94,2.5],"tintindex":0,"rotation":0,"texture":"#0"},"north":{"uv":[2.06,13.06,2.94,13.5],"tintindex":0,"rotation":0,"texture":"#0"},"west":{"uv":[13.06,1.06,14.5,1.5],"tintindex":0,"rotation":0,"texture":"#0"},"up":{"uv":[10.94,12.5,10.06,11.06],"tintindex":0,"rotation":0,"texture":"#0"},"down":{"uv":[11.94,11.06,11.06,12.5],"tintindex":0,"rotation":0,"texture":"#0"}}}],"display":{"gui":{"rotation":[-150.0,-45.0,180.0]}}}