{"textures":{"0":"modelengine:entity/raven","particle":"#0"},"elements":[{"from":[7.52519,6.97702,2.5888424],"to":[8.77007,8.2219,5.078603],"faces":{"east":{"uv":[11.06,4.06,12.5,4.94],"tintindex":0,"rotation":0,"texture":"#0"},"south":{"uv":[12.06,5.06,12.94,5.94],"tintindex":0,"rotation":0,"texture":"#0"},"north":{"uv":[9.06,5.06,9.94,5.94],"tintindex":0,"rotation":0,"texture":"#0"},"west":{"uv":[6.06,11.06,7.5,11.94],"tintindex":0,"rotation":0,"texture":"#0"},"up":{"uv":[8.94,12.5,8.06,11.06],"tintindex":0,"rotation":0,"texture":"#0"},"down":{"uv":[9.94,11.06,9.06,12.5],"tintindex":0,"rotation":0,"texture":"#0"}}},{"from":[6.48779,6.1470995,5.078603],"to":[9.80747,9.46678,8.398283],"faces":{"east":{"uv":[9.06,3.06,10.94,4.94],"tintindex":0,"rotation":0,"texture":"#0"},"south":{"uv":[4.06,9.06,5.94,10.94],"tintindex":0,"rotation":0,"texture":"#0"},"north":{"uv":[2.06,9.06,3.94,10.94],"tintindex":0,"rotation":0,"texture":"#0"},"west":{"uv":[6.06,9.06,7.94,10.94],"tintindex":0,"rotation":0,"texture":"#0"},"up":{"uv":[9.94,10.94,8.06,9.06],"tintindex":0,"rotation":0,"texture":"#0"},"down":{"uv":[11.94,5.06,10.06,6.94],"tintindex":0,"rotation":0,"texture":"#0"}}}],"display":{"gui":{"rotation":[-150.0,-45.0,180.0]}}}