{"textures":{"0":"modelengine:entity/raven","particle":"#0"},"elements":[{"from":[7.52519,6.458913,7.4217877],"to":[8.77007,8.1187525,8.666668],"faces":{"east":{"uv":[12.06,6.06,12.94,6.94],"tintindex":0,"rotation":0,"texture":"#0"},"south":{"uv":[7.06,12.06,7.94,12.94],"tintindex":0,"rotation":0,"texture":"#0"},"north":{"uv":[6.06,12.06,6.94,12.94],"tintindex":0,"rotation":0,"texture":"#0"},"west":{"uv":[12.06,7.06,12.94,7.94],"tintindex":0,"rotation":0,"texture":"#0"},"up":{"uv":[12.94,8.94,12.06,8.06],"tintindex":0,"rotation":0,"texture":"#0"},"down":{"uv":[12.94,9.06,12.06,9.94],"tintindex":0,"rotation":0,"texture":"#0"}}},{"from":[7.73267,4.7990723,8.044228],"to":[8.56259,6.458913,8.044228],"faces":{"south":{"uv":[13.06,3.06,13.5,3.94],"tintindex":0,"rotation":0,"texture":"#0"},"north":{"uv":[3.06,13.06,3.5,13.94],"tintindex":0,"rotation":0,"texture":"#0"}}}],"display":{"gui":{"rotation":[-150.0,-45.0,180.0]}}}