{"textures":{"0":"modelengine:entity/raven","particle":"#0"},"elements":[{"from":[7.73267,4.9368114,7.4011536],"to":[8.56259,9.086411,10.720834],"faces":{"east":{"uv":[10.94,0.06,9.06,2.5],"tintindex":0,"rotation":0,"texture":"#0"},"south":{"uv":[1.5,12.06,1.06,14.5],"tintindex":0,"rotation":0,"texture":"#0"},"north":{"uv":[0.5,12.06,0.06,14.5],"tintindex":0,"rotation":0,"texture":"#0"},"west":{"uv":[1.94,9.06,0.06,11.5],"tintindex":0,"rotation":0,"texture":"#0"},"up":{"uv":[12.06,11.94,12.5,10.06],"tintindex":0,"rotation":0,"texture":"#0"},"down":{"uv":[12.06,12.06,12.5,13.94],"tintindex":0,"rotation":0,"texture":"#0"}},"rotation":{"origin":[7.9401503,7.0116115,10.305874],"angle":22.5,"axis":"x"}}],"display":{"gui":{"rotation":[-150.0,-45.0,180.0]}}}