{"textures":{"0":"modelengine:entity/the_lovers_ghost","particle":"#0"},"elements":[{"from":[8.0,-5.5,6.75],"to":[8.0,8.0,9.25],"faces":{"east":{"uv":[12.0,8.0,12.625,11.375],"tintindex":0,"rotation":0,"texture":"#0"},"west":{"uv":[12.0,8.0,12.625,11.375],"tintindex":0,"rotation":0,"texture":"#0"}}},{"from":[8.1,-5.5,6.75],"to":[8.1,8.0,9.25],"faces":{"east":{"uv":[12.0,8.0,12.625,11.375],"tintindex":0,"rotation":0,"texture":"#0"},"west":{"uv":[12.0,8.0,12.625,11.375],"tintindex":0,"rotation":0,"texture":"#0"}},"rotation":{"origin":[8.0,8.0,8.0],"angle":-45.0,"axis":"x"}},{"from":[6.75,-5.5,8.0],"to":[9.25,8.0,8.0],"faces":{"south":{"uv":[12.0,8.0,12.625,11.375],"tintindex":0,"rotation":0,"texture":"#0"},"north":{"uv":[12.625,8.0,12.0,11.375],"tintindex":0,"rotation":0,"texture":"#0"}}},{"from":[8.15,-5.5,6.75],"to":[8.15,8.0,9.25],"faces":{"east":{"uv":[12.0,8.0,12.625,11.375],"tintindex":0,"rotation":0,"texture":"#0"},"west":{"uv":[12.0,8.0,12.625,11.375],"tintindex":0,"rotation":0,"texture":"#0"}},"rotation":{"origin":[8.0,8.0,8.0],"angle":-22.5,"axis":"x"}},{"from":[8.1,-5.5,6.75],"to":[8.1,8.0,9.25],"faces":{"east":{"uv":[12.0,8.0,12.625,11.375],"tintindex":0,"rotation":0,"texture":"#0"},"west":{"uv":[12.0,8.0,12.625,11.375],"tintindex":0,"rotation":0,"texture":"#0"}},"rotation":{"origin":[8.0,8.0,8.0],"angle":45.0,"axis":"x"}},{"from":[6.9,-5.5,8.0],"to":[9.4,8.0,8.0],"faces":{"south":{"uv":[12.0,8.0,12.625,11.375],"tintindex":0,"rotation":0,"texture":"#0"},"north":{"uv":[12.625,8.0,12.0,11.375],"tintindex":0,"rotation":0,"texture":"#0"}},"rotation":{"origin":[8.0,8.0,8.0],"angle":-22.5,"axis":"x"}},{"from":[6.85,-5.5,8.0],"to":[9.35,8.0,8.0],"faces":{"south":{"uv":[12.0,8.0,12.625,11.375],"tintindex":0,"rotation":0,"texture":"#0"},"north":{"uv":[12.625,8.0,12.0,11.375],"tintindex":0,"rotation":0,"texture":"#0"}},"rotation":{"origin":[8.0,8.0,8.0],"angle":22.5,"axis":"x"}},{"from":[8.1,-5.5,6.75],"to":[8.1,8.0,9.25],"faces":{"east":{"uv":[12.0,8.0,12.625,11.375],"tintindex":0,"rotation":0,"texture":"#0"},"west":{"uv":[12.0,8.0,12.625,11.375],"tintindex":0,"rotation":0,"texture":"#0"}},"rotation":{"origin":[8.0,8.0,8.0],"angle":22.5,"axis":"x"}},{"from":[6.85,-5.5,8.0],"to":[9.35,8.0,8.0],"faces":{"south":{"uv":[12.0,8.0,12.625,11.375],"tintindex":0,"rotation":0,"texture":"#0"},"north":{"uv":[12.625,8.0,12.0,11.375],"tintindex":0,"rotation":0,"texture":"#0"}},"rotation":{"origin":[8.0,8.0,8.0],"angle":45.0,"axis":"x"}},{"from":[6.85,-5.5,8.0],"to":[9.35,8.0,8.0],"faces":{"south":{"uv":[12.0,8.0,12.625,11.375],"tintindex":0,"rotation":0,"texture":"#0"},"north":{"uv":[12.625,8.0,12.0,11.375],"tintindex":0,"rotation":0,"texture":"#0"}},"rotation":{"origin":[8.0,8.0,8.0],"angle":-45.0,"axis":"x"}}],"display":{"gui":{"rotation":[-150.0,-45.0,180.0]}}}