{"textures":{"0":"modelengine:entity/the_lovers_ghost","particle":"#0"},"elements":[{"from":[7.495,2.495,7.495],"to":[8.505,8.005,8.505],"faces":{"east":{"uv":[11.375,13.0,11.625,14.375],"tintindex":0,"rotation":0,"texture":"#0"},"south":{"uv":[11.375,13.0,11.625,14.375],"tintindex":0,"rotation":0,"texture":"#0"},"north":{"uv":[11.375,13.0,11.625,14.375],"tintindex":0,"rotation":0,"texture":"#0"},"west":{"uv":[11.375,13.0,11.625,14.375],"tintindex":0,"rotation":0,"texture":"#0"},"up":{"uv":[11.375,13.0,11.625,13.25],"tintindex":0,"rotation":0,"texture":"#0"},"down":{"uv":[11.375,13.0,11.625,13.25],"tintindex":0,"rotation":0,"texture":"#0"}}},{"from":[7.495,-7.955,10.495],"to":[8.505,-4.4449997,11.505],"faces":{"east":{"uv":[11.375,13.0,11.625,13.875],"tintindex":0,"rotation":0,"texture":"#0"},"south":{"uv":[11.375,13.0,11.625,13.875],"tintindex":0,"rotation":0,"texture":"#0"},"north":{"uv":[11.375,13.0,11.625,13.875],"tintindex":0,"rotation":0,"texture":"#0"},"west":{"uv":[11.375,13.0,11.625,13.875],"tintindex":0,"rotation":0,"texture":"#0"},"up":{"uv":[11.375,13.0,11.625,13.25],"tintindex":0,"rotation":0,"texture":"#0"},"down":{"uv":[11.375,13.0,11.625,13.25],"tintindex":0,"rotation":0,"texture":"#0"}}},{"from":[7.5,-5.5,7.5],"to":[8.5,2.5,8.5],"faces":{"east":{"uv":[11.375,8.875,11.625,10.875],"tintindex":0,"rotation":0,"texture":"#0"},"south":{"uv":[11.375,8.875,11.625,10.875],"tintindex":0,"rotation":0,"texture":"#0"},"north":{"uv":[11.375,8.875,11.625,10.875],"tintindex":0,"rotation":0,"texture":"#0"},"west":{"uv":[11.375,8.875,11.625,10.875],"tintindex":0,"rotation":0,"texture":"#0"},"up":{"uv":[11.375,8.875,11.625,9.125],"tintindex":0,"rotation":0,"texture":"#0"},"down":{"uv":[11.375,8.875,11.625,9.125],"tintindex":0,"rotation":0,"texture":"#0"}},"rotation":{"origin":[8.0,2.5,7.5],"angle":-22.5,"axis":"x"}}],"display":{"gui":{"rotation":[-150.0,-45.0,180.0]}}}