{"textures":{"0":"modelengine:entity/the_lovers_ghost","particle":"#0"},"elements":[{"from":[6.0,-14.0,5.0],"to":[12.0,8.0,11.0],"faces":{"east":{"uv":[13.0,5.25,13.75,8.0],"tintindex":0,"rotation":0,"texture":"#0"},"south":{"uv":[16.0,5.25,15.25,8.0],"tintindex":0,"rotation":0,"texture":"#0"},"north":{"uv":[14.5,5.25,13.75,8.0],"tintindex":0,"rotation":0,"texture":"#0"},"west":{"uv":[14.5,5.25,15.25,8.0],"tintindex":0,"rotation":0,"texture":"#0"},"up":{"uv":[13.125,3.5,13.875,4.25],"tintindex":0,"rotation":0,"texture":"#0"},"down":{"uv":[13.875,3.5,14.625,4.25],"tintindex":0,"rotation":0,"texture":"#0"}}}],"display":{"gui":{"rotation":[-150.0,-45.0,180.0]}}}