{"textures":{"0":"modelengine:entity/the_lovers_ghost","particle":"#0"},"elements":[{"from":[6.0,-12.0,7.0],"to":[11.0,8.0,9.0],"faces":{"east":{"uv":[12.5,3.375,10.0,3.625],"tintindex":0,"rotation":90,"texture":"#0"},"south":{"uv":[12.5,3.375,10.0,4.0],"tintindex":0,"rotation":90,"texture":"#0"},"north":{"uv":[12.5,3.375,10.0,4.0],"tintindex":0,"rotation":90,"texture":"#0"},"west":{"uv":[12.5,3.375,10.0,3.625],"tintindex":0,"rotation":90,"texture":"#0"},"up":{"uv":[10.0,3.375,10.25,4.0],"tintindex":0,"rotation":90,"texture":"#0"},"down":{"uv":[10.0,3.375,10.25,4.0],"tintindex":0,"rotation":90,"texture":"#0"}}}],"display":{"gui":{"rotation":[-150.0,-45.0,180.0]}}}