{"textures":{"0":"modelengine:entity/the_lovers_ghost","particle":"#0"},"elements":[{"from":[7.95,-2.0,6.5],"to":[8.0,8.0,11.0],"faces":{"east":{"uv":[7.75,0.0,8.875,2.5],"tintindex":0,"rotation":0,"texture":"#0"},"west":{"uv":[8.875,0.0,7.75,2.5],"tintindex":0,"rotation":0,"texture":"#0"}}},{"from":[7.95,-9.0,7.0],"to":[8.0,-2.0,10.5],"faces":{"east":{"uv":[8.875,0.0,9.75,1.75],"tintindex":0,"rotation":0,"texture":"#0"},"west":{"uv":[9.75,0.0,8.875,1.75],"tintindex":0,"rotation":0,"texture":"#0"}},"rotation":{"origin":[7.0,-2.0,8.0],"angle":22.5,"axis":"z"}}],"display":{"gui":{"rotation":[-150.0,-45.0,180.0]}}}