{"textures":{"0":"modelengine:entity/the_lovers_ghost","particle":"#0"},"elements":[{"from":[8.0,7.950001,6.0],"to":[14.5,8.0,11.0],"faces":{"up":{"uv":[5.125,2.0,6.375,3.625],"tintindex":0,"rotation":90,"texture":"#0"},"down":{"uv":[6.375,2.0,5.125,3.625],"tintindex":0,"rotation":90,"texture":"#0"}},"rotation":{"origin":[8.0,8.0,8.0],"angle":22.5,"axis":"z"}},{"from":[7.995,7.9450006,5.995],"to":[16.505001,8.005,11.005],"faces":{"up":{"uv":[6.625,4.875,7.875,2.75],"tintindex":0,"rotation":90,"texture":"#0"},"down":{"uv":[7.875,4.875,6.625,2.75],"tintindex":0,"rotation":90,"texture":"#0"}}},{"from":[7.995,-7.005,10.995],"to":[25.505,8.005,11.005],"faces":{"south":{"uv":[11.625,12.25,16.0,16.0],"tintindex":0,"rotation":0,"texture":"#0"},"north":{"uv":[16.0,12.25,11.625,16.0],"tintindex":0,"rotation":0,"texture":"#0"}},"rotation":{"origin":[8.0,8.0,11.0],"angle":-22.5,"axis":"x"}}],"display":{"gui":{"rotation":[-150.0,-45.0,180.0]}}}