{"textures":{"1":"modelengine:entity/ninja","particle":"#1"},"elements":[{"from":[3.7399998,10.8964,3.8157334],"to":[5.4440002,11.9188,12.335733],"faces":{"east":{"uv":[10.25,0.03,11.875,0.25],"tintindex":0,"rotation":0,"texture":"#1"},"south":{"uv":[11.03,10.03,11.375,10.25],"tintindex":0,"rotation":0,"texture":"#1"},"north":{"uv":[10.03,11.03,10.375,11.25],"tintindex":0,"rotation":0,"texture":"#1"},"west":{"uv":[10.25,0.25,11.875,0.47],"tintindex":0,"rotation":0,"texture":"#1"},"up":{"uv":[9.625,2.875,9.25,1.25],"tintindex":0,"rotation":0,"texture":"#1"},"down":{"uv":[3.625,9.25,3.25,10.875],"tintindex":0,"rotation":0,"texture":"#1"}}},{"from":[3.7399998,7.8292007,3.4749336],"to":[12.26,10.8964,12.335733],"faces":{"east":{"uv":[6.53,5.25,8.125,5.875],"tintindex":0,"rotation":0,"texture":"#1"},"south":{"uv":[6.53,6.03,8.125,6.625],"tintindex":0,"rotation":0,"texture":"#1"},"north":{"uv":[6.53,1.53,8.125,2.125],"tintindex":0,"rotation":0,"texture":"#1"},"west":{"uv":[4.75,6.75,6.375,7.375],"tintindex":0,"rotation":0,"texture":"#1"},"up":{"uv":[1.625,1.625,0.03,0.03],"tintindex":0,"rotation":0,"texture":"#1"},"down":{"uv":[1.625,1.75,0.03,3.375],"tintindex":0,"rotation":0,"texture":"#1"}}},{"from":[3.7399998,11.9188,6.5421333],"to":[12.26,16.69,12.335733],"faces":{"east":{"uv":[3.53,7.03,4.625,7.875],"tintindex":0,"rotation":0,"texture":"#1"},"south":{"uv":[6.03,2.53,7.625,3.375],"tintindex":0,"rotation":0,"texture":"#1"},"north":{"uv":[4.75,5.75,6.375,6.625],"tintindex":0,"rotation":0,"texture":"#1"},"west":{"uv":[0.03,7.25,1.125,8.125],"tintindex":0,"rotation":0,"texture":"#1"},"up":{"uv":[6.125,5.625,4.53,4.53],"tintindex":0,"rotation":0,"texture":"#1"},"down":{"uv":[1.625,5.03,0.03,6.125],"tintindex":0,"rotation":0,"texture":"#1"}}},{"from":[6.4664,12.600401,3.8157334],"to":[9.5336,13.622801,6.5421333],"faces":{"east":{"uv":[11.03,7.53,11.47,7.75],"tintindex":0,"rotation":0,"texture":"#1"},"south":{"uv":[4.03,11.03,4.625,11.25],"tintindex":0,"rotation":0,"texture":"#1"},"north":{"uv":[10.75,9.53,11.375,9.75],"tintindex":0,"rotation":0,"texture":"#1"},"west":{"uv":[11.03,7.75,11.47,7.97],"tintindex":0,"rotation":0,"texture":"#1"},"up":{"uv":[0.625,11.47,0.03,11.03],"tintindex":0,"rotation":0,"texture":"#1"},"down":{"uv":[2.375,11.03,1.75,11.47],"tintindex":0,"rotation":0,"texture":"#1"}}},{"from":[5.4440002,10.8964,11.654133],"to":[10.556,11.9188,12.335733],"faces":{"east":{"uv":[7.53,2.25,7.625,2.47],"tintindex":0,"rotation":0,"texture":"#1"},"south":{"uv":[10.25,6.03,11.25,6.25],"tintindex":0,"rotation":0,"texture":"#1"},"north":{"uv":[6.53,2.25,7.47,2.47],"tintindex":0,"rotation":0,"texture":"#1"},"west":{"uv":[8.03,1.25,8.125,1.47],"tintindex":0,"rotation":0,"texture":"#1"},"up":{"uv":[11.97,7.125,11.03,7.03],"tintindex":0,"rotation":0,"texture":"#1"},"down":{"uv":[11.97,7.25,11.03,7.375],"tintindex":0,"rotation":0,"texture":"#1"}}},{"from":[3.7399998,13.622801,3.8157334],"to":[12.26,16.69,6.5421333],"faces":{"east":{"uv":[4.03,5.03,4.47,5.625],"tintindex":0,"rotation":0,"texture":"#1"},"south":{"uv":[1.75,7.03,3.375,7.625],"tintindex":0,"rotation":0,"texture":"#1"},"north":{"uv":[6.53,6.75,8.125,7.375],"tintindex":0,"rotation":0,"texture":"#1"},"west":{"uv":[4.25,8.03,4.75,8.625],"tintindex":0,"rotation":0,"texture":"#1"},"up":{"uv":[10.125,4.25,8.53,3.75],"tintindex":0,"rotation":0,"texture":"#1"},"down":{"uv":[10.125,4.25,8.53,4.75],"tintindex":0,"rotation":0,"texture":"#1"}}},{"from":[3.9104,8.17,3.986133],"to":[12.0896,16.3492,12.165333],"faces":{"east":{"uv":[3.53,0.03,4.97,1.47],"tintindex":0,"rotation":0,"texture":"#1"},"south":{"uv":[1.53,3.53,2.97,4.97],"tintindex":0,"rotation":0,"texture":"#1"},"north":{"uv":[0.03,3.53,1.47,4.97],"tintindex":0,"rotation":0,"texture":"#1"},"west":{"uv":[3.53,1.53,4.97,2.97],"tintindex":0,"rotation":0,"texture":"#1"},"up":{"uv":[4.47,4.97,3.03,3.53],"tintindex":0,"rotation":0,"texture":"#1"},"down":{"uv":[5.97,3.03,4.53,4.47],"tintindex":0,"rotation":0,"texture":"#1"}}},{"from":[10.556,10.8964,3.8157334],"to":[12.26,11.9188,12.335733],"faces":{"east":{"uv":[9.25,3.53,10.875,3.75],"tintindex":0,"rotation":0,"texture":"#1"},"south":{"uv":[11.03,9.75,11.375,9.97],"tintindex":0,"rotation":0,"texture":"#1"},"north":{"uv":[9.53,11.03,9.875,11.25],"tintindex":0,"rotation":0,"texture":"#1"},"west":{"uv":[9.53,6.25,11.125,6.47],"tintindex":0,"rotation":0,"texture":"#1"},"up":{"uv":[3.125,10.625,2.75,9.03],"tintindex":0,"rotation":0,"texture":"#1"},"down":{"uv":[9.375,4.75,9.03,6.375],"tintindex":0,"rotation":0,"texture":"#1"}}},{"from":[3.5696,13.622801,3.6453333],"to":[12.4304,15.326799,12.506134],"faces":{"east":{"uv":[9.25,3.03,10.875,3.375],"tintindex":0,"rotation":0,"texture":"#1"},"south":{"uv":[9.25,7.03,10.875,7.375],"tintindex":0,"rotation":0,"texture":"#1"},"north":{"uv":[9.03,6.53,10.625,6.875],"tintindex":0,"rotation":0,"texture":"#1"},"west":{"uv":[9.25,7.53,10.875,7.875],"tintindex":0,"rotation":0,"texture":"#1"},"up":{"uv":[3.375,1.625,1.75,0.03],"tintindex":0,"rotation":0,"texture":"#1"},"down":{"uv":[3.375,1.75,1.75,3.375],"tintindex":0,"rotation":0,"texture":"#1"}}}],"display":{"gui":{"rotation":[-150.0,-45.0,180.0]}}}