{"textures":{"0":"modelengine:entity/kunai","particle":"#0"},"elements":[{"from":[7.847396,7.125,6.990794],"to":[8.153646,7.825,11.540794],"faces":{"east":{"uv":[1.47,0.03,1.03,3.25],"tintindex":0,"rotation":270,"texture":"#0"},"south":{"uv":[9.97,6.75,9.53,6.53],"tintindex":0,"rotation":270,"texture":"#0"},"north":{"uv":[9.97,7.03,9.53,7.25],"tintindex":0,"rotation":270,"texture":"#0"},"west":{"uv":[1.03,0.03,1.47,3.25],"tintindex":0,"rotation":90,"texture":"#0"},"up":{"uv":[7.03,3.53,7.25,6.75],"tintindex":0,"rotation":180,"texture":"#0"},"down":{"uv":[7.03,7.03,7.25,10.25],"tintindex":0,"rotation":0,"texture":"#0"}}},{"from":[7.825521,6.4762316,6.9739933],"to":[8.175521,7.1762314,9.7739935],"faces":{"east":{"uv":[6.47,2.03,6.03,3.97],"tintindex":0,"rotation":270,"texture":"#0"},"south":{"uv":[7.97,9.75,7.53,9.53],"tintindex":0,"rotation":270,"texture":"#0"},"north":{"uv":[9.97,7.53,9.53,7.75],"tintindex":0,"rotation":270,"texture":"#0"},"west":{"uv":[6.03,2.03,6.47,3.97],"tintindex":0,"rotation":90,"texture":"#0"},"up":{"uv":[2.53,8.03,2.75,9.97],"tintindex":0,"rotation":180,"texture":"#0"},"down":{"uv":[3.03,8.03,3.25,9.97],"tintindex":0,"rotation":0,"texture":"#0"}},"rotation":{"origin":[8.0,8.0,8.0],"angle":45.0,"axis":"x"}},{"from":[7.825521,9.126563,8.390794],"to":[8.175521,9.815625,9.265794],"faces":{"east":{"uv":[7.97,8.03,7.53,8.75],"tintindex":0,"rotation":270,"texture":"#0"},"south":{"uv":[9.97,3.25,9.53,3.03],"tintindex":0,"rotation":270,"texture":"#0"},"north":{"uv":[3.97,9.53,3.53,9.75],"tintindex":0,"rotation":270,"texture":"#0"},"west":{"uv":[7.53,8.03,7.97,8.75],"tintindex":0,"rotation":90,"texture":"#0"},"up":{"uv":[4.53,9.03,4.75,9.75],"tintindex":0,"rotation":180,"texture":"#0"},"down":{"uv":[5.03,9.03,5.25,9.75],"tintindex":0,"rotation":0,"texture":"#0"}}},{"from":[7.836458,5.93713,10.920654],"to":[8.153646,6.5058804,12.145654],"faces":{"east":{"uv":[8.47,0.03,8.03,0.97],"tintindex":0,"rotation":270,"texture":"#0"},"south":{"uv":[9.97,4.25,9.53,4.03],"tintindex":0,"rotation":270,"texture":"#0"},"north":{"uv":[9.97,4.53,9.53,4.75],"tintindex":0,"rotation":270,"texture":"#0"},"west":{"uv":[8.03,0.03,8.47,0.97],"tintindex":0,"rotation":90,"texture":"#0"},"up":{"uv":[8.53,8.53,8.75,9.47],"tintindex":0,"rotation":180,"texture":"#0"},"down":{"uv":[9.03,0.03,9.25,0.97],"tintindex":0,"rotation":0,"texture":"#0"}},"rotation":{"origin":[8.0,8.0,8.0],"angle":-22.5,"axis":"x"}},{"from":[7.836458,9.49412,10.920654],"to":[8.153646,10.06287,12.145654],"faces":{"east":{"uv":[7.97,6.03,7.53,6.97],"tintindex":0,"rotation":270,"texture":"#0"},"south":{"uv":[9.97,2.25,9.53,2.03],"tintindex":0,"rotation":270,"texture":"#0"},"north":{"uv":[9.97,2.53,9.53,2.75],"tintindex":0,"rotation":270,"texture":"#0"},"west":{"uv":[7.53,6.03,7.97,6.97],"tintindex":0,"rotation":90,"texture":"#0"},"up":{"uv":[8.53,6.53,8.75,7.47],"tintindex":0,"rotation":180,"texture":"#0"},"down":{"uv":[8.53,7.53,8.75,8.47],"tintindex":0,"rotation":0,"texture":"#0"}},"rotation":{"origin":[8.0,8.0,8.0],"angle":22.5,"axis":"x"}},{"from":[7.825521,8.823769,6.9739933],"to":[8.175521,9.523769,9.7739935],"faces":{"east":{"uv":[6.47,0.03,6.03,1.97],"tintindex":0,"rotation":270,"texture":"#0"},"south":{"uv":[9.47,9.25,9.03,9.03],"tintindex":0,"rotation":270,"texture":"#0"},"north":{"uv":[0.47,9.53,0.03,9.75],"tintindex":0,"rotation":270,"texture":"#0"},"west":{"uv":[6.03,0.03,6.47,1.97],"tintindex":0,"rotation":90,"texture":"#0"},"up":{"uv":[7.53,0.03,7.75,1.97],"tintindex":0,"rotation":180,"texture":"#0"},"down":{"uv":[7.53,2.03,7.75,3.97],"tintindex":0,"rotation":0,"texture":"#0"}},"rotation":{"origin":[8.0,8.0,8.0],"angle":-45.0,"axis":"x"}},{"from":[7.825521,2.6493325,2.649332],"to":[8.175521,4.049332,2.9993324],"faces":{"east":{"uv":[8.53,4.03,9.47,4.25],"tintindex":0,"rotation":270,"texture":"#0"},"south":{"uv":[9.47,4.75,8.53,4.53],"tintindex":0,"rotation":270,"texture":"#0"},"north":{"uv":[9.47,5.03,8.53,5.25],"tintindex":0,"rotation":270,"texture":"#0"},"west":{"uv":[8.53,3.53,9.47,3.75],"tintindex":0,"rotation":90,"texture":"#0"},"up":{"uv":[8.53,9.53,8.75,9.75],"tintindex":0,"rotation":180,"texture":"#0"},"down":{"uv":[9.53,8.53,9.75,8.75],"tintindex":0,"rotation":0,"texture":"#0"}},"rotation":{"origin":[8.0,8.0,8.0],"angle":45.0,"axis":"x"}},{"from":[7.825521,3.6993322,2.9993324],"to":[8.175521,4.049332,3.6993322],"faces":{"east":{"uv":[9.03,7.03,9.25,7.47],"tintindex":0,"rotation":270,"texture":"#0"},"south":{"uv":[9.25,9.75,9.03,9.53],"tintindex":0,"rotation":270,"texture":"#0"},"north":{"uv":[9.75,9.03,9.53,9.25],"tintindex":0,"rotation":270,"texture":"#0"},"west":{"uv":[9.03,1.03,9.25,1.47],"tintindex":0,"rotation":90,"texture":"#0"},"up":{"uv":[9.03,6.53,9.25,6.97],"tintindex":0,"rotation":180,"texture":"#0"},"down":{"uv":[7.53,9.03,7.75,9.47],"tintindex":0,"rotation":0,"texture":"#0"}},"rotation":{"origin":[8.0,8.0,8.0],"angle":45.0,"axis":"x"}},{"from":[7.825521,2.6493325,3.6993322],"to":[8.175521,4.049332,4.049332],"faces":{"east":{"uv":[8.53,2.03,9.47,2.25],"tintindex":0,"rotation":270,"texture":"#0"},"south":{"uv":[9.47,2.75,8.53,2.53],"tintindex":0,"rotation":270,"texture":"#0"},"north":{"uv":[9.47,3.03,8.53,3.25],"tintindex":0,"rotation":270,"texture":"#0"},"west":{"uv":[8.53,1.53,9.47,1.75],"tintindex":0,"rotation":90,"texture":"#0"},"up":{"uv":[8.03,9.53,8.25,9.75],"tintindex":0,"rotation":180,"texture":"#0"},"down":{"uv":[9.53,8.03,9.75,8.25],"tintindex":0,"rotation":0,"texture":"#0"}},"rotation":{"origin":[8.0,8.0,8.0],"angle":45.0,"axis":"x"}},{"from":[7.825521,5.7779236,7.271099],"to":[8.175521,6.0732355,13.046099],"faces":{"east":{"uv":[4.25,5.03,4.03,9.25],"tintindex":0,"rotation":270,"texture":"#0"},"south":{"uv":[10.25,1.25,10.03,1.03],"tintindex":0,"rotation":270,"texture":"#0"},"north":{"uv":[1.75,10.03,1.53,10.25],"tintindex":0,"rotation":270,"texture":"#0"},"west":{"uv":[4.03,5.03,4.25,9.25],"tintindex":0,"rotation":90,"texture":"#0"},"up":{"uv":[5.03,4.53,5.25,8.75],"tintindex":0,"rotation":180,"texture":"#0"},"down":{"uv":[5.53,4.53,5.75,8.75],"tintindex":0,"rotation":0,"texture":"#0"}},"rotation":{"origin":[8.0,8.0,8.0],"angle":-22.5,"axis":"x"}},{"from":[7.847396,8.175,6.990794],"to":[8.153646,8.875,11.540794],"faces":{"east":{"uv":[0.47,0.03,0.03,3.25],"tintindex":0,"rotation":270,"texture":"#0"},"south":{"uv":[9.97,0.25,9.53,0.03],"tintindex":0,"rotation":270,"texture":"#0"},"north":{"uv":[0.97,9.53,0.53,9.75],"tintindex":0,"rotation":270,"texture":"#0"},"west":{"uv":[0.03,0.03,0.47,3.25],"tintindex":0,"rotation":90,"texture":"#0"},"up":{"uv":[6.53,6.03,6.75,9.25],"tintindex":0,"rotation":180,"texture":"#0"},"down":{"uv":[7.03,0.03,7.25,3.25],"tintindex":0,"rotation":0,"texture":"#0"}}},{"from":[7.825521,6.184375,8.390794],"to":[8.175521,6.873438,9.265794],"faces":{"east":{"uv":[8.97,0.03,8.53,0.75],"tintindex":0,"rotation":270,"texture":"#0"},"south":{"uv":[9.97,3.75,9.53,3.53],"tintindex":0,"rotation":270,"texture":"#0"},"north":{"uv":[4.47,9.53,4.03,9.75],"tintindex":0,"rotation":270,"texture":"#0"},"west":{"uv":[8.53,0.03,8.97,0.75],"tintindex":0,"rotation":90,"texture":"#0"},"up":{"uv":[5.53,9.03,5.75,9.75],"tintindex":0,"rotation":180,"texture":"#0"},"down":{"uv":[9.03,5.53,9.25,6.25],"tintindex":0,"rotation":0,"texture":"#0"}}},{"from":[7.858333,5.9352255,9.206037],"to":[8.142708,6.460226,10.431036],"faces":{"east":{"uv":[8.03,2.03,8.47,2.97],"tintindex":0,"rotation":270,"texture":"#0"},"south":{"uv":[9.97,5.25,9.53,5.03],"tintindex":0,"rotation":270,"texture":"#0"},"north":{"uv":[9.97,5.53,9.53,5.75],"tintindex":0,"rotation":270,"texture":"#0"},"west":{"uv":[2.03,8.03,2.47,8.97],"tintindex":0,"rotation":90,"texture":"#0"},"up":{"uv":[1.03,9.03,1.25,9.97],"tintindex":0,"rotation":180,"texture":"#0"},"down":{"uv":[2.03,9.03,2.25,9.97],"tintindex":0,"rotation":0,"texture":"#0"}},"rotation":{"origin":[8.0,8.0,8.0],"angle":-22.5,"axis":"x"}},{"from":[7.825521,11.805682,11.805682],"to":[8.175521,11.980682,11.980682],"faces":{"east":{"uv":[10.03,2.53,10.25,2.75],"tintindex":0,"rotation":270,"texture":"#0"},"south":{"uv":[10.25,3.25,10.03,3.03],"tintindex":0,"rotation":270,"texture":"#0"},"north":{"uv":[3.75,10.03,3.53,10.25],"tintindex":0,"rotation":270,"texture":"#0"},"west":{"uv":[10.03,2.03,10.25,2.25],"tintindex":0,"rotation":90,"texture":"#0"},"up":{"uv":[2.53,10.03,2.75,10.25],"tintindex":0,"rotation":180,"texture":"#0"},"down":{"uv":[3.03,10.03,3.25,10.25],"tintindex":0,"rotation":0,"texture":"#0"}},"rotation":{"origin":[8.0,8.0,8.0],"angle":45.0,"axis":"x"}},{"from":[7.825521,9.9267645,7.271099],"to":[8.175521,10.222077,13.046099],"faces":{"east":{"uv":[4.75,0.03,4.53,4.25],"tintindex":0,"rotation":270,"texture":"#0"},"south":{"uv":[10.25,0.75,10.03,0.53],"tintindex":0,"rotation":270,"texture":"#0"},"north":{"uv":[1.25,10.03,1.03,10.25],"tintindex":0,"rotation":270,"texture":"#0"},"west":{"uv":[4.53,0.03,4.75,4.25],"tintindex":0,"rotation":90,"texture":"#0"},"up":{"uv":[4.53,4.53,4.75,8.75],"tintindex":0,"rotation":180,"texture":"#0"},"down":{"uv":[3.53,5.03,3.75,9.25],"tintindex":0,"rotation":0,"texture":"#0"}},"rotation":{"origin":[8.0,8.0,8.0],"angle":22.5,"axis":"x"}},{"from":[7.858333,9.539775,9.206037],"to":[8.142708,10.0647745,10.431036],"faces":{"east":{"uv":[7.53,5.03,7.97,5.97],"tintindex":0,"rotation":270,"texture":"#0"},"south":{"uv":[1.97,9.75,1.53,9.53],"tintindex":0,"rotation":270,"texture":"#0"},"north":{"uv":[9.97,1.53,9.53,1.75],"tintindex":0,"rotation":270,"texture":"#0"},"west":{"uv":[7.53,4.03,7.97,4.97],"tintindex":0,"rotation":90,"texture":"#0"},"up":{"uv":[1.53,8.53,1.75,9.47],"tintindex":0,"rotation":180,"texture":"#0"},"down":{"uv":[8.53,5.53,8.75,6.47],"tintindex":0,"rotation":0,"texture":"#0"}},"rotation":{"origin":[8.0,8.0,8.0],"angle":22.5,"axis":"x"}},{"from":[7.836458,6.425,7.690794],"to":[8.164583,7.125,9.965794],"faces":{"east":{"uv":[6.97,2.03,6.53,3.75],"tintindex":0,"rotation":270,"texture":"#0"},"south":{"uv":[9.97,6.25,9.53,6.03],"tintindex":0,"rotation":270,"texture":"#0"},"north":{"uv":[6.97,9.53,6.53,9.75],"tintindex":0,"rotation":270,"texture":"#0"},"west":{"uv":[6.53,2.03,6.97,3.75],"tintindex":0,"rotation":90,"texture":"#0"},"up":{"uv":[6.03,8.03,6.25,9.75],"tintindex":0,"rotation":180,"texture":"#0"},"down":{"uv":[8.03,7.03,8.25,8.75],"tintindex":0,"rotation":0,"texture":"#0"}}},{"from":[7.650521,7.6500006,2.1017313],"to":[8.350521,8.35,6.301731],"faces":{"east":{"uv":[3.03,0.03,3.47,2.97],"tintindex":0,"rotation":270,"texture":"#0"},"south":{"uv":[1.47,8.97,1.03,8.53],"tintindex":0,"rotation":270,"texture":"#0"},"north":{"uv":[8.97,1.03,8.53,1.47],"tintindex":0,"rotation":270,"texture":"#0"},"west":{"uv":[2.03,0.03,2.47,2.97],"tintindex":0,"rotation":90,"texture":"#0"},"up":{"uv":[2.53,0.03,2.97,2.97],"tintindex":0,"rotation":180,"texture":"#0"},"down":{"uv":[2.03,3.03,2.47,5.97],"tintindex":0,"rotation":0,"texture":"#0"}}},{"from":[7.825521,2.6493325,2.9993324],"to":[8.175521,2.9993324,3.6993322],"faces":{"east":{"uv":[9.03,8.03,9.25,8.47],"tintindex":0,"rotation":270,"texture":"#0"},"south":{"uv":[9.75,9.75,9.53,9.53],"tintindex":0,"rotation":270,"texture":"#0"},"north":{"uv":[0.25,10.03,0.03,10.25],"tintindex":0,"rotation":270,"texture":"#0"},"west":{"uv":[9.03,7.53,9.25,7.97],"tintindex":0,"rotation":90,"texture":"#0"},"up":{"uv":[8.03,9.03,8.25,9.47],"tintindex":0,"rotation":180,"texture":"#0"},"down":{"uv":[9.03,8.53,9.25,8.97],"tintindex":0,"rotation":0,"texture":"#0"}},"rotation":{"origin":[8.0,8.0,8.0],"angle":45.0,"axis":"x"}},{"from":[7.836458,8.875,7.690794],"to":[8.164583,9.575,9.965794],"faces":{"east":{"uv":[6.47,6.03,6.03,7.75],"tintindex":0,"rotation":270,"texture":"#0"},"south":{"uv":[9.97,0.75,9.53,0.53],"tintindex":0,"rotation":270,"texture":"#0"},"north":{"uv":[9.97,1.03,9.53,1.25],"tintindex":0,"rotation":270,"texture":"#0"},"west":{"uv":[6.03,6.03,6.47,7.75],"tintindex":0,"rotation":90,"texture":"#0"},"up":{"uv":[8.03,3.03,8.25,4.75],"tintindex":0,"rotation":180,"texture":"#0"},"down":{"uv":[8.03,5.03,8.25,6.75],"tintindex":0,"rotation":0,"texture":"#0"}}},{"from":[7.825521,7.8031254,6.181419],"to":[8.175521,8.196876,13.181418],"faces":{"east":{"uv":[2.75,3.03,2.53,7.97],"tintindex":0,"rotation":270,"texture":"#0"},"south":{"uv":[10.25,0.25,10.03,0.03],"tintindex":0,"rotation":270,"texture":"#0"},"north":{"uv":[0.75,10.03,0.53,10.25],"tintindex":0,"rotation":270,"texture":"#0"},"west":{"uv":[2.53,3.03,2.75,7.97],"tintindex":0,"rotation":90,"texture":"#0"},"up":{"uv":[3.03,3.03,3.25,7.97],"tintindex":0,"rotation":180,"texture":"#0"},"down":{"uv":[3.53,0.03,3.75,4.97],"tintindex":0,"rotation":0,"texture":"#0"}}}],"display":{"gui":{"rotation":[-150.0,-45.0,180.0]}}}