{"textures":{"1":"modelengine:entity/ninja","particle":"#1"},"elements":[{"from":[7.2545,4.6413,5.4999123],"to":[8.6177,8.0493,10.271112],"faces":{"east":{"uv":[1.625,10.03,0.75,10.625],"tintindex":0,"rotation":0,"texture":"#1"},"south":{"uv":[1.25,8.25,1.03,8.875],"tintindex":0,"rotation":0,"texture":"#1"},"north":{"uv":[0.97,8.25,0.75,8.875],"tintindex":0,"rotation":0,"texture":"#1"},"west":{"uv":[10.125,9.75,9.25,10.375],"tintindex":0,"rotation":0,"texture":"#1"},"up":{"uv":[2.53,11.875,2.75,11.03],"tintindex":0,"rotation":0,"texture":"#1"},"down":{"uv":[11.03,3.53,11.25,4.375],"tintindex":0,"rotation":0,"texture":"#1"}}},{"from":[6.2321,1.9148998,5.8407125],"to":[10.3217,8.096175,9.930313],"faces":{"east":{"uv":[9.25,1.25,8.53,2.375],"tintindex":0,"rotation":0,"texture":"#1"},"south":{"uv":[8.97,6.03,8.25,7.125],"tintindex":0,"rotation":0,"texture":"#1"},"north":{"uv":[0.75,8.25,0.03,9.375],"tintindex":0,"rotation":0,"texture":"#1"},"west":{"uv":[8.97,4.75,8.25,5.875],"tintindex":0,"rotation":0,"texture":"#1"},"up":{"uv":[9.53,5.47,10.25,4.75],"tintindex":0,"rotation":0,"texture":"#1"},"down":{"uv":[9.53,5.53,10.25,6.25],"tintindex":0,"rotation":0,"texture":"#1"}}},{"from":[5.8913,3.2781,5.4999123],"to":[7.2545,8.0493,10.271112],"faces":{"east":{"uv":[8.125,8.75,7.25,9.625],"tintindex":0,"rotation":0,"texture":"#1"},"south":{"uv":[8.47,8.75,8.25,9.625],"tintindex":0,"rotation":0,"texture":"#1"},"north":{"uv":[8.47,1.25,8.25,2.125],"tintindex":0,"rotation":0,"texture":"#1"},"west":{"uv":[7.125,8.75,6.25,9.625],"tintindex":0,"rotation":0,"texture":"#1"},"up":{"uv":[8.75,11.625,8.97,10.75],"tintindex":0,"rotation":0,"texture":"#1"},"down":{"uv":[9.03,10.75,9.25,11.625],"tintindex":0,"rotation":0,"texture":"#1"}}},{"from":[5.5505,4.6413,5.8407125],"to":[5.8913,8.0493,9.930313],"faces":{"east":{"uv":[0.75,10.25,0.03,10.875],"tintindex":0,"rotation":0,"texture":"#1"},"south":{"uv":[11.375,3.53,11.25,4.125],"tintindex":0,"rotation":0,"texture":"#1"},"north":{"uv":[11.375,2.03,11.25,2.625],"tintindex":0,"rotation":0,"texture":"#1"},"west":{"uv":[10.75,9.03,10.03,9.625],"tintindex":0,"rotation":0,"texture":"#1"},"up":{"uv":[10.53,11.75,10.625,11.03],"tintindex":0,"rotation":0,"texture":"#1"},"down":{"uv":[10.75,11.03,10.875,11.75],"tintindex":0,"rotation":0,"texture":"#1"}}}],"display":{"gui":{"rotation":[-150.0,-45.0,180.0]}}}