{"textures":{"1":"modelengine:entity/ninja","particle":"#1"},"elements":[{"from":[5.6037436,4.8074417,5.463176],"to":[8.330144,6.8522415,10.575176],"faces":{"east":{"uv":[5.97,2.53,5.03,2.875],"tintindex":0,"rotation":0,"texture":"#1"},"south":{"uv":[8.25,4.75,7.75,5.125],"tintindex":0,"rotation":0,"texture":"#1"},"north":{"uv":[1.75,7.25,1.25,7.625],"tintindex":0,"rotation":0,"texture":"#1"},"west":{"uv":[4.47,3.03,3.53,3.375],"tintindex":0,"rotation":0,"texture":"#1"},"up":{"uv":[1.75,10.97,2.25,10.03],"tintindex":0,"rotation":0,"texture":"#1"},"down":{"uv":[2.25,10.03,2.75,10.97],"tintindex":0,"rotation":0,"texture":"#1"}}},{"from":[6.051051,2.0810413,5.953069],"to":[10.140651,8.215441,10.042669],"faces":{"east":{"uv":[3.47,7.75,2.75,8.875],"tintindex":0,"rotation":0,"texture":"#1"},"south":{"uv":[8.47,2.25,7.75,3.375],"tintindex":0,"rotation":0,"texture":"#1"},"north":{"uv":[1.97,7.75,1.25,8.875],"tintindex":0,"rotation":0,"texture":"#1"},"west":{"uv":[2.75,7.75,2.03,8.875],"tintindex":0,"rotation":0,"texture":"#1"},"up":{"uv":[3.25,5.75,3.97,5.03],"tintindex":0,"rotation":0,"texture":"#1"},"down":{"uv":[9.25,9.03,9.97,9.75],"tintindex":0,"rotation":0,"texture":"#1"}}},{"from":[5.710251,4.125841,5.6122694],"to":[8.777451,7.53384,10.38347],"faces":{"east":{"uv":[4.625,9.75,3.75,10.375],"tintindex":0,"rotation":0,"texture":"#1"},"south":{"uv":[10.875,4.53,10.25,5.125],"tintindex":0,"rotation":0,"texture":"#1"},"north":{"uv":[10.875,3.75,10.25,4.375],"tintindex":0,"rotation":0,"texture":"#1"},"west":{"uv":[10.625,2.25,9.75,2.875],"tintindex":0,"rotation":0,"texture":"#1"},"up":{"uv":[4.75,10.625,5.375,9.75],"tintindex":0,"rotation":0,"texture":"#1"},"down":{"uv":[5.53,9.75,6.125,10.625],"tintindex":0,"rotation":0,"texture":"#1"}}}],"display":{"gui":{"rotation":[-150.0,-45.0,180.0]}}}