{"textures":{"1":"modelengine:entity/ninja","particle":"#1"},"elements":[{"from":[5.7117715,2.1522436,7.6592],"to":[6.052572,2.8338432,8.3408],"faces":{"east":{"uv":[6.125,11.25,6.03,11.375],"tintindex":0,"rotation":0,"texture":"#1"},"south":{"uv":[5.875,11.25,5.75,11.375],"tintindex":0,"rotation":0,"texture":"#1"},"north":{"uv":[5.375,11.25,5.25,11.375],"tintindex":0,"rotation":0,"texture":"#1"},"west":{"uv":[5.625,11.25,5.53,11.375],"tintindex":0,"rotation":0,"texture":"#1"},"up":{"uv":[11.25,6.125,11.375,6.03],"tintindex":0,"rotation":0,"texture":"#1"},"down":{"uv":[6.25,11.25,6.375,11.375],"tintindex":0,"rotation":0,"texture":"#1"}}},{"from":[6.052572,3.1746435,5.6144],"to":[9.119772,7.9458437,10.3856],"faces":{"east":{"uv":[6.125,8.75,5.25,9.625],"tintindex":0,"rotation":0,"texture":"#1"},"south":{"uv":[7.625,9.75,7.03,10.625],"tintindex":0,"rotation":0,"texture":"#1"},"north":{"uv":[6.875,9.75,6.25,10.625],"tintindex":0,"rotation":0,"texture":"#1"},"west":{"uv":[5.125,8.75,4.25,9.625],"tintindex":0,"rotation":0,"texture":"#1"},"up":{"uv":[7.75,10.625,8.375,9.75],"tintindex":0,"rotation":0,"texture":"#1"},"down":{"uv":[8.53,9.75,9.125,10.625],"tintindex":0,"rotation":0,"texture":"#1"}}},{"from":[5.7117715,3.1746435,5.6144],"to":[6.052572,5.2194433,10.3856],"faces":{"east":{"uv":[4.625,10.53,3.75,10.875],"tintindex":0,"rotation":0,"texture":"#1"},"south":{"uv":[4.875,11.25,4.75,11.625],"tintindex":0,"rotation":0,"texture":"#1"},"north":{"uv":[4.625,11.25,4.53,11.625],"tintindex":0,"rotation":0,"texture":"#1"},"west":{"uv":[11.375,1.53,10.53,1.875],"tintindex":0,"rotation":0,"texture":"#1"},"up":{"uv":[11.03,8.875,11.125,8.03],"tintindex":0,"rotation":0,"texture":"#1"},"down":{"uv":[9.25,11.03,9.375,11.875],"tintindex":0,"rotation":0,"texture":"#1"}}},{"from":[5.7117715,2.1522436,9.0224],"to":[6.052572,2.8338432,9.704],"faces":{"east":{"uv":[7.125,11.25,7.03,11.375],"tintindex":0,"rotation":0,"texture":"#1"},"south":{"uv":[6.875,11.25,6.75,11.375],"tintindex":0,"rotation":0,"texture":"#1"},"north":{"uv":[11.375,6.25,11.25,6.375],"tintindex":0,"rotation":0,"texture":"#1"},"west":{"uv":[6.625,11.25,6.53,11.375],"tintindex":0,"rotation":0,"texture":"#1"},"up":{"uv":[7.25,11.375,7.375,11.25],"tintindex":0,"rotation":0,"texture":"#1"},"down":{"uv":[7.53,11.25,7.625,11.375],"tintindex":0,"rotation":0,"texture":"#1"}}},{"from":[6.052572,1.470643,5.6144],"to":[7.756572,3.1746435,10.3856],"faces":{"east":{"uv":[11.125,10.53,10.25,10.875],"tintindex":0,"rotation":0,"texture":"#1"},"south":{"uv":[11.375,4.53,11.03,4.875],"tintindex":0,"rotation":0,"texture":"#1"},"north":{"uv":[4.125,9.25,3.75,9.625],"tintindex":0,"rotation":0,"texture":"#1"},"west":{"uv":[10.125,10.53,9.25,10.875],"tintindex":0,"rotation":0,"texture":"#1"},"up":{"uv":[0.75,11.625,1.125,10.75],"tintindex":0,"rotation":0,"texture":"#1"},"down":{"uv":[1.25,10.75,1.625,11.625],"tintindex":0,"rotation":0,"texture":"#1"}}},{"from":[5.7117715,2.1522436,6.296],"to":[6.052572,2.8338432,6.9776],"faces":{"east":{"uv":[10.375,0.53,10.25,0.625],"tintindex":0,"rotation":0,"texture":"#1"},"south":{"uv":[9.125,7.03,9.03,7.125],"tintindex":0,"rotation":0,"texture":"#1"},"north":{"uv":[8.375,7.25,8.25,7.375],"tintindex":0,"rotation":0,"texture":"#1"},"west":{"uv":[3.375,9.03,3.25,9.125],"tintindex":0,"rotation":0,"texture":"#1"},"up":{"uv":[10.53,2.125,10.625,2.03],"tintindex":0,"rotation":0,"texture":"#1"},"down":{"uv":[5.03,11.25,5.125,11.375],"tintindex":0,"rotation":0,"texture":"#1"}}},{"from":[6.393372,1.8114433,5.9552],"to":[10.482971,7.9770937,10.0448],"faces":{"east":{"uv":[4.25,8.03,3.53,9.125],"tintindex":0,"rotation":0,"texture":"#1"},"south":{"uv":[8.75,0.03,8.03,1.125],"tintindex":0,"rotation":0,"texture":"#1"},"north":{"uv":[8.47,3.53,7.75,4.625],"tintindex":0,"rotation":0,"texture":"#1"},"west":{"uv":[8.47,7.53,7.75,8.625],"tintindex":0,"rotation":0,"texture":"#1"},"up":{"uv":[0.03,10.25,0.75,9.53],"tintindex":0,"rotation":0,"texture":"#1"},"down":{"uv":[9.53,0.03,10.25,0.75],"tintindex":0,"rotation":0,"texture":"#1"}}}],"display":{"gui":{"rotation":[-150.0,-45.0,180.0]}}}