{"textures":{"1":"modelengine:entity/ninja","particle":"#1"},"elements":[{"from":[5.9552,1.7714,6.407825],"to":[10.0448,7.952675,10.497425],"faces":{"east":{"uv":[9.47,0.03,8.75,1.125],"tintindex":0,"rotation":0,"texture":"#1"},"south":{"uv":[9.25,8.53,8.53,9.625],"tintindex":0,"rotation":0,"texture":"#1"},"north":{"uv":[9.25,2.53,8.53,3.625],"tintindex":0,"rotation":0,"texture":"#1"},"west":{"uv":[9.25,7.25,8.53,8.375],"tintindex":0,"rotation":0,"texture":"#1"},"up":{"uv":[9.75,1.47,10.47,0.75],"tintindex":0,"rotation":0,"texture":"#1"},"down":{"uv":[9.75,1.53,10.47,2.25],"tintindex":0,"rotation":0,"texture":"#1"}}},{"from":[5.6144,3.1345997,6.067025],"to":[10.3856,7.9058,7.771025],"faces":{"east":{"uv":[3.125,10.75,2.75,11.625],"tintindex":0,"rotation":0,"texture":"#1"},"south":{"uv":[2.625,9.03,1.75,9.875],"tintindex":0,"rotation":0,"texture":"#1"},"north":{"uv":[1.625,9.03,0.75,9.875],"tintindex":0,"rotation":0,"texture":"#1"},"west":{"uv":[11.125,2.03,10.75,2.875],"tintindex":0,"rotation":0,"texture":"#1"},"up":{"uv":[4.75,11.125,5.625,10.75],"tintindex":0,"rotation":0,"texture":"#1"},"down":{"uv":[5.75,10.75,6.625,11.125],"tintindex":0,"rotation":0,"texture":"#1"}}},{"from":[6.296,4.4978,5.854025],"to":[9.704,7.9058,6.067025],"faces":{"east":{"uv":[4.375,11.25,4.25,11.875],"tintindex":0,"rotation":0,"texture":"#1"},"south":{"uv":[10.875,9.75,10.25,10.375],"tintindex":0,"rotation":0,"texture":"#1"},"north":{"uv":[10.875,5.25,10.25,5.875],"tintindex":0,"rotation":0,"texture":"#1"},"west":{"uv":[4.125,11.25,4.03,11.875],"tintindex":0,"rotation":0,"texture":"#1"},"up":{"uv":[11.25,2.875,11.875,2.75],"tintindex":0,"rotation":0,"texture":"#1"},"down":{"uv":[11.25,4.25,11.875,4.375],"tintindex":0,"rotation":0,"texture":"#1"}}},{"from":[5.6144,5.1794,7.771025],"to":[10.3856,7.2242002,9.475025],"faces":{"east":{"uv":[11.375,5.53,11.03,5.875],"tintindex":0,"rotation":0,"texture":"#1"},"south":{"uv":[7.625,10.75,6.75,11.125],"tintindex":0,"rotation":0,"texture":"#1"},"north":{"uv":[11.625,6.53,10.75,6.875],"tintindex":0,"rotation":0,"texture":"#1"},"west":{"uv":[11.375,5.03,11.03,5.375],"tintindex":0,"rotation":0,"texture":"#1"},"up":{"uv":[7.75,11.125,8.625,10.75],"tintindex":0,"rotation":0,"texture":"#1"},"down":{"uv":[10.75,9.03,11.625,9.375],"tintindex":0,"rotation":0,"texture":"#1"}}}],"display":{"gui":{"rotation":[-150.0,-45.0,180.0]}}}