{"textures":{"1":"modelengine:entity/ninja","particle":"#1"},"elements":[{"from":[5.6144,5.4294,7.771025],"to":[10.3856,7.4742002,9.475025],"faces":{"east":{"uv":[11.03,5.03,11.375,5.375],"tintindex":0,"rotation":0,"texture":"#1"},"south":{"uv":[6.75,10.75,7.625,11.125],"tintindex":0,"rotation":0,"texture":"#1"},"north":{"uv":[10.75,6.53,11.625,6.875],"tintindex":0,"rotation":0,"texture":"#1"},"west":{"uv":[11.03,5.53,11.375,5.875],"tintindex":0,"rotation":0,"texture":"#1"},"up":{"uv":[8.625,11.125,7.75,10.75],"tintindex":0,"rotation":0,"texture":"#1"},"down":{"uv":[11.625,9.03,10.75,9.375],"tintindex":0,"rotation":0,"texture":"#1"}}},{"from":[5.6144,3.3845997,6.067025],"to":[10.3856,8.1558,7.771025],"faces":{"east":{"uv":[10.75,2.03,11.125,2.875],"tintindex":0,"rotation":0,"texture":"#1"},"south":{"uv":[1.75,9.03,2.625,9.875],"tintindex":0,"rotation":0,"texture":"#1"},"north":{"uv":[0.75,9.03,1.625,9.875],"tintindex":0,"rotation":0,"texture":"#1"},"west":{"uv":[2.75,10.75,3.125,11.625],"tintindex":0,"rotation":0,"texture":"#1"},"up":{"uv":[5.625,11.125,4.75,10.75],"tintindex":0,"rotation":0,"texture":"#1"},"down":{"uv":[6.625,10.75,5.75,11.125],"tintindex":0,"rotation":0,"texture":"#1"}}},{"from":[5.9552,2.0214,6.407825],"to":[10.0448,8.202675,10.497425],"faces":{"east":{"uv":[8.53,7.25,9.25,8.375],"tintindex":0,"rotation":0,"texture":"#1"},"south":{"uv":[8.53,8.53,9.25,9.625],"tintindex":0,"rotation":0,"texture":"#1"},"north":{"uv":[8.53,2.53,9.25,3.625],"tintindex":0,"rotation":0,"texture":"#1"},"west":{"uv":[8.75,0.03,9.47,1.125],"tintindex":0,"rotation":0,"texture":"#1"},"up":{"uv":[10.47,1.47,9.75,0.75],"tintindex":0,"rotation":0,"texture":"#1"},"down":{"uv":[10.47,1.53,9.75,2.25],"tintindex":0,"rotation":0,"texture":"#1"}}},{"from":[6.296,4.7478,5.854025],"to":[9.704,8.1558,6.067025],"faces":{"east":{"uv":[4.03,11.25,4.125,11.875],"tintindex":0,"rotation":0,"texture":"#1"},"south":{"uv":[10.25,9.75,10.875,10.375],"tintindex":0,"rotation":0,"texture":"#1"},"north":{"uv":[10.25,5.25,10.875,5.875],"tintindex":0,"rotation":0,"texture":"#1"},"west":{"uv":[4.25,11.25,4.375,11.875],"tintindex":0,"rotation":0,"texture":"#1"},"up":{"uv":[11.875,2.875,11.25,2.75],"tintindex":0,"rotation":0,"texture":"#1"},"down":{"uv":[11.875,4.25,11.25,4.375],"tintindex":0,"rotation":0,"texture":"#1"}}}],"display":{"gui":{"rotation":[-150.0,-45.0,180.0]}}}