{"textures":{"1":"modelengine:entity/ninja","particle":"#1"},"elements":[{"from":[7.3823,4.6413,5.4999123],"to":[8.745501,8.0493,10.271112],"faces":{"east":{"uv":[9.25,9.75,10.125,10.375],"tintindex":0,"rotation":0,"texture":"#1"},"south":{"uv":[1.03,8.25,1.25,8.875],"tintindex":0,"rotation":0,"texture":"#1"},"north":{"uv":[0.75,8.25,0.97,8.875],"tintindex":0,"rotation":0,"texture":"#1"},"west":{"uv":[0.75,10.03,1.625,10.625],"tintindex":0,"rotation":0,"texture":"#1"},"up":{"uv":[2.75,11.875,2.53,11.03],"tintindex":0,"rotation":0,"texture":"#1"},"down":{"uv":[11.25,3.53,11.03,4.375],"tintindex":0,"rotation":0,"texture":"#1"}}},{"from":[8.745501,3.2781,5.4999123],"to":[10.1087,8.0493,10.271112],"faces":{"east":{"uv":[6.25,8.75,7.125,9.625],"tintindex":0,"rotation":0,"texture":"#1"},"south":{"uv":[8.25,8.75,8.47,9.625],"tintindex":0,"rotation":0,"texture":"#1"},"north":{"uv":[8.25,1.25,8.47,2.125],"tintindex":0,"rotation":0,"texture":"#1"},"west":{"uv":[7.25,8.75,8.125,9.625],"tintindex":0,"rotation":0,"texture":"#1"},"up":{"uv":[8.97,11.625,8.75,10.75],"tintindex":0,"rotation":0,"texture":"#1"},"down":{"uv":[9.25,10.75,9.03,11.625],"tintindex":0,"rotation":0,"texture":"#1"}}},{"from":[5.6783,1.9148998,5.8407125],"to":[9.7679,8.096175,9.930313],"faces":{"east":{"uv":[8.25,4.75,8.97,5.875],"tintindex":0,"rotation":0,"texture":"#1"},"south":{"uv":[8.25,6.03,8.97,7.125],"tintindex":0,"rotation":0,"texture":"#1"},"north":{"uv":[0.03,8.25,0.75,9.375],"tintindex":0,"rotation":0,"texture":"#1"},"west":{"uv":[8.53,1.25,9.25,2.375],"tintindex":0,"rotation":0,"texture":"#1"},"up":{"uv":[10.25,5.47,9.53,4.75],"tintindex":0,"rotation":0,"texture":"#1"},"down":{"uv":[10.25,5.53,9.53,6.25],"tintindex":0,"rotation":0,"texture":"#1"}}},{"from":[10.1087,4.6413,5.8407125],"to":[10.4495,8.0493,9.930313],"faces":{"east":{"uv":[10.03,9.03,10.75,9.625],"tintindex":0,"rotation":0,"texture":"#1"},"south":{"uv":[11.25,3.53,11.375,4.125],"tintindex":0,"rotation":0,"texture":"#1"},"north":{"uv":[11.25,2.03,11.375,2.625],"tintindex":0,"rotation":0,"texture":"#1"},"west":{"uv":[0.03,10.25,0.75,10.875],"tintindex":0,"rotation":0,"texture":"#1"},"up":{"uv":[10.625,11.75,10.53,11.03],"tintindex":0,"rotation":0,"texture":"#1"},"down":{"uv":[10.875,11.03,10.75,11.75],"tintindex":0,"rotation":0,"texture":"#1"}}}],"display":{"gui":{"rotation":[-150.0,-45.0,180.0]}}}