{"textures":{"1":"modelengine:entity/ninja","particle":"#1"},"elements":[{"from":[9.947428,2.1522436,7.6592],"to":[10.288229,2.8338432,8.3408],"faces":{"east":{"uv":[5.53,11.25,5.625,11.375],"tintindex":0,"rotation":0,"texture":"#1"},"south":{"uv":[5.75,11.25,5.875,11.375],"tintindex":0,"rotation":0,"texture":"#1"},"north":{"uv":[5.25,11.25,5.375,11.375],"tintindex":0,"rotation":0,"texture":"#1"},"west":{"uv":[6.03,11.25,6.125,11.375],"tintindex":0,"rotation":0,"texture":"#1"},"up":{"uv":[11.375,6.125,11.25,6.03],"tintindex":0,"rotation":0,"texture":"#1"},"down":{"uv":[6.375,11.25,6.25,11.375],"tintindex":0,"rotation":0,"texture":"#1"}}},{"from":[6.8802285,3.1746435,5.6144],"to":[9.947428,7.9458437,10.3856],"faces":{"east":{"uv":[4.25,8.75,5.125,9.625],"tintindex":0,"rotation":0,"texture":"#1"},"south":{"uv":[7.03,9.75,7.625,10.625],"tintindex":0,"rotation":0,"texture":"#1"},"north":{"uv":[6.25,9.75,6.875,10.625],"tintindex":0,"rotation":0,"texture":"#1"},"west":{"uv":[5.25,8.75,6.125,9.625],"tintindex":0,"rotation":0,"texture":"#1"},"up":{"uv":[8.375,10.625,7.75,9.75],"tintindex":0,"rotation":0,"texture":"#1"},"down":{"uv":[9.125,9.75,8.53,10.625],"tintindex":0,"rotation":0,"texture":"#1"}}},{"from":[9.947428,3.1746435,5.6144],"to":[10.288229,5.2194433,10.3856],"faces":{"east":{"uv":[10.53,1.53,11.375,1.875],"tintindex":0,"rotation":0,"texture":"#1"},"south":{"uv":[4.75,11.25,4.875,11.625],"tintindex":0,"rotation":0,"texture":"#1"},"north":{"uv":[4.53,11.25,4.625,11.625],"tintindex":0,"rotation":0,"texture":"#1"},"west":{"uv":[3.75,10.53,4.625,10.875],"tintindex":0,"rotation":0,"texture":"#1"},"up":{"uv":[11.125,8.875,11.03,8.03],"tintindex":0,"rotation":0,"texture":"#1"},"down":{"uv":[9.375,11.03,9.25,11.875],"tintindex":0,"rotation":0,"texture":"#1"}}},{"from":[9.947428,2.1522436,6.296],"to":[10.288229,2.8338432,6.9776],"faces":{"east":{"uv":[3.25,9.03,3.375,9.125],"tintindex":0,"rotation":0,"texture":"#1"},"south":{"uv":[9.03,7.03,9.125,7.125],"tintindex":0,"rotation":0,"texture":"#1"},"north":{"uv":[8.25,7.25,8.375,7.375],"tintindex":0,"rotation":0,"texture":"#1"},"west":{"uv":[10.25,0.53,10.375,0.625],"tintindex":0,"rotation":0,"texture":"#1"},"up":{"uv":[10.625,2.125,10.53,2.03],"tintindex":0,"rotation":0,"texture":"#1"},"down":{"uv":[5.125,11.25,5.03,11.375],"tintindex":0,"rotation":0,"texture":"#1"}}},{"from":[9.947428,2.1522436,9.0224],"to":[10.288229,2.8338432,9.704],"faces":{"east":{"uv":[6.53,11.25,6.625,11.375],"tintindex":0,"rotation":0,"texture":"#1"},"south":{"uv":[6.75,11.25,6.875,11.375],"tintindex":0,"rotation":0,"texture":"#1"},"north":{"uv":[11.25,6.25,11.375,6.375],"tintindex":0,"rotation":0,"texture":"#1"},"west":{"uv":[7.03,11.25,7.125,11.375],"tintindex":0,"rotation":0,"texture":"#1"},"up":{"uv":[7.375,11.375,7.25,11.25],"tintindex":0,"rotation":0,"texture":"#1"},"down":{"uv":[7.625,11.25,7.53,11.375],"tintindex":0,"rotation":0,"texture":"#1"}}},{"from":[8.243428,1.470643,5.6144],"to":[9.947428,3.1746435,10.3856],"faces":{"east":{"uv":[9.25,10.53,10.125,10.875],"tintindex":0,"rotation":0,"texture":"#1"},"south":{"uv":[11.03,4.53,11.375,4.875],"tintindex":0,"rotation":0,"texture":"#1"},"north":{"uv":[3.75,9.25,4.125,9.625],"tintindex":0,"rotation":0,"texture":"#1"},"west":{"uv":[10.25,10.53,11.125,10.875],"tintindex":0,"rotation":0,"texture":"#1"},"up":{"uv":[1.125,11.625,0.75,10.75],"tintindex":0,"rotation":0,"texture":"#1"},"down":{"uv":[1.625,10.75,1.25,11.625],"tintindex":0,"rotation":0,"texture":"#1"}}},{"from":[5.5170283,1.8114433,5.9552],"to":[9.606628,7.9927187,10.0448],"faces":{"east":{"uv":[7.75,7.53,8.47,8.625],"tintindex":0,"rotation":0,"texture":"#1"},"south":{"uv":[8.03,0.03,8.75,1.125],"tintindex":0,"rotation":0,"texture":"#1"},"north":{"uv":[7.75,3.53,8.47,4.625],"tintindex":0,"rotation":0,"texture":"#1"},"west":{"uv":[3.53,8.03,4.25,9.125],"tintindex":0,"rotation":0,"texture":"#1"},"up":{"uv":[0.75,10.25,0.03,9.53],"tintindex":0,"rotation":0,"texture":"#1"},"down":{"uv":[10.25,0.03,9.53,0.75],"tintindex":0,"rotation":0,"texture":"#1"}}}],"display":{"gui":{"rotation":[-150.0,-45.0,180.0]}}}