{"textures":{"1":"modelengine:entity/ninja","particle":"#1"},"elements":[{"from":[7.669856,4.8074417,5.463176],"to":[10.396256,6.8522415,10.575176],"faces":{"east":{"uv":[3.53,3.03,4.47,3.375],"tintindex":0,"rotation":0,"texture":"#1"},"south":{"uv":[7.75,4.75,8.25,5.125],"tintindex":0,"rotation":0,"texture":"#1"},"north":{"uv":[1.25,7.25,1.75,7.625],"tintindex":0,"rotation":0,"texture":"#1"},"west":{"uv":[5.03,2.53,5.97,2.875],"tintindex":0,"rotation":0,"texture":"#1"},"up":{"uv":[2.25,10.97,1.75,10.03],"tintindex":0,"rotation":0,"texture":"#1"},"down":{"uv":[2.75,10.03,2.25,10.97],"tintindex":0,"rotation":0,"texture":"#1"}}},{"from":[7.2225494,4.125841,5.6122694],"to":[10.289749,7.53384,10.38347],"faces":{"east":{"uv":[9.75,2.25,10.625,2.875],"tintindex":0,"rotation":0,"texture":"#1"},"south":{"uv":[10.25,4.53,10.875,5.125],"tintindex":0,"rotation":0,"texture":"#1"},"north":{"uv":[10.25,3.75,10.875,4.375],"tintindex":0,"rotation":0,"texture":"#1"},"west":{"uv":[3.75,9.75,4.625,10.375],"tintindex":0,"rotation":0,"texture":"#1"},"up":{"uv":[5.375,10.625,4.75,9.75],"tintindex":0,"rotation":0,"texture":"#1"},"down":{"uv":[6.125,9.75,5.53,10.625],"tintindex":0,"rotation":0,"texture":"#1"}}},{"from":[5.8593493,2.0810413,5.953069],"to":[9.948949,8.215441,10.042669],"faces":{"east":{"uv":[2.03,7.75,2.75,8.875],"tintindex":0,"rotation":0,"texture":"#1"},"south":{"uv":[7.75,2.25,8.47,3.375],"tintindex":0,"rotation":0,"texture":"#1"},"north":{"uv":[1.25,7.75,1.97,8.875],"tintindex":0,"rotation":0,"texture":"#1"},"west":{"uv":[2.75,7.75,3.47,8.875],"tintindex":0,"rotation":0,"texture":"#1"},"up":{"uv":[3.97,5.75,3.25,5.03],"tintindex":0,"rotation":0,"texture":"#1"},"down":{"uv":[9.97,9.03,9.25,9.75],"tintindex":0,"rotation":0,"texture":"#1"}}}],"display":{"gui":{"rotation":[-150.0,-45.0,180.0]}}}