{"textures":{"0":"modelengine:entity/kunai","particle":"#0"},"elements":[{"from":[5.958258,8.543114,7.949805],"to":[7.6082582,8.62749,8.049805],"faces":{"east":{"uv":[1.25,10.25,1.03,10.03],"tintindex":0,"rotation":270,"texture":"#0"},"south":{"uv":[4.53,4.25,4.75,0.03],"tintindex":0,"rotation":90,"texture":"#0"},"north":{"uv":[4.75,4.25,4.53,0.03],"tintindex":0,"rotation":270,"texture":"#0"},"west":{"uv":[10.25,0.53,10.03,0.75],"tintindex":0,"rotation":270,"texture":"#0"},"up":{"uv":[4.53,8.75,4.75,4.53],"tintindex":0,"rotation":90,"texture":"#0"},"down":{"uv":[3.53,9.25,3.75,5.03],"tintindex":0,"rotation":90,"texture":"#0"}},"rotation":{"origin":[7.4,7.99261,7.999953],"angle":22.5,"axis":"z"}},{"from":[6.893146,8.227972,7.949805],"to":[7.693146,8.427972,8.049805],"faces":{"east":{"uv":[0.47,9.75,0.03,9.53],"tintindex":0,"rotation":270,"texture":"#0"},"south":{"uv":[6.03,1.97,6.47,0.03],"tintindex":0,"rotation":90,"texture":"#0"},"north":{"uv":[6.47,1.97,6.03,0.03],"tintindex":0,"rotation":270,"texture":"#0"},"west":{"uv":[9.47,9.03,9.03,9.25],"tintindex":0,"rotation":270,"texture":"#0"},"up":{"uv":[7.53,1.97,7.75,0.03],"tintindex":0,"rotation":90,"texture":"#0"},"down":{"uv":[7.53,3.97,7.75,2.03],"tintindex":0,"rotation":90,"texture":"#0"}},"rotation":{"origin":[7.4,7.99261,7.999953],"angle":-45.0,"axis":"z"}},{"from":[6.215528,7.4032173,7.956055],"to":[6.565528,7.5657177,8.046679],"faces":{"east":{"uv":[9.97,4.75,9.53,4.53],"tintindex":0,"rotation":270,"texture":"#0"},"south":{"uv":[8.03,0.97,8.47,0.03],"tintindex":0,"rotation":90,"texture":"#0"},"north":{"uv":[8.47,0.97,8.03,0.03],"tintindex":0,"rotation":270,"texture":"#0"},"west":{"uv":[9.97,4.03,9.53,4.25],"tintindex":0,"rotation":270,"texture":"#0"},"up":{"uv":[8.53,9.47,8.75,8.53],"tintindex":0,"rotation":90,"texture":"#0"},"down":{"uv":[9.03,0.97,9.25,0.03],"tintindex":0,"rotation":90,"texture":"#0"}},"rotation":{"origin":[7.4,7.99261,7.999953],"angle":-22.5,"axis":"z"}},{"from":[7.36512,8.384352,7.949805],"to":[7.4494963,10.034351,8.049805],"faces":{"east":{"uv":[3.53,5.03,3.75,9.25],"tintindex":0,"rotation":0,"texture":"#0"},"south":{"uv":[4.53,0.03,4.75,4.25],"tintindex":0,"rotation":0,"texture":"#0"},"north":{"uv":[4.75,0.03,4.53,4.25],"tintindex":0,"rotation":0,"texture":"#0"},"west":{"uv":[4.53,4.53,4.75,8.75],"tintindex":0,"rotation":0,"texture":"#0"},"up":{"uv":[10.25,0.75,10.03,0.53],"tintindex":0,"rotation":180,"texture":"#0"},"down":{"uv":[1.25,10.03,1.03,10.25],"tintindex":0,"rotation":180,"texture":"#0"}},"rotation":{"origin":[8.0,8.592609,7.999953],"angle":-22.5,"axis":"z"}},{"from":[7.48125,7.0605135,7.949805],"to":[7.678124,7.3105135,8.049805],"faces":{"east":{"uv":[5.03,9.75,5.25,9.03],"tintindex":0,"rotation":0,"texture":"#0"},"south":{"uv":[7.53,8.75,7.97,8.03],"tintindex":0,"rotation":0,"texture":"#0"},"north":{"uv":[7.97,8.75,7.53,8.03],"tintindex":0,"rotation":0,"texture":"#0"},"west":{"uv":[4.53,9.75,4.75,9.03],"tintindex":0,"rotation":0,"texture":"#0"},"up":{"uv":[3.97,9.75,3.53,9.53],"tintindex":0,"rotation":180,"texture":"#0"},"down":{"uv":[9.97,3.03,9.53,3.25],"tintindex":0,"rotation":180,"texture":"#0"}}},{"from":[9.434472,7.4032173,7.956055],"to":[9.7844715,7.5657177,8.046679],"faces":{"east":{"uv":[9.97,4.25,9.53,4.03],"tintindex":0,"rotation":270,"texture":"#0"},"south":{"uv":[8.03,0.03,8.47,0.97],"tintindex":0,"rotation":90,"texture":"#0"},"north":{"uv":[8.47,0.03,8.03,0.97],"tintindex":0,"rotation":270,"texture":"#0"},"west":{"uv":[9.97,4.53,9.53,4.75],"tintindex":0,"rotation":270,"texture":"#0"},"up":{"uv":[8.53,8.53,8.75,9.47],"tintindex":0,"rotation":90,"texture":"#0"},"down":{"uv":[9.03,0.03,9.25,0.97],"tintindex":0,"rotation":90,"texture":"#0"}},"rotation":{"origin":[8.6,7.99261,7.999953],"angle":22.5,"axis":"z"}},{"from":[8.311656,7.74261,7.956055],"to":[9.611656,7.94261,8.043555],"faces":{"east":{"uv":[9.97,6.75,9.53,6.53],"tintindex":0,"rotation":270,"texture":"#0"},"south":{"uv":[1.03,0.03,1.47,3.25],"tintindex":0,"rotation":90,"texture":"#0"},"north":{"uv":[1.47,0.03,1.03,3.25],"tintindex":0,"rotation":270,"texture":"#0"},"west":{"uv":[9.97,7.03,9.53,7.25],"tintindex":0,"rotation":270,"texture":"#0"},"up":{"uv":[7.03,3.53,7.25,6.75],"tintindex":0,"rotation":90,"texture":"#0"},"down":{"uv":[7.03,7.03,7.25,10.25],"tintindex":0,"rotation":90,"texture":"#0"}}},{"from":[6.705418,8.432546,7.959179],"to":[7.055418,8.582545,8.040429],"faces":{"east":{"uv":[9.97,1.75,9.53,1.53],"tintindex":0,"rotation":270,"texture":"#0"},"south":{"uv":[7.53,4.97,7.97,4.03],"tintindex":0,"rotation":90,"texture":"#0"},"north":{"uv":[7.53,5.97,7.97,5.03],"tintindex":0,"rotation":270,"texture":"#0"},"west":{"uv":[1.97,9.53,1.53,9.75],"tintindex":0,"rotation":270,"texture":"#0"},"up":{"uv":[1.53,9.47,1.75,8.53],"tintindex":0,"rotation":90,"texture":"#0"},"down":{"uv":[8.53,6.47,8.75,5.53],"tintindex":0,"rotation":90,"texture":"#0"}},"rotation":{"origin":[7.4,7.99261,7.999953],"angle":22.5,"axis":"z"}},{"from":[8.130405,7.9363594,7.949805],"to":[10.080406,8.04886,8.049805],"faces":{"east":{"uv":[10.25,0.25,10.03,0.03],"tintindex":0,"rotation":270,"texture":"#0"},"south":{"uv":[2.53,3.03,2.75,7.97],"tintindex":0,"rotation":90,"texture":"#0"},"north":{"uv":[2.75,3.03,2.53,7.97],"tintindex":0,"rotation":270,"texture":"#0"},"west":{"uv":[0.75,10.03,0.53,10.25],"tintindex":0,"rotation":270,"texture":"#0"},"up":{"uv":[3.03,3.03,3.25,7.97],"tintindex":0,"rotation":90,"texture":"#0"},"down":{"uv":[3.53,0.03,3.75,4.97],"tintindex":0,"rotation":90,"texture":"#0"}}},{"from":[5.958258,7.35773,7.949805],"to":[7.6082582,7.4421053,8.049805],"faces":{"east":{"uv":[1.75,10.25,1.53,10.03],"tintindex":0,"rotation":270,"texture":"#0"},"south":{"uv":[4.03,9.25,4.25,5.03],"tintindex":0,"rotation":90,"texture":"#0"},"north":{"uv":[4.25,9.25,4.03,5.03],"tintindex":0,"rotation":270,"texture":"#0"},"west":{"uv":[10.25,1.03,10.03,1.25],"tintindex":0,"rotation":270,"texture":"#0"},"up":{"uv":[5.03,8.75,5.25,4.53],"tintindex":0,"rotation":90,"texture":"#0"},"down":{"uv":[5.53,8.75,5.75,4.53],"tintindex":0,"rotation":90,"texture":"#0"}},"rotation":{"origin":[7.4,7.99261,7.999953],"angle":-22.5,"axis":"z"}},{"from":[6.388344,8.042609,7.956055],"to":[7.688344,8.24261,8.043555],"faces":{"east":{"uv":[0.97,9.75,0.53,9.53],"tintindex":0,"rotation":270,"texture":"#0"},"south":{"uv":[0.03,3.25,0.47,0.03],"tintindex":0,"rotation":90,"texture":"#0"},"north":{"uv":[0.47,3.25,0.03,0.03],"tintindex":0,"rotation":270,"texture":"#0"},"west":{"uv":[9.97,0.03,9.53,0.25],"tintindex":0,"rotation":270,"texture":"#0"},"up":{"uv":[6.53,9.25,6.75,6.03],"tintindex":0,"rotation":90,"texture":"#0"},"down":{"uv":[7.03,3.25,7.25,0.03],"tintindex":0,"rotation":90,"texture":"#0"}}},{"from":[8.426892,9.427082,7.956055],"to":[8.589392,9.7770815,8.046679],"faces":{"east":{"uv":[9.03,0.03,9.25,0.97],"tintindex":0,"rotation":0,"texture":"#0"},"south":{"uv":[8.03,0.03,8.47,0.97],"tintindex":0,"rotation":0,"texture":"#0"},"north":{"uv":[8.47,0.03,8.03,0.97],"tintindex":0,"rotation":0,"texture":"#0"},"west":{"uv":[8.53,8.53,8.75,9.47],"tintindex":0,"rotation":0,"texture":"#0"},"up":{"uv":[9.97,4.25,9.53,4.03],"tintindex":0,"rotation":180,"texture":"#0"},"down":{"uv":[9.97,4.53,9.53,4.75],"tintindex":0,"rotation":180,"texture":"#0"}},"rotation":{"origin":[8.0,8.592609,7.999953],"angle":22.5,"axis":"z"}},{"from":[8.550505,5.9804277,7.949805],"to":[8.63488,7.6304274,8.049805],"faces":{"east":{"uv":[5.53,8.75,5.75,4.53],"tintindex":0,"rotation":0,"texture":"#0"},"south":{"uv":[4.03,9.25,4.25,5.03],"tintindex":0,"rotation":0,"texture":"#0"},"north":{"uv":[4.25,9.25,4.03,5.03],"tintindex":0,"rotation":0,"texture":"#0"},"west":{"uv":[5.03,8.75,5.25,4.53],"tintindex":0,"rotation":0,"texture":"#0"},"up":{"uv":[1.75,10.25,1.53,10.03],"tintindex":0,"rotation":180,"texture":"#0"},"down":{"uv":[10.25,1.03,10.03,1.25],"tintindex":0,"rotation":180,"texture":"#0"}},"rotation":{"origin":[8.0,7.4221697,7.999953],"angle":-22.5,"axis":"z"}},{"from":[8.391743,7.35773,7.949805],"to":[10.041742,7.4421053,8.049805],"faces":{"east":{"uv":[10.25,1.25,10.03,1.03],"tintindex":0,"rotation":270,"texture":"#0"},"south":{"uv":[4.03,5.03,4.25,9.25],"tintindex":0,"rotation":90,"texture":"#0"},"north":{"uv":[4.25,5.03,4.03,9.25],"tintindex":0,"rotation":270,"texture":"#0"},"west":{"uv":[1.75,10.03,1.53,10.25],"tintindex":0,"rotation":270,"texture":"#0"},"up":{"uv":[5.03,4.53,5.25,8.75],"tintindex":0,"rotation":90,"texture":"#0"},"down":{"uv":[5.53,4.53,5.75,8.75],"tintindex":0,"rotation":90,"texture":"#0"}},"rotation":{"origin":[8.6,7.99261,7.999953],"angle":22.5,"axis":"z"}},{"from":[8.439936,6.7275877,7.959179],"to":[8.589936,7.077588,8.040429],"faces":{"east":{"uv":[2.03,9.97,2.25,9.03],"tintindex":0,"rotation":0,"texture":"#0"},"south":{"uv":[2.03,8.97,2.47,8.03],"tintindex":0,"rotation":0,"texture":"#0"},"north":{"uv":[8.03,2.97,8.47,2.03],"tintindex":0,"rotation":0,"texture":"#0"},"west":{"uv":[1.03,9.97,1.25,9.03],"tintindex":0,"rotation":0,"texture":"#0"},"up":{"uv":[9.97,5.75,9.53,5.53],"tintindex":0,"rotation":180,"texture":"#0"},"down":{"uv":[9.97,5.03,9.53,5.25],"tintindex":0,"rotation":180,"texture":"#0"}},"rotation":{"origin":[8.0,7.4221697,7.999953],"angle":-22.5,"axis":"z"}},{"from":[8.321875,8.704266,7.949805],"to":[8.51875,8.954266,8.049805],"faces":{"east":{"uv":[9.03,5.53,9.25,6.25],"tintindex":0,"rotation":0,"texture":"#0"},"south":{"uv":[8.53,0.03,8.97,0.75],"tintindex":0,"rotation":0,"texture":"#0"},"north":{"uv":[8.97,0.03,8.53,0.75],"tintindex":0,"rotation":0,"texture":"#0"},"west":{"uv":[5.53,9.03,5.75,9.75],"tintindex":0,"rotation":0,"texture":"#0"},"up":{"uv":[9.97,3.75,9.53,3.53],"tintindex":0,"rotation":180,"texture":"#0"},"down":{"uv":[4.47,9.53,4.03,9.75],"tintindex":0,"rotation":180,"texture":"#0"}}},{"from":[7.94375,5.941764,7.949805],"to":[8.05625,7.8917637,8.049805],"faces":{"east":{"uv":[3.53,4.97,3.75,0.03],"tintindex":0,"rotation":0,"texture":"#0"},"south":{"uv":[2.53,7.97,2.75,3.03],"tintindex":0,"rotation":0,"texture":"#0"},"north":{"uv":[2.75,7.97,2.53,3.03],"tintindex":0,"rotation":0,"texture":"#0"},"west":{"uv":[3.03,7.97,3.25,3.03],"tintindex":0,"rotation":0,"texture":"#0"},"up":{"uv":[0.75,10.25,0.53,10.03],"tintindex":0,"rotation":180,"texture":"#0"},"down":{"uv":[10.25,0.03,10.03,0.25],"tintindex":0,"rotation":180,"texture":"#0"}}},{"from":[7.4100637,6.7275877,7.959179],"to":[7.5600643,7.077588,8.040429],"faces":{"east":{"uv":[8.53,6.47,8.75,5.53],"tintindex":0,"rotation":0,"texture":"#0"},"south":{"uv":[7.53,4.97,7.97,4.03],"tintindex":0,"rotation":0,"texture":"#0"},"north":{"uv":[7.53,5.97,7.97,5.03],"tintindex":0,"rotation":0,"texture":"#0"},"west":{"uv":[1.53,9.47,1.75,8.53],"tintindex":0,"rotation":0,"texture":"#0"},"up":{"uv":[9.97,1.75,9.53,1.53],"tintindex":0,"rotation":180,"texture":"#0"},"down":{"uv":[1.97,9.53,1.53,9.75],"tintindex":0,"rotation":180,"texture":"#0"}},"rotation":{"origin":[8.0,7.4221697,7.999953],"angle":22.5,"axis":"z"}},{"from":[8.235362,8.299463,7.949805],"to":[8.435362,9.099463,8.049805],"faces":{"east":{"uv":[3.03,8.03,3.25,9.97],"tintindex":0,"rotation":0,"texture":"#0"},"south":{"uv":[6.03,2.03,6.47,3.97],"tintindex":0,"rotation":0,"texture":"#0"},"north":{"uv":[6.47,2.03,6.03,3.97],"tintindex":0,"rotation":0,"texture":"#0"},"west":{"uv":[2.53,8.03,2.75,9.97],"tintindex":0,"rotation":0,"texture":"#0"},"up":{"uv":[7.97,9.75,7.53,9.53],"tintindex":0,"rotation":180,"texture":"#0"},"down":{"uv":[9.97,7.53,9.53,7.75],"tintindex":0,"rotation":180,"texture":"#0"}},"rotation":{"origin":[8.0,8.592609,7.999953],"angle":-45.0,"axis":"z"}},{"from":[6.262662,9.079947,7.949805],"to":[6.312662,9.129948,8.049805],"faces":{"east":{"uv":[3.75,10.25,3.53,10.03],"tintindex":0,"rotation":270,"texture":"#0"},"south":{"uv":[10.03,2.25,10.25,2.03],"tintindex":0,"rotation":90,"texture":"#0"},"north":{"uv":[10.03,2.75,10.25,2.53],"tintindex":0,"rotation":270,"texture":"#0"},"west":{"uv":[10.25,3.03,10.03,3.25],"tintindex":0,"rotation":270,"texture":"#0"},"up":{"uv":[2.53,10.25,2.75,10.03],"tintindex":0,"rotation":90,"texture":"#0"},"down":{"uv":[3.03,10.25,3.25,10.03],"tintindex":0,"rotation":90,"texture":"#0"}},"rotation":{"origin":[7.4,7.99261,7.999953],"angle":45.0,"axis":"z"}},{"from":[7.55,6.8605137,7.952929],"to":[7.75,7.5105133,8.046679],"faces":{"east":{"uv":[8.03,6.75,8.25,5.03],"tintindex":0,"rotation":0,"texture":"#0"},"south":{"uv":[6.03,7.75,6.47,6.03],"tintindex":0,"rotation":0,"texture":"#0"},"north":{"uv":[6.47,7.75,6.03,6.03],"tintindex":0,"rotation":0,"texture":"#0"},"west":{"uv":[8.03,4.75,8.25,3.03],"tintindex":0,"rotation":0,"texture":"#0"},"up":{"uv":[9.97,1.25,9.53,1.03],"tintindex":0,"rotation":180,"texture":"#0"},"down":{"uv":[9.97,0.53,9.53,0.75],"tintindex":0,"rotation":180,"texture":"#0"}}},{"from":[8.511656,7.542609,7.952929],"to":[9.161655,7.74261,8.046679],"faces":{"east":{"uv":[9.97,6.25,9.53,6.03],"tintindex":0,"rotation":270,"texture":"#0"},"south":{"uv":[6.53,2.03,6.97,3.75],"tintindex":0,"rotation":90,"texture":"#0"},"north":{"uv":[6.97,2.03,6.53,3.75],"tintindex":0,"rotation":270,"texture":"#0"},"west":{"uv":[6.97,9.53,6.53,9.75],"tintindex":0,"rotation":270,"texture":"#0"},"up":{"uv":[6.03,8.03,6.25,9.75],"tintindex":0,"rotation":90,"texture":"#0"},"down":{"uv":[8.03,7.03,8.25,8.75],"tintindex":0,"rotation":90,"texture":"#0"}}},{"from":[6.893146,7.557247,7.949805],"to":[7.693146,7.757248,8.049805],"faces":{"east":{"uv":[9.97,7.75,9.53,7.53],"tintindex":0,"rotation":270,"texture":"#0"},"south":{"uv":[6.03,3.97,6.47,2.03],"tintindex":0,"rotation":90,"texture":"#0"},"north":{"uv":[6.47,3.97,6.03,2.03],"tintindex":0,"rotation":270,"texture":"#0"},"west":{"uv":[7.97,9.53,7.53,9.75],"tintindex":0,"rotation":270,"texture":"#0"},"up":{"uv":[2.53,9.97,2.75,8.03],"tintindex":0,"rotation":90,"texture":"#0"},"down":{"uv":[3.03,9.97,3.25,8.03],"tintindex":0,"rotation":90,"texture":"#0"}},"rotation":{"origin":[7.4,7.99261,7.999953],"angle":45.0,"axis":"z"}},{"from":[8.426892,6.2376976,7.956055],"to":[8.589392,6.587698,8.046679],"faces":{"east":{"uv":[9.03,0.97,9.25,0.03],"tintindex":0,"rotation":0,"texture":"#0"},"south":{"uv":[8.03,0.97,8.47,0.03],"tintindex":0,"rotation":0,"texture":"#0"},"north":{"uv":[8.47,0.97,8.03,0.03],"tintindex":0,"rotation":0,"texture":"#0"},"west":{"uv":[8.53,9.47,8.75,8.53],"tintindex":0,"rotation":0,"texture":"#0"},"up":{"uv":[9.97,4.75,9.53,4.53],"tintindex":0,"rotation":180,"texture":"#0"},"down":{"uv":[9.97,4.03,9.53,4.25],"tintindex":0,"rotation":180,"texture":"#0"}},"rotation":{"origin":[8.0,7.4221697,7.999953],"angle":-22.5,"axis":"z"}},{"from":[6.388344,7.74261,7.956055],"to":[7.688344,7.94261,8.043555],"faces":{"east":{"uv":[9.97,7.25,9.53,7.03],"tintindex":0,"rotation":270,"texture":"#0"},"south":{"uv":[1.03,3.25,1.47,0.03],"tintindex":0,"rotation":90,"texture":"#0"},"north":{"uv":[1.47,3.25,1.03,0.03],"tintindex":0,"rotation":270,"texture":"#0"},"west":{"uv":[9.97,6.53,9.53,6.75],"tintindex":0,"rotation":270,"texture":"#0"},"up":{"uv":[7.03,6.75,7.25,3.53],"tintindex":0,"rotation":90,"texture":"#0"},"down":{"uv":[7.03,10.25,7.25,7.03],"tintindex":0,"rotation":90,"texture":"#0"}}},{"from":[7.4106083,6.2376976,7.956055],"to":[7.5731077,6.587698,8.046679],"faces":{"east":{"uv":[8.53,8.47,8.75,7.53],"tintindex":0,"rotation":0,"texture":"#0"},"south":{"uv":[7.53,6.97,7.97,6.03],"tintindex":0,"rotation":0,"texture":"#0"},"north":{"uv":[7.97,6.97,7.53,6.03],"tintindex":0,"rotation":0,"texture":"#0"},"west":{"uv":[8.53,7.47,8.75,6.53],"tintindex":0,"rotation":0,"texture":"#0"},"up":{"uv":[9.97,2.75,9.53,2.53],"tintindex":0,"rotation":180,"texture":"#0"},"down":{"uv":[9.97,2.03,9.53,2.25],"tintindex":0,"rotation":180,"texture":"#0"}},"rotation":{"origin":[8.0,7.4221697,7.999953],"angle":22.5,"axis":"z"}},{"from":[8.05,8.304266,7.956055],"to":[8.25,9.604265,8.043555],"faces":{"east":{"uv":[7.03,7.03,7.25,10.25],"tintindex":0,"rotation":0,"texture":"#0"},"south":{"uv":[1.03,0.03,1.47,3.25],"tintindex":0,"rotation":0,"texture":"#0"},"north":{"uv":[1.47,0.03,1.03,3.25],"tintindex":0,"rotation":0,"texture":"#0"},"west":{"uv":[7.03,3.53,7.25,6.75],"tintindex":0,"rotation":0,"texture":"#0"},"up":{"uv":[9.97,6.75,9.53,6.53],"tintindex":0,"rotation":180,"texture":"#0"},"down":{"uv":[9.97,7.03,9.53,7.25],"tintindex":0,"rotation":180,"texture":"#0"}}},{"from":[8.311656,8.042609,7.956055],"to":[9.611656,8.24261,8.043555],"faces":{"east":{"uv":[9.97,0.25,9.53,0.03],"tintindex":0,"rotation":270,"texture":"#0"},"south":{"uv":[0.03,0.03,0.47,3.25],"tintindex":0,"rotation":90,"texture":"#0"},"north":{"uv":[0.47,0.03,0.03,3.25],"tintindex":0,"rotation":270,"texture":"#0"},"west":{"uv":[0.97,9.53,0.53,9.75],"tintindex":0,"rotation":270,"texture":"#0"},"up":{"uv":[6.53,6.03,6.75,9.25],"tintindex":0,"rotation":90,"texture":"#0"},"down":{"uv":[7.03,0.03,7.25,3.25],"tintindex":0,"rotation":90,"texture":"#0"}}},{"from":[5.919594,7.9363594,7.949805],"to":[7.869594,8.04886,8.049805],"faces":{"east":{"uv":[0.75,10.25,0.53,10.03],"tintindex":0,"rotation":270,"texture":"#0"},"south":{"uv":[2.53,7.97,2.75,3.03],"tintindex":0,"rotation":90,"texture":"#0"},"north":{"uv":[2.75,7.97,2.53,3.03],"tintindex":0,"rotation":270,"texture":"#0"},"west":{"uv":[10.25,0.03,10.03,0.25],"tintindex":0,"rotation":270,"texture":"#0"},"up":{"uv":[3.03,7.97,3.25,3.03],"tintindex":0,"rotation":90,"texture":"#0"},"down":{"uv":[3.53,4.97,3.75,0.03],"tintindex":0,"rotation":90,"texture":"#0"}}},{"from":[7.75,8.304266,7.956055],"to":[7.9500003,9.604265,8.043555],"faces":{"east":{"uv":[7.03,0.03,7.25,3.25],"tintindex":0,"rotation":0,"texture":"#0"},"south":{"uv":[0.03,0.03,0.47,3.25],"tintindex":0,"rotation":0,"texture":"#0"},"north":{"uv":[0.47,0.03,0.03,3.25],"tintindex":0,"rotation":0,"texture":"#0"},"west":{"uv":[6.53,6.03,6.75,9.25],"tintindex":0,"rotation":0,"texture":"#0"},"up":{"uv":[9.97,0.25,9.53,0.03],"tintindex":0,"rotation":180,"texture":"#0"},"down":{"uv":[0.97,9.53,0.53,9.75],"tintindex":0,"rotation":180,"texture":"#0"}}},{"from":[8.306854,8.227972,7.949805],"to":[9.1068535,8.427972,8.049805],"faces":{"east":{"uv":[9.47,9.25,9.03,9.03],"tintindex":0,"rotation":270,"texture":"#0"},"south":{"uv":[6.03,0.03,6.47,1.97],"tintindex":0,"rotation":90,"texture":"#0"},"north":{"uv":[6.47,0.03,6.03,1.97],"tintindex":0,"rotation":270,"texture":"#0"},"west":{"uv":[0.47,9.53,0.03,9.75],"tintindex":0,"rotation":270,"texture":"#0"},"up":{"uv":[7.53,0.03,7.75,1.97],"tintindex":0,"rotation":90,"texture":"#0"},"down":{"uv":[7.53,2.03,7.75,3.97],"tintindex":0,"rotation":90,"texture":"#0"}},"rotation":{"origin":[8.6,7.99261,7.999953],"angle":45.0,"axis":"z"}},{"from":[6.705418,7.4026737,7.959179],"to":[7.055418,7.5526733,8.040429],"faces":{"east":{"uv":[9.97,5.75,9.53,5.53],"tintindex":0,"rotation":270,"texture":"#0"},"south":{"uv":[2.03,8.97,2.47,8.03],"tintindex":0,"rotation":90,"texture":"#0"},"north":{"uv":[8.03,2.97,8.47,2.03],"tintindex":0,"rotation":270,"texture":"#0"},"west":{"uv":[9.97,5.03,9.53,5.25],"tintindex":0,"rotation":270,"texture":"#0"},"up":{"uv":[1.03,9.97,1.25,9.03],"tintindex":0,"rotation":90,"texture":"#0"},"down":{"uv":[2.03,9.97,2.25,9.03],"tintindex":0,"rotation":90,"texture":"#0"}},"rotation":{"origin":[7.4,7.99261,7.999953],"angle":-22.5,"axis":"z"}},{"from":[6.215528,8.419501,7.956055],"to":[6.565528,8.582002,8.046679],"faces":{"east":{"uv":[9.97,2.75,9.53,2.53],"tintindex":0,"rotation":270,"texture":"#0"},"south":{"uv":[7.53,6.97,7.97,6.03],"tintindex":0,"rotation":90,"texture":"#0"},"north":{"uv":[7.97,6.97,7.53,6.03],"tintindex":0,"rotation":270,"texture":"#0"},"west":{"uv":[9.97,2.03,9.53,2.25],"tintindex":0,"rotation":270,"texture":"#0"},"up":{"uv":[8.53,7.47,8.75,6.53],"tintindex":0,"rotation":90,"texture":"#0"},"down":{"uv":[8.53,8.47,8.75,7.53],"tintindex":0,"rotation":90,"texture":"#0"}},"rotation":{"origin":[7.4,7.99261,7.999953],"angle":22.5,"axis":"z"}},{"from":[8.439936,8.937192,7.959179],"to":[8.589936,9.287191,8.040429],"faces":{"east":{"uv":[2.03,9.03,2.25,9.97],"tintindex":0,"rotation":0,"texture":"#0"},"south":{"uv":[2.03,8.03,2.47,8.97],"tintindex":0,"rotation":0,"texture":"#0"},"north":{"uv":[8.03,2.03,8.47,2.97],"tintindex":0,"rotation":0,"texture":"#0"},"west":{"uv":[1.03,9.03,1.25,9.97],"tintindex":0,"rotation":0,"texture":"#0"},"up":{"uv":[9.97,5.25,9.53,5.03],"tintindex":0,"rotation":180,"texture":"#0"},"down":{"uv":[9.97,5.53,9.53,5.75],"tintindex":0,"rotation":180,"texture":"#0"}},"rotation":{"origin":[8.0,8.592609,7.999953],"angle":22.5,"axis":"z"}},{"from":[7.564638,6.9153156,7.949805],"to":[7.764638,7.715316,8.049805],"faces":{"east":{"uv":[7.53,3.97,7.75,2.03],"tintindex":0,"rotation":0,"texture":"#0"},"south":{"uv":[6.03,1.97,6.47,0.03],"tintindex":0,"rotation":0,"texture":"#0"},"north":{"uv":[6.47,1.97,6.03,0.03],"tintindex":0,"rotation":0,"texture":"#0"},"west":{"uv":[7.53,1.97,7.75,0.03],"tintindex":0,"rotation":0,"texture":"#0"},"up":{"uv":[0.47,9.75,0.03,9.53],"tintindex":0,"rotation":180,"texture":"#0"},"down":{"uv":[9.47,9.03,9.03,9.25],"tintindex":0,"rotation":180,"texture":"#0"}},"rotation":{"origin":[8.0,7.4221697,7.999953],"angle":-45.0,"axis":"z"}},{"from":[7.55,8.504266,7.952929],"to":[7.75,9.154265,8.046679],"faces":{"east":{"uv":[8.03,5.03,8.25,6.75],"tintindex":0,"rotation":0,"texture":"#0"},"south":{"uv":[6.03,6.03,6.47,7.75],"tintindex":0,"rotation":0,"texture":"#0"},"north":{"uv":[6.47,6.03,6.03,7.75],"tintindex":0,"rotation":0,"texture":"#0"},"west":{"uv":[8.03,3.03,8.25,4.75],"tintindex":0,"rotation":0,"texture":"#0"},"up":{"uv":[9.97,0.75,9.53,0.53],"tintindex":0,"rotation":180,"texture":"#0"},"down":{"uv":[9.97,1.03,9.53,1.25],"tintindex":0,"rotation":180,"texture":"#0"}}},{"from":[8.944582,7.4026737,7.959179],"to":[9.294582,7.5526733,8.040429],"faces":{"east":{"uv":[9.97,5.25,9.53,5.03],"tintindex":0,"rotation":270,"texture":"#0"},"south":{"uv":[2.03,8.03,2.47,8.97],"tintindex":0,"rotation":90,"texture":"#0"},"north":{"uv":[8.03,2.03,8.47,2.97],"tintindex":0,"rotation":270,"texture":"#0"},"west":{"uv":[9.97,5.53,9.53,5.75],"tintindex":0,"rotation":270,"texture":"#0"},"up":{"uv":[1.03,9.03,1.25,9.97],"tintindex":0,"rotation":90,"texture":"#0"},"down":{"uv":[2.03,9.03,2.25,9.97],"tintindex":0,"rotation":90,"texture":"#0"}},"rotation":{"origin":[8.6,7.99261,7.999953],"angle":22.5,"axis":"z"}},{"from":[7.36512,5.9804277,7.949805],"to":[7.4494963,7.6304274,8.049805],"faces":{"east":{"uv":[3.53,9.25,3.75,5.03],"tintindex":0,"rotation":0,"texture":"#0"},"south":{"uv":[4.53,4.25,4.75,0.03],"tintindex":0,"rotation":0,"texture":"#0"},"north":{"uv":[4.75,4.25,4.53,0.03],"tintindex":0,"rotation":0,"texture":"#0"},"west":{"uv":[4.53,8.75,4.75,4.53],"tintindex":0,"rotation":0,"texture":"#0"},"up":{"uv":[1.25,10.25,1.03,10.03],"tintindex":0,"rotation":180,"texture":"#0"},"down":{"uv":[10.25,0.53,10.03,0.75],"tintindex":0,"rotation":180,"texture":"#0"}},"rotation":{"origin":[8.0,7.4221697,7.999953],"angle":22.5,"axis":"z"}},{"from":[8.711657,8.314486,7.949805],"to":[8.961657,8.511359,8.049805],"faces":{"east":{"uv":[9.97,3.25,9.53,3.03],"tintindex":0,"rotation":270,"texture":"#0"},"south":{"uv":[7.53,8.03,7.97,8.75],"tintindex":0,"rotation":90,"texture":"#0"},"north":{"uv":[7.97,8.03,7.53,8.75],"tintindex":0,"rotation":270,"texture":"#0"},"west":{"uv":[3.97,9.53,3.53,9.75],"tintindex":0,"rotation":270,"texture":"#0"},"up":{"uv":[4.53,9.03,4.75,9.75],"tintindex":0,"rotation":90,"texture":"#0"},"down":{"uv":[5.03,9.03,5.25,9.75],"tintindex":0,"rotation":90,"texture":"#0"}}},{"from":[8.711657,7.47386,7.949805],"to":[8.961657,7.6707354,8.049805],"faces":{"east":{"uv":[9.97,3.75,9.53,3.53],"tintindex":0,"rotation":270,"texture":"#0"},"south":{"uv":[8.53,0.03,8.97,0.75],"tintindex":0,"rotation":90,"texture":"#0"},"north":{"uv":[8.97,0.03,8.53,0.75],"tintindex":0,"rotation":270,"texture":"#0"},"west":{"uv":[4.47,9.53,4.03,9.75],"tintindex":0,"rotation":270,"texture":"#0"},"up":{"uv":[5.53,9.03,5.75,9.75],"tintindex":0,"rotation":90,"texture":"#0"},"down":{"uv":[9.03,5.53,9.25,6.25],"tintindex":0,"rotation":90,"texture":"#0"}}},{"from":[8.306854,7.557247,7.949805],"to":[9.1068535,7.757248,8.049805],"faces":{"east":{"uv":[7.97,9.75,7.53,9.53],"tintindex":0,"rotation":270,"texture":"#0"},"south":{"uv":[6.03,2.03,6.47,3.97],"tintindex":0,"rotation":90,"texture":"#0"},"north":{"uv":[6.47,2.03,6.03,3.97],"tintindex":0,"rotation":270,"texture":"#0"},"west":{"uv":[9.97,7.53,9.53,7.75],"tintindex":0,"rotation":270,"texture":"#0"},"up":{"uv":[2.53,8.03,2.75,9.97],"tintindex":0,"rotation":90,"texture":"#0"},"down":{"uv":[3.03,8.03,3.25,9.97],"tintindex":0,"rotation":90,"texture":"#0"}},"rotation":{"origin":[8.6,7.99261,7.999953],"angle":-45.0,"axis":"z"}},{"from":[7.0383444,8.314486,7.949805],"to":[7.2883444,8.511359,8.049805],"faces":{"east":{"uv":[3.97,9.75,3.53,9.53],"tintindex":0,"rotation":270,"texture":"#0"},"south":{"uv":[7.53,8.75,7.97,8.03],"tintindex":0,"rotation":90,"texture":"#0"},"north":{"uv":[7.97,8.75,7.53,8.03],"tintindex":0,"rotation":270,"texture":"#0"},"west":{"uv":[9.97,3.03,9.53,3.25],"tintindex":0,"rotation":270,"texture":"#0"},"up":{"uv":[4.53,9.75,4.75,9.03],"tintindex":0,"rotation":90,"texture":"#0"},"down":{"uv":[5.03,9.75,5.25,9.03],"tintindex":0,"rotation":90,"texture":"#0"}}},{"from":[6.838344,8.24261,7.952929],"to":[7.488344,8.44261,8.046679],"faces":{"east":{"uv":[9.97,1.25,9.53,1.03],"tintindex":0,"rotation":270,"texture":"#0"},"south":{"uv":[6.03,7.75,6.47,6.03],"tintindex":0,"rotation":90,"texture":"#0"},"north":{"uv":[6.47,7.75,6.03,6.03],"tintindex":0,"rotation":270,"texture":"#0"},"west":{"uv":[9.97,0.53,9.53,0.75],"tintindex":0,"rotation":270,"texture":"#0"},"up":{"uv":[8.03,4.75,8.25,3.03],"tintindex":0,"rotation":90,"texture":"#0"},"down":{"uv":[8.03,6.75,8.25,5.03],"tintindex":0,"rotation":90,"texture":"#0"}}},{"from":[7.94375,8.123015,7.949805],"to":[8.05625,10.073015,8.049805],"faces":{"east":{"uv":[3.53,0.03,3.75,4.97],"tintindex":0,"rotation":0,"texture":"#0"},"south":{"uv":[2.53,3.03,2.75,7.97],"tintindex":0,"rotation":0,"texture":"#0"},"north":{"uv":[2.75,3.03,2.53,7.97],"tintindex":0,"rotation":0,"texture":"#0"},"west":{"uv":[3.03,3.03,3.25,7.97],"tintindex":0,"rotation":0,"texture":"#0"},"up":{"uv":[10.25,0.25,10.03,0.03],"tintindex":0,"rotation":180,"texture":"#0"},"down":{"uv":[0.75,10.03,0.53,10.25],"tintindex":0,"rotation":180,"texture":"#0"}}},{"from":[6.8626623,9.679948,7.949805],"to":[6.912662,9.729948,8.049805],"faces":{"east":{"uv":[3.03,10.03,3.25,10.25],"tintindex":0,"rotation":0,"texture":"#0"},"south":{"uv":[10.03,2.03,10.25,2.25],"tintindex":0,"rotation":0,"texture":"#0"},"north":{"uv":[10.03,2.53,10.25,2.75],"tintindex":0,"rotation":0,"texture":"#0"},"west":{"uv":[2.53,10.03,2.75,10.25],"tintindex":0,"rotation":0,"texture":"#0"},"up":{"uv":[10.25,3.25,10.03,3.03],"tintindex":0,"rotation":180,"texture":"#0"},"down":{"uv":[3.75,10.03,3.53,10.25],"tintindex":0,"rotation":180,"texture":"#0"}},"rotation":{"origin":[8.0,8.592609,7.999953],"angle":-45.0,"axis":"z"}},{"from":[8.550505,8.384352,7.949805],"to":[8.63488,10.034351,8.049805],"faces":{"east":{"uv":[5.53,4.53,5.75,8.75],"tintindex":0,"rotation":0,"texture":"#0"},"south":{"uv":[4.03,5.03,4.25,9.25],"tintindex":0,"rotation":0,"texture":"#0"},"north":{"uv":[4.25,5.03,4.03,9.25],"tintindex":0,"rotation":0,"texture":"#0"},"west":{"uv":[5.03,4.53,5.25,8.75],"tintindex":0,"rotation":0,"texture":"#0"},"up":{"uv":[10.25,1.25,10.03,1.03],"tintindex":0,"rotation":180,"texture":"#0"},"down":{"uv":[1.75,10.03,1.53,10.25],"tintindex":0,"rotation":180,"texture":"#0"}},"rotation":{"origin":[8.0,8.592609,7.999953],"angle":22.5,"axis":"z"}},{"from":[8.25,8.504266,7.952929],"to":[8.450001,9.154265,8.046679],"faces":{"east":{"uv":[8.03,7.03,8.25,8.75],"tintindex":0,"rotation":0,"texture":"#0"},"south":{"uv":[6.53,2.03,6.97,3.75],"tintindex":0,"rotation":0,"texture":"#0"},"north":{"uv":[6.97,2.03,6.53,3.75],"tintindex":0,"rotation":0,"texture":"#0"},"west":{"uv":[6.03,8.03,6.25,9.75],"tintindex":0,"rotation":0,"texture":"#0"},"up":{"uv":[9.97,6.25,9.53,6.03],"tintindex":0,"rotation":180,"texture":"#0"},"down":{"uv":[6.97,9.53,6.53,9.75],"tintindex":0,"rotation":180,"texture":"#0"}}},{"from":[7.75,6.410514,7.956055],"to":[7.9500003,7.710514,8.043555],"faces":{"east":{"uv":[7.03,3.25,7.25,0.03],"tintindex":0,"rotation":0,"texture":"#0"},"south":{"uv":[0.03,3.25,0.47,0.03],"tintindex":0,"rotation":0,"texture":"#0"},"north":{"uv":[0.47,3.25,0.03,0.03],"tintindex":0,"rotation":0,"texture":"#0"},"west":{"uv":[6.53,9.25,6.75,6.03],"tintindex":0,"rotation":0,"texture":"#0"},"up":{"uv":[0.97,9.75,0.53,9.53],"tintindex":0,"rotation":180,"texture":"#0"},"down":{"uv":[9.97,0.03,9.53,0.25],"tintindex":0,"rotation":180,"texture":"#0"}}},{"from":[9.687338,9.079947,7.949805],"to":[9.737338,9.129948,8.049805],"faces":{"east":{"uv":[10.25,3.25,10.03,3.03],"tintindex":0,"rotation":270,"texture":"#0"},"south":{"uv":[10.03,2.03,10.25,2.25],"tintindex":0,"rotation":90,"texture":"#0"},"north":{"uv":[10.03,2.53,10.25,2.75],"tintindex":0,"rotation":270,"texture":"#0"},"west":{"uv":[3.75,10.03,3.53,10.25],"tintindex":0,"rotation":270,"texture":"#0"},"up":{"uv":[2.53,10.03,2.75,10.25],"tintindex":0,"rotation":90,"texture":"#0"},"down":{"uv":[3.03,10.03,3.25,10.25],"tintindex":0,"rotation":90,"texture":"#0"}},"rotation":{"origin":[8.6,7.99261,7.999953],"angle":-45.0,"axis":"z"}},{"from":[6.838344,7.542609,7.952929],"to":[7.488344,7.74261,8.046679],"faces":{"east":{"uv":[6.97,9.75,6.53,9.53],"tintindex":0,"rotation":270,"texture":"#0"},"south":{"uv":[6.53,3.75,6.97,2.03],"tintindex":0,"rotation":90,"texture":"#0"},"north":{"uv":[6.97,3.75,6.53,2.03],"tintindex":0,"rotation":270,"texture":"#0"},"west":{"uv":[9.97,6.03,9.53,6.25],"tintindex":0,"rotation":270,"texture":"#0"},"up":{"uv":[6.03,9.75,6.25,8.03],"tintindex":0,"rotation":90,"texture":"#0"},"down":{"uv":[8.03,8.75,8.25,7.03],"tintindex":0,"rotation":90,"texture":"#0"}}},{"from":[6.8626623,6.284832,7.949805],"to":[6.912662,6.334831,8.049805],"faces":{"east":{"uv":[3.03,10.25,3.25,10.03],"tintindex":0,"rotation":0,"texture":"#0"},"south":{"uv":[10.03,2.25,10.25,2.03],"tintindex":0,"rotation":0,"texture":"#0"},"north":{"uv":[10.03,2.75,10.25,2.53],"tintindex":0,"rotation":0,"texture":"#0"},"west":{"uv":[2.53,10.25,2.75,10.03],"tintindex":0,"rotation":0,"texture":"#0"},"up":{"uv":[3.75,10.25,3.53,10.03],"tintindex":0,"rotation":180,"texture":"#0"},"down":{"uv":[10.25,3.03,10.03,3.25],"tintindex":0,"rotation":180,"texture":"#0"}},"rotation":{"origin":[8.0,7.4221697,7.999953],"angle":45.0,"axis":"z"}},{"from":[8.391743,8.543114,7.949805],"to":[10.041742,8.62749,8.049805],"faces":{"east":{"uv":[10.25,0.75,10.03,0.53],"tintindex":0,"rotation":270,"texture":"#0"},"south":{"uv":[4.53,0.03,4.75,4.25],"tintindex":0,"rotation":90,"texture":"#0"},"north":{"uv":[4.75,0.03,4.53,4.25],"tintindex":0,"rotation":270,"texture":"#0"},"west":{"uv":[1.25,10.03,1.03,10.25],"tintindex":0,"rotation":270,"texture":"#0"},"up":{"uv":[4.53,4.53,4.75,8.75],"tintindex":0,"rotation":90,"texture":"#0"},"down":{"uv":[3.53,5.03,3.75,9.25],"tintindex":0,"rotation":90,"texture":"#0"}},"rotation":{"origin":[8.6,7.99261,7.999953],"angle":-22.5,"axis":"z"}},{"from":[8.944582,8.432546,7.959179],"to":[9.294582,8.582545,8.040429],"faces":{"east":{"uv":[1.97,9.75,1.53,9.53],"tintindex":0,"rotation":270,"texture":"#0"},"south":{"uv":[7.53,4.03,7.97,4.97],"tintindex":0,"rotation":90,"texture":"#0"},"north":{"uv":[7.53,5.03,7.97,5.97],"tintindex":0,"rotation":270,"texture":"#0"},"west":{"uv":[9.97,1.53,9.53,1.75],"tintindex":0,"rotation":270,"texture":"#0"},"up":{"uv":[1.53,8.53,1.75,9.47],"tintindex":0,"rotation":90,"texture":"#0"},"down":{"uv":[8.53,5.53,8.75,6.47],"tintindex":0,"rotation":90,"texture":"#0"}},"rotation":{"origin":[8.6,7.99261,7.999953],"angle":-22.5,"axis":"z"}},{"from":[8.25,6.8605137,7.952929],"to":[8.450001,7.5105133,8.046679],"faces":{"east":{"uv":[8.03,8.75,8.25,7.03],"tintindex":0,"rotation":0,"texture":"#0"},"south":{"uv":[6.53,3.75,6.97,2.03],"tintindex":0,"rotation":0,"texture":"#0"},"north":{"uv":[6.97,3.75,6.53,2.03],"tintindex":0,"rotation":0,"texture":"#0"},"west":{"uv":[6.03,9.75,6.25,8.03],"tintindex":0,"rotation":0,"texture":"#0"},"up":{"uv":[6.97,9.75,6.53,9.53],"tintindex":0,"rotation":180,"texture":"#0"},"down":{"uv":[9.97,6.03,9.53,6.25],"tintindex":0,"rotation":180,"texture":"#0"}}},{"from":[8.05,6.410514,7.956055],"to":[8.25,7.710514,8.043555],"faces":{"east":{"uv":[7.03,10.25,7.25,7.03],"tintindex":0,"rotation":0,"texture":"#0"},"south":{"uv":[1.03,3.25,1.47,0.03],"tintindex":0,"rotation":0,"texture":"#0"},"north":{"uv":[1.47,3.25,1.03,0.03],"tintindex":0,"rotation":0,"texture":"#0"},"west":{"uv":[7.03,6.75,7.25,3.53],"tintindex":0,"rotation":0,"texture":"#0"},"up":{"uv":[9.97,7.25,9.53,7.03],"tintindex":0,"rotation":180,"texture":"#0"},"down":{"uv":[9.97,6.53,9.53,6.75],"tintindex":0,"rotation":180,"texture":"#0"}}},{"from":[9.434472,8.419501,7.956055],"to":[9.7844715,8.582002,8.046679],"faces":{"east":{"uv":[9.97,2.25,9.53,2.03],"tintindex":0,"rotation":270,"texture":"#0"},"south":{"uv":[7.53,6.03,7.97,6.97],"tintindex":0,"rotation":90,"texture":"#0"},"north":{"uv":[7.97,6.03,7.53,6.97],"tintindex":0,"rotation":270,"texture":"#0"},"west":{"uv":[9.97,2.53,9.53,2.75],"tintindex":0,"rotation":270,"texture":"#0"},"up":{"uv":[8.53,6.53,8.75,7.47],"tintindex":0,"rotation":90,"texture":"#0"},"down":{"uv":[8.53,7.53,8.75,8.47],"tintindex":0,"rotation":90,"texture":"#0"}},"rotation":{"origin":[8.6,7.99261,7.999953],"angle":-22.5,"axis":"z"}},{"from":[8.321875,7.0605135,7.949805],"to":[8.51875,7.3105135,8.049805],"faces":{"east":{"uv":[9.03,6.25,9.25,5.53],"tintindex":0,"rotation":0,"texture":"#0"},"south":{"uv":[8.53,0.75,8.97,0.03],"tintindex":0,"rotation":0,"texture":"#0"},"north":{"uv":[8.97,0.75,8.53,0.03],"tintindex":0,"rotation":0,"texture":"#0"},"west":{"uv":[5.53,9.75,5.75,9.03],"tintindex":0,"rotation":0,"texture":"#0"},"up":{"uv":[4.47,9.75,4.03,9.53],"tintindex":0,"rotation":180,"texture":"#0"},"down":{"uv":[9.97,3.53,9.53,3.75],"tintindex":0,"rotation":180,"texture":"#0"}}},{"from":[7.48125,8.704266,7.949805],"to":[7.678124,8.954266,8.049805],"faces":{"east":{"uv":[5.03,9.03,5.25,9.75],"tintindex":0,"rotation":0,"texture":"#0"},"south":{"uv":[7.53,8.03,7.97,8.75],"tintindex":0,"rotation":0,"texture":"#0"},"north":{"uv":[7.97,8.03,7.53,8.75],"tintindex":0,"rotation":0,"texture":"#0"},"west":{"uv":[4.53,9.03,4.75,9.75],"tintindex":0,"rotation":0,"texture":"#0"},"up":{"uv":[9.97,3.25,9.53,3.03],"tintindex":0,"rotation":180,"texture":"#0"},"down":{"uv":[3.97,9.53,3.53,9.75],"tintindex":0,"rotation":180,"texture":"#0"}}},{"from":[7.4100637,8.937192,7.959179],"to":[7.5600643,9.287191,8.040429],"faces":{"east":{"uv":[8.53,5.53,8.75,6.47],"tintindex":0,"rotation":0,"texture":"#0"},"south":{"uv":[7.53,4.03,7.97,4.97],"tintindex":0,"rotation":0,"texture":"#0"},"north":{"uv":[7.53,5.03,7.97,5.97],"tintindex":0,"rotation":0,"texture":"#0"},"west":{"uv":[1.53,8.53,1.75,9.47],"tintindex":0,"rotation":0,"texture":"#0"},"up":{"uv":[1.97,9.75,1.53,9.53],"tintindex":0,"rotation":180,"texture":"#0"},"down":{"uv":[9.97,1.53,9.53,1.75],"tintindex":0,"rotation":180,"texture":"#0"}},"rotation":{"origin":[8.0,8.592609,7.999953],"angle":-22.5,"axis":"z"}},{"from":[7.4106083,9.427082,7.956055],"to":[7.5731077,9.7770815,8.046679],"faces":{"east":{"uv":[8.53,7.53,8.75,8.47],"tintindex":0,"rotation":0,"texture":"#0"},"south":{"uv":[7.53,6.03,7.97,6.97],"tintindex":0,"rotation":0,"texture":"#0"},"north":{"uv":[7.97,6.03,7.53,6.97],"tintindex":0,"rotation":0,"texture":"#0"},"west":{"uv":[8.53,6.53,8.75,7.47],"tintindex":0,"rotation":0,"texture":"#0"},"up":{"uv":[9.97,2.25,9.53,2.03],"tintindex":0,"rotation":180,"texture":"#0"},"down":{"uv":[9.97,2.53,9.53,2.75],"tintindex":0,"rotation":180,"texture":"#0"}},"rotation":{"origin":[8.0,8.592609,7.999953],"angle":-22.5,"axis":"z"}},{"from":[7.0383444,7.47386,7.949805],"to":[7.2883444,7.6707354,8.049805],"faces":{"east":{"uv":[4.47,9.75,4.03,9.53],"tintindex":0,"rotation":270,"texture":"#0"},"south":{"uv":[8.53,0.75,8.97,0.03],"tintindex":0,"rotation":90,"texture":"#0"},"north":{"uv":[8.97,0.75,8.53,0.03],"tintindex":0,"rotation":270,"texture":"#0"},"west":{"uv":[9.97,3.53,9.53,3.75],"tintindex":0,"rotation":270,"texture":"#0"},"up":{"uv":[5.53,9.75,5.75,9.03],"tintindex":0,"rotation":90,"texture":"#0"},"down":{"uv":[9.03,6.25,9.25,5.53],"tintindex":0,"rotation":90,"texture":"#0"}}},{"from":[8.235362,6.9153156,7.949805],"to":[8.435362,7.715316,8.049805],"faces":{"east":{"uv":[3.03,9.97,3.25,8.03],"tintindex":0,"rotation":0,"texture":"#0"},"south":{"uv":[6.03,3.97,6.47,2.03],"tintindex":0,"rotation":0,"texture":"#0"},"north":{"uv":[6.47,3.97,6.03,2.03],"tintindex":0,"rotation":0,"texture":"#0"},"west":{"uv":[2.53,9.97,2.75,8.03],"tintindex":0,"rotation":0,"texture":"#0"},"up":{"uv":[9.97,7.75,9.53,7.53],"tintindex":0,"rotation":180,"texture":"#0"},"down":{"uv":[7.97,9.53,7.53,9.75],"tintindex":0,"rotation":180,"texture":"#0"}},"rotation":{"origin":[8.0,7.4221697,7.999953],"angle":45.0,"axis":"z"}},{"from":[7.564638,8.299463,7.949805],"to":[7.764638,9.099463,8.049805],"faces":{"east":{"uv":[7.53,2.03,7.75,3.97],"tintindex":0,"rotation":0,"texture":"#0"},"south":{"uv":[6.03,0.03,6.47,1.97],"tintindex":0,"rotation":0,"texture":"#0"},"north":{"uv":[6.47,0.03,6.03,1.97],"tintindex":0,"rotation":0,"texture":"#0"},"west":{"uv":[7.53,0.03,7.75,1.97],"tintindex":0,"rotation":0,"texture":"#0"},"up":{"uv":[9.47,9.25,9.03,9.03],"tintindex":0,"rotation":180,"texture":"#0"},"down":{"uv":[0.47,9.53,0.03,9.75],"tintindex":0,"rotation":180,"texture":"#0"}},"rotation":{"origin":[8.0,8.592609,7.999953],"angle":45.0,"axis":"z"}},{"from":[8.511656,8.24261,7.952929],"to":[9.161655,8.44261,8.046679],"faces":{"east":{"uv":[9.97,0.75,9.53,0.53],"tintindex":0,"rotation":270,"texture":"#0"},"south":{"uv":[6.03,6.03,6.47,7.75],"tintindex":0,"rotation":90,"texture":"#0"},"north":{"uv":[6.47,6.03,6.03,7.75],"tintindex":0,"rotation":270,"texture":"#0"},"west":{"uv":[9.97,1.03,9.53,1.25],"tintindex":0,"rotation":270,"texture":"#0"},"up":{"uv":[8.03,3.03,8.25,4.75],"tintindex":0,"rotation":90,"texture":"#0"},"down":{"uv":[8.03,5.03,8.25,6.75],"tintindex":0,"rotation":90,"texture":"#0"}}}],"display":{"gui":{"rotation":[-150.0,-45.0,180.0]}}}