{"textures":{"1":"modelengine:entity/ninja","particle":"#1"},"elements":[{"from":[3.9104,7.7724,6.5516],"to":[12.0896,13.9068,10.6412],"faces":{"east":{"uv":[6.25,7.53,6.97,8.625],"tintindex":0,"rotation":0,"texture":"#1"},"south":{"uv":[3.25,5.75,4.75,6.875],"tintindex":0,"rotation":0,"texture":"#1"},"north":{"uv":[1.75,5.03,3.25,6.125],"tintindex":0,"rotation":0,"texture":"#1"},"west":{"uv":[7.03,7.53,7.75,8.625],"tintindex":0,"rotation":0,"texture":"#1"},"up":{"uv":[7.97,0.75,6.53,0.03],"tintindex":0,"rotation":0,"texture":"#1"},"down":{"uv":[7.97,0.75,6.53,1.47],"tintindex":0,"rotation":0,"texture":"#1"}}},{"from":[3.7399998,8.1132,6.3812],"to":[12.26,9.8172,10.8116],"faces":{"east":{"uv":[10.53,0.53,11.375,0.875],"tintindex":0,"rotation":0,"texture":"#1"},"south":{"uv":[9.25,8.53,10.875,8.875],"tintindex":0,"rotation":0,"texture":"#1"},"north":{"uv":[9.25,8.03,10.875,8.375],"tintindex":0,"rotation":0,"texture":"#1"},"west":{"uv":[10.53,1.03,11.375,1.375],"tintindex":0,"rotation":0,"texture":"#1"},"up":{"uv":[7.625,4.375,6.03,3.53],"tintindex":0,"rotation":0,"texture":"#1"},"down":{"uv":[1.625,6.25,0.03,7.125],"tintindex":0,"rotation":0,"texture":"#1"}}},{"from":[6.4664,8.1132,6.0404],"to":[9.5336,9.8172,6.3812],"faces":{"east":{"uv":[6.25,5.25,6.375,5.625],"tintindex":0,"rotation":0,"texture":"#1"},"south":{"uv":[3.25,11.03,3.875,11.375],"tintindex":0,"rotation":0,"texture":"#1"},"north":{"uv":[11.03,3.03,11.625,3.375],"tintindex":0,"rotation":0,"texture":"#1"},"west":{"uv":[9.53,0.75,9.625,1.125],"tintindex":0,"rotation":0,"texture":"#1"},"up":{"uv":[11.625,10.375,11.03,10.25],"tintindex":0,"rotation":0,"texture":"#1"},"down":{"uv":[11.625,11.03,11.03,11.125],"tintindex":0,"rotation":0,"texture":"#1"}}}],"display":{"gui":{"rotation":[-150.0,-45.0,180.0]}}}