{"textures":{"1":"modelengine:entity/ninja","particle":"#1"},"elements":[{"from":[3.9104,7.778001,5.9552],"to":[12.0896,13.9124,10.0448],"faces":{"east":{"uv":[4.75,7.53,5.47,8.625],"tintindex":0,"rotation":0,"texture":"#1"},"south":{"uv":[5.03,1.25,6.47,2.375],"tintindex":0,"rotation":0,"texture":"#1"},"north":{"uv":[5.03,0.03,6.47,1.125],"tintindex":0,"rotation":0,"texture":"#1"},"west":{"uv":[5.53,7.53,6.25,8.625],"tintindex":0,"rotation":0,"texture":"#1"},"up":{"uv":[3.25,6.97,1.75,6.25],"tintindex":0,"rotation":0,"texture":"#1"},"down":{"uv":[7.75,4.53,6.25,5.25],"tintindex":0,"rotation":0,"texture":"#1"}}}],"display":{"gui":{"rotation":[-150.0,-45.0,180.0]}}}