{
	"credit": "Made with Blockbench",
	"texture_size": [128, 128],
	"textures": {
		"3": "modelengine:entity/mega_warden"
	},
	"elements": [
		{
			"from": [0, 0.57161, 2.10079],
			"to": [16, 4.57161, 2.10079],
			"rotation": {"angle": 0, "axis": "y", "origin": [-5, -30.42839, -7.89921]},
			"faces": {
				"north": {"uv": [8.5605, 4.9395, 7.5645, 5.1855], "texture": "#3"},
				"east": {"uv": [0.002, 0.002, 0.002, 0.248], "texture": "#3"},
				"south": {"uv": [7.5645, 4.9395, 8.5605, 5.1855], "texture": "#3"},
				"west": {"uv": [0.002, 0.002, 0.002, 0.248], "texture": "#3"},
				"up": {"uv": [0.998, 0.002, 0.002, 0.002], "texture": "#3"},
				"down": {"uv": [0.998, 0.002, 0.002, 0.002], "texture": "#3"}
			}
		},
		{
			"from": [0, 4.57161, 2.10079],
			"to": [16, 13.57161, 17.10079],
			"rotation": {"angle": 0, "axis": "y", "origin": [9, -30.42839, -7.89921]},
			"faces": {
				"north": {"uv": [6.127, 3.0645, 7.123, 3.623], "texture": "#3"},
				"east": {"uv": [7.4355, 3.627, 6.502, 4.1855], "texture": "#3"},
				"south": {"uv": [6.127, 6.0645, 7.123, 6.623], "texture": "#3"},
				"west": {"uv": [6.502, 3.627, 7.4355, 4.1855], "texture": "#3"},
				"up": {"uv": [5.623, 3.6855, 4.627, 2.752], "texture": "#3"},
				"down": {"uv": [5.623, 3.6895, 4.627, 4.623], "texture": "#3"}
			}
		},
		{
			"from": [0, 0.57161, 2.10079],
			"to": [0, 4.57161, 13.10079],
			"rotation": {"angle": 0, "axis": "y", "origin": [4.5, -5.92839, 0.10079]},
			"faces": {
				"north": {"uv": [0.002, 0.002, 0.002, 0.248], "texture": "#3"},
				"east": {"uv": [7.752, 2.6895, 8.4355, 2.9355], "texture": "#3"},
				"south": {"uv": [0.002, 0.002, 0.002, 0.248], "texture": "#3"},
				"west": {"uv": [8.4355, 2.6895, 7.752, 2.9355], "texture": "#3"},
				"up": {"uv": [0.002, 0.6855, 0.002, 0.002], "texture": "#3"},
				"down": {"uv": [0.002, 0.002, 0.002, 0.6855], "texture": "#3"}
			}
		},
		{
			"from": [16, 0.57161, 2.10079],
			"to": [16, 4.57161, 13.10079],
			"rotation": {"angle": 0, "axis": "y", "origin": [13.5, -5.92839, 0.10079]},
			"faces": {
				"north": {"uv": [0.002, 0.002, 0.002, 0.248], "texture": "#3"},
				"east": {"uv": [7.752, 2.6895, 8.4355, 2.9355], "texture": "#3"},
				"south": {"uv": [0.002, 0.002, 0.002, 0.248], "texture": "#3"},
				"west": {"uv": [8.4355, 2.6895, 7.752, 2.9355], "texture": "#3"},
				"up": {"uv": [0.002, 0.6855, 0.002, 0.002], "texture": "#3"},
				"down": {"uv": [0.002, 0.002, 0.002, 0.6855], "texture": "#3"}
			}
		},
		{
			"from": [-12.24299, 6.57161, 11.9339],
			"to": [1.75701, 12.57161, 17.9339],
			"rotation": {"angle": 22.5, "axis": "y", "origin": [-6.24299, 9.57161, 14.9339]},
			"faces": {
				"north": {"uv": [1.3145, 7.252, 2.1855, 7.623], "texture": "#3"},
				"east": {"uv": [1.627, 3.127, 1.998, 3.498], "texture": "#3"},
				"south": {"uv": [7.3145, 2.3145, 8.1855, 2.6855], "texture": "#3"},
				"west": {"uv": [6.627, 2.6895, 6.998, 3.0605], "texture": "#3"},
				"up": {"uv": [8.3105, 1.6855, 7.4395, 1.3145], "texture": "#3"},
				"down": {"uv": [8.3105, 3.3145, 7.4395, 3.6855], "texture": "#3"}
			}
		},
		{
			"from": [-12.49299, -1.42839, 11.9339],
			"to": [1.50701, 6.57161, 11.9339],
			"rotation": {"angle": 0, "axis": "y", "origin": [-5.24299, 6.57161, 11.9339]},
			"faces": {
				"north": {"uv": [7.6855, 0.8145, 6.8145, 1.3105], "texture": "#3"},
				"east": {"uv": [0.002, 0.002, 0.002, 0.498], "texture": "#3"},
				"south": {"uv": [6.8145, 0.8145, 7.6855, 1.3105], "texture": "#3"},
				"west": {"uv": [0.002, 0.002, 0.002, 0.498], "texture": "#3"},
				"up": {"uv": [0.873, 0.002, 0.002, 0.002], "texture": "#3"},
				"down": {"uv": [0.873, 0.002, 0.002, 0.002], "texture": "#3"}
			}
		},
		{
			"from": [14.49299, -1.42839, 11.9339],
			"to": [28.49299, 6.57161, 11.9339],
			"rotation": {"angle": 0, "axis": "y", "origin": [22.24299, 6.57161, 11.9339]},
			"faces": {
				"north": {"uv": [8.752, 0.002, 9.623, 0.498], "texture": "#3"},
				"east": {"uv": [0.002, 0.002, 0.002, 0.498], "texture": "#3"},
				"south": {"uv": [9.623, 0.002, 8.752, 0.498], "texture": "#3"},
				"west": {"uv": [0.002, 0.002, 0.002, 0.498], "texture": "#3"},
				"up": {"uv": [0.002, 0.002, 0.873, 0.002], "texture": "#3"},
				"down": {"uv": [0.002, 0.002, 0.873, 0.002], "texture": "#3"}
			}
		},
		{
			"from": [-12.24299, 12.57161, 13.9339],
			"to": [-9.24299, 18.57161, 15.9339],
			"rotation": {"angle": 22.5, "axis": "y", "origin": [-6.24299, 9.57161, 14.9339]},
			"faces": {
				"north": {"uv": [4.8145, 1.0645, 4.998, 1.4355], "texture": "#3"},
				"east": {"uv": [6.002, 5.3145, 6.123, 5.6855], "texture": "#3"},
				"south": {"uv": [5.127, 5.8145, 5.3105, 6.1855], "texture": "#3"},
				"west": {"uv": [5.002, 6.5645, 5.123, 6.9355], "texture": "#3"},
				"up": {"uv": [4.998, 1.5605, 4.8145, 1.4395], "texture": "#3"},
				"down": {"uv": [3.1855, 4.8145, 3.002, 4.9355], "texture": "#3"}
			}
		},
		{
			"from": [14.39523, 6.57161, 12.69926],
			"to": [28.39523, 12.57161, 18.69926],
			"rotation": {"angle": -22.5, "axis": "y", "origin": [24.24299, 9.57161, 14.9339]},
			"faces": {
				"north": {"uv": [2.1855, 7.252, 1.3145, 7.623], "texture": "#3"},
				"east": {"uv": [6.998, 2.6895, 6.627, 3.0605], "texture": "#3"},
				"south": {"uv": [8.1855, 2.3145, 7.3145, 2.6855], "texture": "#3"},
				"west": {"uv": [1.998, 3.127, 1.627, 3.498], "texture": "#3"},
				"up": {"uv": [7.4395, 1.6855, 8.3105, 1.3145], "texture": "#3"},
				"down": {"uv": [7.4395, 3.3145, 8.3105, 3.6855], "texture": "#3"}
			}
		},
		{
			"from": [25.39523, 12.57161, 14.69926],
			"to": [28.39523, 18.57161, 16.69926],
			"rotation": {"angle": -22.5, "axis": "y", "origin": [24.24299, 9.57161, 14.9339]},
			"faces": {
				"north": {"uv": [4.998, 1.0645, 4.8145, 1.4355], "texture": "#3"},
				"east": {"uv": [5.123, 6.5645, 5.002, 6.9355], "texture": "#3"},
				"south": {"uv": [5.3105, 5.8145, 5.127, 6.1855], "texture": "#3"},
				"west": {"uv": [6.123, 5.3145, 6.002, 5.6855], "texture": "#3"},
				"up": {"uv": [4.8145, 1.5605, 4.998, 1.4395], "texture": "#3"},
				"down": {"uv": [3.002, 4.8145, 3.1855, 4.9355], "texture": "#3"}
			}
		},
		{
			"from": [-7.24299, 12.57161, 13.9339],
			"to": [-2.24299, 20.57161, 13.9339],
			"rotation": {"angle": 0, "axis": "y", "origin": [-4.74299, 12.57161, 13.9339]},
			"faces": {
				"north": {"uv": [5.623, 2.252, 5.3145, 2.748], "texture": "#3"},
				"east": {"uv": [0.002, 0.002, 0.002, 0.498], "texture": "#3"},
				"south": {"uv": [5.3145, 2.252, 5.623, 2.748], "texture": "#3"},
				"west": {"uv": [0.002, 0.002, 0.002, 0.498], "texture": "#3"},
				"up": {"uv": [0.3105, 0.002, 0.002, 0.002], "texture": "#3"},
				"down": {"uv": [0.3105, 0.002, 0.002, 0.002], "texture": "#3"}
			}
		},
		{
			"from": [18.24299, 12.57161, 13.9339],
			"to": [23.24299, 20.57161, 13.9339],
			"rotation": {"angle": 0, "axis": "y", "origin": [20.74299, 12.57161, 13.9339]},
			"faces": {
				"north": {"uv": [5.3145, 2.252, 5.623, 2.748], "texture": "#3"},
				"east": {"uv": [0.002, 0.002, 0.002, 0.498], "texture": "#3"},
				"south": {"uv": [5.623, 2.252, 5.3145, 2.748], "texture": "#3"},
				"west": {"uv": [0.002, 0.002, 0.002, 0.498], "texture": "#3"},
				"up": {"uv": [0.002, 0.002, 0.3105, 0.002], "texture": "#3"},
				"down": {"uv": [0.002, 0.002, 0.3105, 0.002], "texture": "#3"}
			}
		},
		{
			"from": [0, 5.91415, 0.37872],
			"to": [16, 10.91415, 0.37872],
			"rotation": {"angle": 22.5, "axis": "x", "origin": [8, 6.41415, 0.37872]},
			"faces": {
				"north": {"uv": [8.498, 0.002, 7.502, 0.3105], "texture": "#3"},
				"east": {"uv": [0.002, 0.002, 0.002, 0.3105], "texture": "#3"},
				"south": {"uv": [7.502, 0.002, 8.498, 0.3105], "texture": "#3"},
				"west": {"uv": [0.002, 0.002, 0.002, 0.3105], "texture": "#3"},
				"up": {"uv": [0.998, 0.002, 0.002, 0.002], "texture": "#3"},
				"down": {"uv": [0.998, 0.002, 0.002, 0.002], "texture": "#3"}
			}
		}
	],
	"gui_light": "front",
	"display": {
		"thirdperson_righthand": {
			"rotation": [26, 26, -15],
			"scale": [0.5, 0.5, 0.5]
		},
		"thirdperson_lefthand": {
			"rotation": [26, 26, -15],
			"scale": [0.5, 0.5, 0.5]
		},
		"firstperson_righthand": {
			"rotation": [28, 127, -31],
			"translation": [1, 0, 0],
			"scale": [0.5, 0.5, 0.5]
		},
		"firstperson_lefthand": {
			"rotation": [28, 127, -31],
			"translation": [1, 0, 0],
			"scale": [0.5, 0.5, 0.5]
		},
		"ground": {
			"rotation": [24, 0, 0],
			"translation": [0, 1.25, 0],
			"scale": [0.5, 0.5, 0.5]
		},
		"gui": {
			"rotation": [20, -154, -15],
			"translation": [1.5, -1.5, 0],
			"scale": [0.4, 0.4, 0.4]
		},
		"head": {
			"rotation": [15, 0, 0],
			"translation": [0, 3.25, -1.25]
		},
		"fixed": {
			"translation": [0, 0, -7.5]
		}
	},
	"groups": [
		{
			"name": "h_head",
			"origin": [7, 4.41415, 13.37872],
			"color": 0,
			"children": [
				0,
				1,
				2,
				3,
				4,
				{
					"name": "antler_vines",
					"origin": [-7.46716, 6.57161, 11.77957],
					"color": 0,
					"children": [5]
				},
				{
					"name": "antler_vines2",
					"origin": [22.46716, 6.57161, 11.77957],
					"color": 0,
					"children": [6]
				},
				7,
				8,
				9,
				{
					"name": "antler_sensor",
					"origin": [-5.74299, 12.57161, 13.9339],
					"color": 0,
					"children": [10]
				},
				{
					"name": "antler_sensor3",
					"origin": [19.74299, 12.57161, 13.9339],
					"color": 0,
					"children": [11]
				},
				12
			]
		}
	]
}