{"textures":{"0":"modelengine:entity/the_lovers_ghost","particle":"#0"},"elements":[{"from":[8.0,-14.0,5.5],"to":[8.0,15.0,10.5],"faces":{"east":{"uv":[12.0,8.0,12.625,11.625],"tintindex":0,"rotation":0,"texture":"#0"},"west":{"uv":[12.0,8.0,12.625,11.625],"tintindex":0,"rotation":0,"texture":"#0"}},"rotation":{"origin":[8.0,8.0,8.0],"angle":-45.0,"axis":"y"}},{"from":[8.0,-14.0,5.5],"to":[8.0,15.0,10.5],"faces":{"east":{"uv":[12.0,8.0,12.625,11.625],"tintindex":0,"rotation":0,"texture":"#0"},"west":{"uv":[12.0,8.0,12.625,11.625],"tintindex":0,"rotation":0,"texture":"#0"}},"rotation":{"origin":[8.0,8.0,8.0],"angle":45.0,"axis":"y"}}],"display":{"gui":{"rotation":[-150.0,-45.0,180.0]}}}