{"textures":{"0":"modelengine:entity/rock","particle":"#0"},"elements":[{"from":[0.2157712,-6.919771,17.0816],"to":[18.378971,8.97303,30.703999],"faces":{"east":{"uv":[8.5,5.5,10.0,7.25],"tintindex":0,"rotation":0,"texture":"#0"},"south":{"uv":[0.0,6.5,2.0,8.25],"tintindex":0,"rotation":0,"texture":"#0"},"north":{"uv":[4.5,5.5,6.5,7.25],"tintindex":0,"rotation":0,"texture":"#0"},"west":{"uv":[6.0,8.75,7.5,10.5],"tintindex":0,"rotation":0,"texture":"#0"},"up":{"uv":[9.0,5.5,7.0,4.0],"tintindex":0,"rotation":0,"texture":"#0"},"down":{"uv":[8.0,7.25,6.0,8.75],"tintindex":0,"rotation":0,"texture":"#0"}}},{"from":[-2.0546284,-6.919771,-3.3519993],"to":[20.649372,22.595428,17.0816],"faces":{"east":{"uv":[0.0,3.25,2.25,6.5],"tintindex":0,"rotation":0,"texture":"#0"},"south":{"uv":[2.5,0.0,5.0,3.25],"tintindex":0,"rotation":0,"texture":"#0"},"north":{"uv":[0.0,0.0,2.5,3.25],"tintindex":0,"rotation":0,"texture":"#0"},"west":{"uv":[2.25,3.25,4.5,6.5],"tintindex":0,"rotation":0,"texture":"#0"},"up":{"uv":[7.0,5.5,4.5,3.25],"tintindex":0,"rotation":0,"texture":"#0"},"down":{"uv":[7.5,0.0,5.0,2.25],"tintindex":0,"rotation":0,"texture":"#0"}}},{"from":[0.2157712,22.595428,-1.0815992],"to":[18.378971,27.136229,14.8112],"faces":{"east":{"uv":[3.0,10.25,4.75,10.75],"tintindex":0,"rotation":0,"texture":"#0"},"south":{"uv":[10.0,7.5,12.0,8.0],"tintindex":0,"rotation":0,"texture":"#0"},"north":{"uv":[10.0,7.0,12.0,7.5],"tintindex":0,"rotation":0,"texture":"#0"},"west":{"uv":[10.25,10.0,12.0,10.5],"tintindex":0,"rotation":0,"texture":"#0"},"up":{"uv":[9.0,4.0,7.0,2.25],"tintindex":0,"rotation":0,"texture":"#0"},"down":{"uv":[6.0,7.25,4.0,9.0],"tintindex":0,"rotation":0,"texture":"#0"}}},{"from":[2.4861712,8.97303,17.0816],"to":[16.10857,15.784229,28.4336],"faces":{"east":{"uv":[10.0,8.0,11.25,8.75],"tintindex":0,"rotation":0,"texture":"#0"},"south":{"uv":[7.5,1.5,9.0,2.25],"tintindex":0,"rotation":0,"texture":"#0"},"north":{"uv":[5.0,2.25,6.5,3.0],"tintindex":0,"rotation":0,"texture":"#0"},"west":{"uv":[9.0,10.0,10.25,10.75],"tintindex":0,"rotation":0,"texture":"#0"},"up":{"uv":[1.5,11.0,0.0,9.75],"tintindex":0,"rotation":0,"texture":"#0"},"down":{"uv":[3.0,9.75,1.5,11.0],"tintindex":0,"rotation":0,"texture":"#0"}}},{"from":[-4.3250284,8.97303,-7.8928003],"to":[9.297371,11.243429,3.4592],"faces":{"east":{"uv":[4.75,10.25,6.0,10.5],"tintindex":0,"rotation":0,"texture":"#0"},"south":{"uv":[9.5,1.25,11.0,1.5],"tintindex":0,"rotation":0,"texture":"#0"},"north":{"uv":[5.0,3.0,6.5,3.25],"tintindex":0,"rotation":0,"texture":"#0"},"west":{"uv":[10.5,1.5,11.75,1.75],"tintindex":0,"rotation":0,"texture":"#0"},"up":{"uv":[11.5,5.75,10.0,4.5],"tintindex":0,"rotation":0,"texture":"#0"},"down":{"uv":[11.5,5.75,10.0,7.0],"tintindex":0,"rotation":0,"texture":"#0"}}},{"from":[4.756572,-6.919771,-5.6223993],"to":[22.919771,4.43223,8.0],"faces":{"east":{"uv":[9.0,8.75,10.5,10.0],"tintindex":0,"rotation":0,"texture":"#0"},"south":{"uv":[4.0,9.0,6.0,10.25],"tintindex":0,"rotation":0,"texture":"#0"},"north":{"uv":[9.0,3.25,11.0,4.5],"tintindex":0,"rotation":0,"texture":"#0"},"west":{"uv":[9.5,0.0,11.0,1.25],"tintindex":0,"rotation":0,"texture":"#0"},"up":{"uv":[2.0,9.75,0.0,8.25],"tintindex":0,"rotation":0,"texture":"#0"},"down":{"uv":[4.0,8.25,2.0,9.75],"tintindex":0,"rotation":0,"texture":"#0"}}},{"from":[-6.5954285,-6.919771,-10.1632],"to":[11.567772,8.97303,3.4592],"faces":{"east":{"uv":[7.5,8.75,9.0,10.5],"tintindex":0,"rotation":0,"texture":"#0"},"south":{"uv":[6.5,5.5,8.5,7.25],"tintindex":0,"rotation":0,"texture":"#0"},"north":{"uv":[2.0,6.5,4.0,8.25],"tintindex":0,"rotation":0,"texture":"#0"},"west":{"uv":[9.0,1.5,10.5,3.25],"tintindex":0,"rotation":0,"texture":"#0"},"up":{"uv":[9.5,1.5,7.5,0.0],"tintindex":0,"rotation":0,"texture":"#0"},"down":{"uv":[10.0,7.25,8.0,8.75],"tintindex":0,"rotation":0,"texture":"#0"}}}],"display":{"gui":{"rotation":[-150.0,-45.0,180.0]}}}