{"textures":{"2":"modelengine:entity/panda_samurai","particle":"#2"},"elements":[{"from":[3.62,17.342518,5.0179815],"to":[12.379999,18.802517,11.587981],"faces":{"east":{"uv":[4.4375,7.625,3.875,7.75],"tintindex":0,"rotation":0,"texture":"#2"},"south":{"uv":[8.25,5.516,7.516,5.625],"tintindex":0,"rotation":0,"texture":"#2"},"north":{"uv":[8.125,6.016,7.375,6.125],"tintindex":0,"rotation":0,"texture":"#2"},"west":{"uv":[8.1875,3.516,7.625,3.625],"tintindex":0,"rotation":0,"texture":"#2"},"up":{"uv":[2.75,5.1875,3.484,4.625],"tintindex":0,"rotation":0,"texture":"#2"},"down":{"uv":[3.516,4.625,4.25,5.1875],"tintindex":0,"rotation":0,"texture":"#2"}}},{"from":[2.9698434,8.304134,15.60208],"to":[13.030156,11.224136,17.06208],"faces":{"east":{"uv":[0.484,7.016,0.375,7.25],"tintindex":0,"rotation":0,"texture":"#2"},"south":{"uv":[7.75,0.375,6.875,0.625],"tintindex":0,"rotation":0,"texture":"#2"},"north":{"uv":[7.625,6.375,6.75,6.625],"tintindex":0,"rotation":0,"texture":"#2"},"west":{"uv":[2.484,6.875,2.375,7.125],"tintindex":0,"rotation":0,"texture":"#2"},"up":{"uv":[4.625,2.375,5.484,2.25],"tintindex":0,"rotation":0,"texture":"#2"},"down":{"uv":[7.375,2.516,8.25,2.625],"tintindex":0,"rotation":0,"texture":"#2"}}},{"from":[-3.4872122,5.882427,5.451419],"to":[-2.0272121,10.262424,13.367356],"faces":{"east":{"uv":[6.25,4.125,6.9375,4.484],"tintindex":0,"rotation":0,"texture":"#2"},"south":{"uv":[1.75,7.75,1.875,8.125],"tintindex":0,"rotation":0,"texture":"#2"},"north":{"uv":[1.625,7.75,1.75,8.125],"tintindex":0,"rotation":0,"texture":"#2"},"west":{"uv":[6.25,4.516,6.9375,4.875],"tintindex":0,"rotation":0,"texture":"#2"},"up":{"uv":[2.75,8.1875,2.625,7.516],"tintindex":0,"rotation":0,"texture":"#2"},"down":{"uv":[2.875,7.516,2.75,8.1875],"tintindex":0,"rotation":0,"texture":"#2"}},"rotation":{"origin":[10.594112,0.80441093,8.038081],"angle":-22.5,"axis":"z"}},{"from":[5.08,8.58252,1.7329812],"to":[10.92,11.502518,3.9229813],"faces":{"east":{"uv":[7.0625,0.625,6.875,0.875],"tintindex":0,"rotation":0,"texture":"#2"},"south":{"uv":[7.875,2.25,7.375,2.484],"tintindex":0,"rotation":0,"texture":"#2"},"north":{"uv":[7.75,7.016,7.25,7.25],"tintindex":0,"rotation":0,"texture":"#2"},"west":{"uv":[6.5625,0.875,6.375,1.125],"tintindex":0,"rotation":0,"texture":"#2"},"up":{"uv":[2.016,7.6875,2.484,7.516],"tintindex":0,"rotation":0,"texture":"#2"},"down":{"uv":[7.516,5.25,7.984,5.4375],"tintindex":0,"rotation":0,"texture":"#2"}}},{"from":[-1.7407293,13.413017,2.1892314],"to":[1.9092703,15.238014,2.9192314],"faces":{"east":{"uv":[7.875,7.375,7.9375,7.5625],"tintindex":0,"rotation":0,"texture":"#2"},"south":{"uv":[7.75,0.375,8.0625,0.5625],"tintindex":0,"rotation":0,"texture":"#2"},"north":{"uv":[3.125,6.25,3.4375,6.4375],"tintindex":0,"rotation":0,"texture":"#2"},"west":{"uv":[7.625,7.875,7.6875,8.0625],"tintindex":0,"rotation":0,"texture":"#2"},"up":{"uv":[8.1875,5.8125,7.875,5.75],"tintindex":0,"rotation":0,"texture":"#2"},"down":{"uv":[8.1875,5.875,7.875,5.9375],"tintindex":0,"rotation":0,"texture":"#2"}},"rotation":{"origin":[10.594112,0.80441093,8.038081],"angle":-22.5,"axis":"z"}},{"from":[-0.6195183,8.610462,5.542669],"to":[0.84048176,11.530464,13.298919],"faces":{"east":{"uv":[3.516,0.516,4.1875,0.75],"tintindex":0,"rotation":0,"texture":"#2"},"south":{"uv":[2.875,7.875,2.984,8.125],"tintindex":0,"rotation":0,"texture":"#2"},"north":{"uv":[4.375,7.75,4.484,7.984],"tintindex":0,"rotation":0,"texture":"#2"},"west":{"uv":[0.375,7.25,1.0625,7.484],"tintindex":0,"rotation":0,"texture":"#2"},"up":{"uv":[0.125,8.3125,0.016,7.625],"tintindex":0,"rotation":0,"texture":"#2"},"down":{"uv":[0.25,7.625,0.125,8.3125],"tintindex":0,"rotation":0,"texture":"#2"}}},{"from":[14.485659,15.398464,2.1892314],"to":[18.135658,17.223465,2.9192314],"faces":{"east":{"uv":[7.6875,7.875,7.625,8.0625],"tintindex":0,"rotation":0,"texture":"#2"},"south":{"uv":[8.0625,0.375,7.75,0.5625],"tintindex":0,"rotation":0,"texture":"#2"},"north":{"uv":[3.4375,6.25,3.125,6.4375],"tintindex":0,"rotation":0,"texture":"#2"},"west":{"uv":[7.9375,7.375,7.875,7.5625],"tintindex":0,"rotation":0,"texture":"#2"},"up":{"uv":[7.875,5.8125,8.1875,5.75],"tintindex":0,"rotation":0,"texture":"#2"},"down":{"uv":[7.875,5.875,8.1875,5.9375],"tintindex":0,"rotation":0,"texture":"#2"}},"rotation":{"origin":[10.594112,0.80441093,8.038081],"angle":22.5,"axis":"z"}},{"from":[18.057142,10.787872,5.3829813],"to":[19.517143,15.167873,13.412981],"faces":{"east":{"uv":[6.8125,5.375,6.125,5.75],"tintindex":0,"rotation":0,"texture":"#2"},"south":{"uv":[3.375,1.375,3.25,1.75],"tintindex":0,"rotation":0,"texture":"#2"},"north":{"uv":[0.984,2.875,0.875,3.25],"tintindex":0,"rotation":0,"texture":"#2"},"west":{"uv":[6.5625,0.016,5.875,0.375],"tintindex":0,"rotation":0,"texture":"#2"},"up":{"uv":[1.016,8.1875,1.125,7.516],"tintindex":0,"rotation":0,"texture":"#2"},"down":{"uv":[2.516,7.516,2.625,8.1875],"tintindex":0,"rotation":0,"texture":"#2"}},"rotation":{"origin":[10.594112,0.80441093,8.038081],"angle":22.5,"axis":"z"}},{"from":[1.4299998,5.6625175,4.6529813],"to":[14.57,11.502518,4.6529813],"faces":{"east":{"uv":[-0.03,0.016,-0.53,0.484],"tintindex":0,"rotation":0,"texture":"#2"},"south":{"uv":[0.75,4.375,1.875,4.875],"tintindex":0,"rotation":0,"texture":"#2"},"north":{"uv":[1.875,4.375,0.75,4.875],"tintindex":0,"rotation":0,"texture":"#2"},"west":{"uv":[-0.03,0.016,-0.53,0.484],"tintindex":0,"rotation":0,"texture":"#2"},"up":{"uv":[0.016,-0.03,1.125,-0.53],"tintindex":0,"rotation":0,"texture":"#2"},"down":{"uv":[0.016,-0.03,1.125,-0.53],"tintindex":0,"rotation":0,"texture":"#2"}}},{"from":[-10.748882,8.533123,2.2120438],"to":[-5.6388826,9.628124,2.9420438],"faces":{"east":{"uv":[4.516,1.25,4.5625,1.375],"tintindex":0,"rotation":0,"texture":"#2"},"south":{"uv":[7.625,6.516,8.0625,6.625],"tintindex":0,"rotation":0,"texture":"#2"},"north":{"uv":[7.625,4.016,8.0625,4.125],"tintindex":0,"rotation":0,"texture":"#2"},"west":{"uv":[4.125,5.625,4.1875,5.75],"tintindex":0,"rotation":0,"texture":"#2"},"up":{"uv":[8.3125,5.0625,7.875,5.016],"tintindex":0,"rotation":0,"texture":"#2"},"down":{"uv":[8.3125,5.125,7.875,5.1875],"tintindex":0,"rotation":0,"texture":"#2"}},"rotation":{"origin":[10.594112,0.80441093,8.038081],"angle":-45.0,"axis":"z"}},{"from":[2.8899999,14.42252,2.827981],"to":[13.11,17.342518,13.047981],"faces":{"east":{"uv":[7.625,6.125,6.75,6.375],"tintindex":0,"rotation":0,"texture":"#2"},"south":{"uv":[6.875,6.75,6.016,6.984],"tintindex":0,"rotation":0,"texture":"#2"},"north":{"uv":[0.875,3.625,0.016,3.875],"tintindex":0,"rotation":0,"texture":"#2"},"west":{"uv":[6.25,4.75,5.375,4.984],"tintindex":0,"rotation":0,"texture":"#2"},"up":{"uv":[2.375,1.625,3.25,0.75],"tintindex":0,"rotation":0,"texture":"#2"},"down":{"uv":[2.25,2.516,3.125,3.375],"tintindex":0,"rotation":0,"texture":"#2"}}},{"from":[-3.5878668,9.127762,2.0979815],"to":[-1.3978672,11.31776,2.827981],"faces":{"east":{"uv":[7.9375,6.125,7.875,6.3125],"tintindex":0,"rotation":0,"texture":"#2"},"south":{"uv":[7.9375,7.016,7.75,7.1875],"tintindex":0,"rotation":0,"texture":"#2"},"north":{"uv":[4.3125,7.75,4.125,7.9375],"tintindex":0,"rotation":0,"texture":"#2"},"west":{"uv":[3.0625,7.875,3.016,8.0625],"tintindex":0,"rotation":0,"texture":"#2"},"up":{"uv":[5.516,1.8125,5.6875,1.75],"tintindex":0,"rotation":0,"texture":"#2"},"down":{"uv":[7.875,6.375,8.0625,6.4375],"tintindex":0,"rotation":0,"texture":"#2"}},"rotation":{"origin":[10.594112,0.80441093,8.038081],"angle":-45.0,"axis":"z"}},{"from":[15.159517,8.610462,5.542669],"to":[16.619518,11.530464,13.298919],"faces":{"east":{"uv":[1.0625,7.25,0.375,7.484],"tintindex":0,"rotation":0,"texture":"#2"},"south":{"uv":[2.984,7.875,2.875,8.125],"tintindex":0,"rotation":0,"texture":"#2"},"north":{"uv":[4.484,7.75,4.375,7.984],"tintindex":0,"rotation":0,"texture":"#2"},"west":{"uv":[4.1875,0.516,3.516,0.75],"tintindex":0,"rotation":0,"texture":"#2"},"up":{"uv":[0.016,8.3125,0.125,7.625],"tintindex":0,"rotation":0,"texture":"#2"},"down":{"uv":[0.125,7.625,0.25,8.3125],"tintindex":0,"rotation":0,"texture":"#2"}}},{"from":[2.8899999,9.755676,18.14637],"to":[13.11,14.135677,19.60637],"faces":{"east":{"uv":[4.125,5.875,4.016,6.25],"tintindex":0,"rotation":0,"texture":"#2"},"south":{"uv":[6.125,5.375,5.25,5.75],"tintindex":0,"rotation":0,"texture":"#2"},"north":{"uv":[6.25,4.375,5.375,4.75],"tintindex":0,"rotation":0,"texture":"#2"},"west":{"uv":[4.25,5.25,4.125,5.625],"tintindex":0,"rotation":0,"texture":"#2"},"up":{"uv":[2.375,1.75,3.25,1.625],"tintindex":0,"rotation":0,"texture":"#2"},"down":{"uv":[3.375,2.375,4.25,2.484],"tintindex":0,"rotation":0,"texture":"#2"}},"rotation":{"origin":[10.594112,0.80441093,8.038081],"angle":-22.5,"axis":"x"}},{"from":[3.62,7.1225166,3.9229813],"to":[12.379999,15.882519,12.6829815],"faces":{"east":{"uv":[4.75,3.875,4.016,4.625],"tintindex":0,"rotation":0,"texture":"#2"},"south":{"uv":[4.75,3.125,4.016,3.875],"tintindex":0,"rotation":0,"texture":"#2"},"north":{"uv":[3.25,3.875,2.516,4.625],"tintindex":0,"rotation":0,"texture":"#2"},"west":{"uv":[3.984,3.875,3.25,4.625],"tintindex":0,"rotation":0,"texture":"#2"},"up":{"uv":[4.25,1.25,4.984,0.516],"tintindex":0,"rotation":0,"texture":"#2"},"down":{"uv":[0.016,4.375,0.75,5.125],"tintindex":0,"rotation":0,"texture":"#2"}}},{"from":[3.62,14.905613,7.2949276],"to":[12.379999,16.365616,9.484928],"faces":{"east":{"uv":[0.6875,5.125,0.516,5.25],"tintindex":0,"rotation":0,"texture":"#2"},"south":{"uv":[3.875,7.625,3.125,7.75],"tintindex":0,"rotation":0,"texture":"#2"},"north":{"uv":[8.375,1.625,7.625,1.75],"tintindex":0,"rotation":0,"texture":"#2"},"west":{"uv":[4.9375,0.375,4.75,0.484],"tintindex":0,"rotation":0,"texture":"#2"},"up":{"uv":[7.25,1.9375,7.984,1.75],"tintindex":0,"rotation":0,"texture":"#2"},"down":{"uv":[7.25,2.016,7.984,2.1875],"tintindex":0,"rotation":0,"texture":"#2"}},"rotation":{"origin":[10.594112,0.80441093,8.038081],"angle":-22.5,"axis":"x"}},{"from":[23.158478,12.201752,2.2120438],"to":[28.268478,13.296753,2.9420438],"faces":{"east":{"uv":[4.1875,5.625,4.125,5.75],"tintindex":0,"rotation":0,"texture":"#2"},"south":{"uv":[8.0625,6.516,7.625,6.625],"tintindex":0,"rotation":0,"texture":"#2"},"north":{"uv":[8.0625,4.016,7.625,4.125],"tintindex":0,"rotation":0,"texture":"#2"},"west":{"uv":[4.5625,1.25,4.516,1.375],"tintindex":0,"rotation":0,"texture":"#2"},"up":{"uv":[7.875,5.0625,8.3125,5.016],"tintindex":0,"rotation":0,"texture":"#2"},"down":{"uv":[7.875,5.125,8.3125,5.1875],"tintindex":0,"rotation":0,"texture":"#2"}},"rotation":{"origin":[10.594112,0.80441093,8.038081],"angle":45.0,"axis":"z"}},{"from":[-3.222867,9.49276,1.7329812],"to":[-1.762867,10.952763,2.0979815],"faces":{"east":{"uv":[6.6875,2.25,6.625,2.375],"tintindex":0,"rotation":0,"texture":"#2"},"south":{"uv":[4.375,2.375,4.25,2.484],"tintindex":0,"rotation":0,"texture":"#2"},"north":{"uv":[2.25,3.25,2.125,3.375],"tintindex":0,"rotation":0,"texture":"#2"},"west":{"uv":[4.0625,6.25,4.016,6.375],"tintindex":0,"rotation":0,"texture":"#2"},"up":{"uv":[6.75,5.3125,6.875,5.25],"tintindex":0,"rotation":0,"texture":"#2"},"down":{"uv":[6.75,6.625,6.875,6.6875],"tintindex":0,"rotation":0,"texture":"#2"}},"rotation":{"origin":[10.594112,0.80441093,8.038081],"angle":-45.0,"axis":"z"}},{"from":[2.9356246,6.835678,18.511372],"to":[13.064375,11.215679,19.97137],"faces":{"east":{"uv":[4.625,7.625,4.516,7.984],"tintindex":0,"rotation":0,"texture":"#2"},"south":{"uv":[6.375,0.75,5.516,1.125],"tintindex":0,"rotation":0,"texture":"#2"},"north":{"uv":[6.375,0.375,5.516,0.75],"tintindex":0,"rotation":0,"texture":"#2"},"west":{"uv":[0.375,7.625,0.25,7.984],"tintindex":0,"rotation":0,"texture":"#2"},"up":{"uv":[7.375,4.75,8.25,4.625],"tintindex":0,"rotation":0,"texture":"#2"},"down":{"uv":[7.375,4.875,8.25,4.984],"tintindex":0,"rotation":0,"texture":"#2"}},"rotation":{"origin":[10.594112,0.80441093,8.038081],"angle":-22.5,"axis":"x"}},{"from":[-3.1222124,8.802425,5.3829813],"to":[-1.6622124,13.182426,13.412981],"faces":{"east":{"uv":[5.875,0.016,6.5625,0.375],"tintindex":0,"rotation":0,"texture":"#2"},"south":{"uv":[3.25,1.375,3.375,1.75],"tintindex":0,"rotation":0,"texture":"#2"},"north":{"uv":[0.875,2.875,0.984,3.25],"tintindex":0,"rotation":0,"texture":"#2"},"west":{"uv":[6.125,5.375,6.8125,5.75],"tintindex":0,"rotation":0,"texture":"#2"},"up":{"uv":[1.125,8.1875,1.016,7.516],"tintindex":0,"rotation":0,"texture":"#2"},"down":{"uv":[2.625,7.516,2.516,8.1875],"tintindex":0,"rotation":0,"texture":"#2"}},"rotation":{"origin":[10.594112,0.80441093,8.038081],"angle":-22.5,"axis":"z"}},{"from":[18.422142,7.867874,5.451419],"to":[19.882141,12.247875,13.367356],"faces":{"east":{"uv":[6.9375,4.516,6.25,4.875],"tintindex":0,"rotation":0,"texture":"#2"},"south":{"uv":[1.875,7.75,1.75,8.125],"tintindex":0,"rotation":0,"texture":"#2"},"north":{"uv":[1.75,7.75,1.625,8.125],"tintindex":0,"rotation":0,"texture":"#2"},"west":{"uv":[6.9375,4.125,6.25,4.484],"tintindex":0,"rotation":0,"texture":"#2"},"up":{"uv":[2.625,8.1875,2.75,7.516],"tintindex":0,"rotation":0,"texture":"#2"},"down":{"uv":[2.75,7.516,2.875,8.1875],"tintindex":0,"rotation":0,"texture":"#2"}},"rotation":{"origin":[10.594112,0.80441093,8.038081],"angle":22.5,"axis":"z"}}],"display":{"gui":{"rotation":[-150.0,-45.0,180.0]}}}