{"textures":{"2":"modelengine:entity/panda_samurai","particle":"#2"},"elements":[{"from":[5.08,6.7699966,5.4049997],"to":[10.92,8.23,7.5950003],"faces":{"east":{"uv":[4.4375,1.25,4.25,1.375],"tintindex":0,"rotation":0,"texture":"#2"},"south":{"uv":[8.125,3.875,7.625,3.984],"tintindex":0,"rotation":0,"texture":"#2"},"north":{"uv":[5.484,1.125,5.016,1.25],"tintindex":0,"rotation":0,"texture":"#2"},"west":{"uv":[2.0625,3.25,1.875,3.375],"tintindex":0,"rotation":0,"texture":"#2"},"up":{"uv":[7.625,1.5625,8.125,1.375],"tintindex":0,"rotation":0,"texture":"#2"},"down":{"uv":[7.625,2.875,8.125,3.0625],"tintindex":0,"rotation":0,"texture":"#2"}}}],"display":{"gui":{"rotation":[-150.0,-45.0,180.0]}}}