{"textures":{"0":"modelengine:entity/samurai_katana","particle":"#0"},"elements":[{"from":[7.6353645,7.5799427,11.22135],"to":[8.365364,8.309942,11.5863495],"faces":{"east":{"uv":[6.016,4.516,6.484,4.75],"tintindex":0,"rotation":90,"texture":"#0"},"south":{"uv":[5.984,4.516,5.516,4.984],"tintindex":0,"rotation":0,"texture":"#0"},"north":{"uv":[4.984,5.984,4.516,5.516],"tintindex":0,"rotation":180,"texture":"#0"},"west":{"uv":[6.016,5.516,6.484,5.75],"tintindex":0,"rotation":270,"texture":"#0"},"up":{"uv":[6.016,5.016,6.484,5.25],"tintindex":0,"rotation":0,"texture":"#0"},"down":{"uv":[4.516,6.016,4.984,6.25],"tintindex":0,"rotation":180,"texture":"#0"}}},{"from":[7.9147377,20.291117,-7.807785],"to":[8.074432,21.237835,-7.4427853],"faces":{"east":{"uv":[6.016,0.016,6.75,0.25],"tintindex":0,"rotation":90,"texture":"#0"},"south":{"uv":[3.25,6.016,3.016,6.75],"tintindex":0,"rotation":0,"texture":"#0"},"north":{"uv":[6.25,1.75,6.016,1.016],"tintindex":0,"rotation":180,"texture":"#0"},"west":{"uv":[6.016,0.516,6.75,0.75],"tintindex":0,"rotation":270,"texture":"#0"},"up":{"uv":[6.516,1.016,6.75,1.25],"tintindex":0,"rotation":0,"texture":"#0"},"down":{"uv":[6.016,6.016,6.25,6.25],"tintindex":0,"rotation":180,"texture":"#0"}},"rotation":{"origin":[4.3699203,12.628657,7.1261206],"angle":-45.0,"axis":"x"}},{"from":[7.9281006,8.202198,-9.253256],"to":[8.066801,8.407518,-8.682936],"faces":{"east":{"uv":[6.016,3.516,6.25,3.984],"tintindex":0,"rotation":90,"texture":"#0"},"south":{"uv":[4.75,6.516,4.516,6.75],"tintindex":0,"rotation":0,"texture":"#0"},"north":{"uv":[6.75,4.25,6.516,4.016],"tintindex":0,"rotation":180,"texture":"#0"},"west":{"uv":[6.016,4.016,6.25,4.484],"tintindex":0,"rotation":270,"texture":"#0"},"up":{"uv":[4.016,6.016,4.25,6.484],"tintindex":0,"rotation":0,"texture":"#0"},"down":{"uv":[3.516,6.016,3.75,6.484],"tintindex":0,"rotation":180,"texture":"#0"}}},{"from":[7.912008,7.4886923,-8.853649],"to":[8.094507,8.401193,5.74635],"faces":{"east":{"uv":[0.016,0.016,0.75,9.984],"tintindex":0,"rotation":90,"texture":"#0"},"south":{"uv":[5.75,5.516,5.516,6.25],"tintindex":0,"rotation":0,"texture":"#0"},"north":{"uv":[5.25,6.25,5.016,5.516],"tintindex":0,"rotation":180,"texture":"#0"},"west":{"uv":[1.016,0.016,1.75,9.984],"tintindex":0,"rotation":270,"texture":"#0"},"up":{"uv":[2.516,0.016,2.75,9.984],"tintindex":0,"rotation":0,"texture":"#0"},"down":{"uv":[2.016,0.016,2.25,9.984],"tintindex":0,"rotation":180,"texture":"#0"}}},{"from":[7.4528646,7.397443,10.49135],"to":[8.547865,8.492442,11.22135],"faces":{"east":{"uv":[5.016,0.516,5.75,0.984],"tintindex":0,"rotation":90,"texture":"#0"},"south":{"uv":[5.25,4.016,4.516,4.75],"tintindex":0,"rotation":0,"texture":"#0"},"north":{"uv":[5.25,3.75,4.516,3.016],"tintindex":0,"rotation":180,"texture":"#0"},"west":{"uv":[5.016,1.516,5.75,1.984],"tintindex":0,"rotation":270,"texture":"#0"},"up":{"uv":[5.016,1.016,5.75,1.484],"tintindex":0,"rotation":0,"texture":"#0"},"down":{"uv":[5.016,0.016,5.75,0.484],"tintindex":0,"rotation":180,"texture":"#0"}}},{"from":[7.934813,7.8371983,-9.139187],"to":[8.071688,8.202198,-8.682936],"faces":{"east":{"uv":[6.516,2.016,6.75,2.25],"tintindex":0,"rotation":90,"texture":"#0"},"south":{"uv":[4.25,6.516,4.016,6.75],"tintindex":0,"rotation":0,"texture":"#0"},"north":{"uv":[6.75,3.75,6.516,3.516],"tintindex":0,"rotation":180,"texture":"#0"},"west":{"uv":[3.516,6.516,3.75,6.75],"tintindex":0,"rotation":270,"texture":"#0"},"up":{"uv":[6.516,2.516,6.75,2.75],"tintindex":0,"rotation":0,"texture":"#0"},"down":{"uv":[6.516,1.516,6.75,1.75],"tintindex":0,"rotation":180,"texture":"#0"}}},{"from":[7.0878644,7.032442,5.74635],"to":[8.912865,8.857443,6.1113496],"faces":{"east":{"uv":[5.016,2.516,6.25,2.75],"tintindex":0,"rotation":90,"texture":"#0"},"south":{"uv":[4.25,1.516,3.016,2.75],"tintindex":0,"rotation":0,"texture":"#0"},"north":{"uv":[4.25,1.25,3.016,0.016],"tintindex":0,"rotation":180,"texture":"#0"},"west":{"uv":[5.516,3.016,6.75,3.25],"tintindex":0,"rotation":270,"texture":"#0"},"up":{"uv":[4.516,5.016,5.75,5.25],"tintindex":0,"rotation":0,"texture":"#0"},"down":{"uv":[5.016,2.016,6.25,2.25],"tintindex":0,"rotation":180,"texture":"#0"}}},{"from":[7.6353645,7.5799427,6.1113496],"to":[8.365364,8.309942,10.49135],"faces":{"east":{"uv":[3.516,3.016,3.984,5.984],"tintindex":0,"rotation":90,"texture":"#0"},"south":{"uv":[5.984,4.016,5.516,4.484],"tintindex":0,"rotation":0,"texture":"#0"},"north":{"uv":[5.984,3.984,5.516,3.516],"tintindex":0,"rotation":180,"texture":"#0"},"west":{"uv":[4.516,0.016,4.984,2.984],"tintindex":0,"rotation":270,"texture":"#0"},"up":{"uv":[4.016,3.016,4.484,5.984],"tintindex":0,"rotation":0,"texture":"#0"},"down":{"uv":[3.016,3.016,3.484,5.984],"tintindex":0,"rotation":180,"texture":"#0"}}}],"display":{"gui":{"rotation":[-150.0,-45.0,180.0]}}}