{"textures":{"2":"modelengine:entity/panda_samurai","particle":"#2"},"elements":[{"from":[5.2938538,2.0438023,5.08],"to":[11.133854,7.8838024,10.92],"faces":{"east":{"uv":[6.375,0.375,6.875,0.875],"tintindex":0,"rotation":0,"texture":"#2"},"south":{"uv":[6.375,2.875,6.875,3.375],"tintindex":0,"rotation":0,"texture":"#2"},"north":{"uv":[6.25,6.25,6.75,6.75],"tintindex":0,"rotation":0,"texture":"#2"},"west":{"uv":[6.375,3.375,6.875,3.875],"tintindex":0,"rotation":0,"texture":"#2"},"up":{"uv":[4.484,6.875,4.016,6.375],"tintindex":0,"rotation":0,"texture":"#2"},"down":{"uv":[4.984,6.375,4.516,6.875],"tintindex":0,"rotation":0,"texture":"#2"}}},{"from":[4.928854,2.0209904,4.8975],"to":[9.308854,7.8056774,11.1025],"faces":{"east":{"uv":[6.125,2.375,6.6875,2.875],"tintindex":0,"rotation":0,"texture":"#2"},"south":{"uv":[3.516,7.125,3.875,7.625],"tintindex":0,"rotation":0,"texture":"#2"},"north":{"uv":[5.75,1.75,6.125,2.25],"tintindex":0,"rotation":0,"texture":"#2"},"west":{"uv":[2.516,6.25,3.0625,6.75],"tintindex":0,"rotation":0,"texture":"#2"},"up":{"uv":[7.25,7.1875,6.875,6.625],"tintindex":0,"rotation":0,"texture":"#2"},"down":{"uv":[0.375,7.016,0.016,7.5625],"tintindex":0,"rotation":0,"texture":"#2"}}}],"display":{"gui":{"rotation":[-150.0,-45.0,180.0]}}}