{"textures":{"2":"modelengine:entity/panda_samurai","particle":"#2"},"elements":[{"from":[5.08,5.04,4.35],"to":[10.92,7.96,11.65],"faces":{"east":{"uv":[1.875,4.375,2.484,4.625],"tintindex":0,"rotation":0,"texture":"#2"},"south":{"uv":[7.375,4.375,7.875,4.625],"tintindex":0,"rotation":0,"texture":"#2"},"north":{"uv":[7.375,4.125,7.875,4.375],"tintindex":0,"rotation":0,"texture":"#2"},"west":{"uv":[4.75,4.375,5.375,4.625],"tintindex":0,"rotation":0,"texture":"#2"},"up":{"uv":[6.625,1.75,6.125,1.125],"tintindex":0,"rotation":0,"texture":"#2"},"down":{"uv":[6.625,1.75,6.125,2.375],"tintindex":0,"rotation":0,"texture":"#2"}}}],"display":{"gui":{"rotation":[-150.0,-45.0,180.0]}}}