{"textures":{"2":"modelengine:entity/panda_samurai","particle":"#2"},"elements":[{"from":[3.2369103,-0.16908264,5.0812674],"to":[9.07691,8.590916,10.9212675],"faces":{"east":{"uv":[4.25,5.016,4.75,5.75],"tintindex":0,"rotation":0,"texture":"#2"},"south":{"uv":[4.75,5.016,5.25,5.75],"tintindex":0,"rotation":0,"texture":"#2"},"north":{"uv":[5.016,0.375,5.484,1.125],"tintindex":0,"rotation":0,"texture":"#2"},"west":{"uv":[0.016,5.125,0.484,5.875],"tintindex":0,"rotation":0,"texture":"#2"},"up":{"uv":[6.75,5.375,6.25,4.875],"tintindex":0,"rotation":0,"texture":"#2"},"down":{"uv":[6.75,5.75,6.25,6.25],"tintindex":0,"rotation":0,"texture":"#2"}}},{"from":[1.3664289,-2.336691,4.3512673],"to":[3.5564294,2.0433102,11.651268],"faces":{"east":{"uv":[6.75,2.25,7.375,2.625],"tintindex":0,"rotation":0,"texture":"#2"},"south":{"uv":[6.375,7.625,6.5625,7.984],"tintindex":0,"rotation":0,"texture":"#2"},"north":{"uv":[7.625,6.125,7.8125,6.484],"tintindex":0,"rotation":0,"texture":"#2"},"west":{"uv":[2.516,6.75,3.125,7.125],"tintindex":0,"rotation":0,"texture":"#2"},"up":{"uv":[7.0625,7.984,6.875,7.375],"tintindex":0,"rotation":0,"texture":"#2"},"down":{"uv":[7.3125,7.375,7.125,7.984],"tintindex":0,"rotation":0,"texture":"#2"}},"rotation":{"origin":[13.052798,2.27281,6.276367],"angle":-22.5,"axis":"z"}},{"from":[5.0580916,6.401676,4.3512673],"to":[7.9780917,9.686676,11.651268],"faces":{"east":{"uv":[7.125,0.625,7.75,0.9375],"tintindex":0,"rotation":0,"texture":"#2"},"south":{"uv":[7.625,3.125,7.875,3.4375],"tintindex":0,"rotation":0,"texture":"#2"},"north":{"uv":[6.016,6.375,6.25,6.6875],"tintindex":0,"rotation":0,"texture":"#2"},"west":{"uv":[7.125,1.016,7.75,1.3125],"tintindex":0,"rotation":0,"texture":"#2"},"up":{"uv":[1.25,2.625,1.016,2.016],"tintindex":0,"rotation":0,"texture":"#2"},"down":{"uv":[6.875,7.016,6.625,7.625],"tintindex":0,"rotation":0,"texture":"#2"}}},{"from":[3.2330918,4.941677,4.7162676],"to":[8.708092,9.321678,11.286267],"faces":{"east":{"uv":[5.25,6.875,5.8125,7.25],"tintindex":0,"rotation":0,"texture":"#2"},"south":{"uv":[2.375,7.125,2.875,7.484],"tintindex":0,"rotation":0,"texture":"#2"},"north":{"uv":[7.125,1.375,7.625,1.75],"tintindex":0,"rotation":0,"texture":"#2"},"west":{"uv":[6.875,5.25,7.4375,5.625],"tintindex":0,"rotation":0,"texture":"#2"},"up":{"uv":[1.984,6.8125,1.516,6.25],"tintindex":0,"rotation":0,"texture":"#2"},"down":{"uv":[2.484,6.25,2.016,6.8125],"tintindex":0,"rotation":0,"texture":"#2"}}},{"from":[1.7314286,-5.256691,4.4425173],"to":[3.9214292,-0.8766899,11.560017],"faces":{"east":{"uv":[6.75,4.875,7.375,5.25],"tintindex":0,"rotation":0,"texture":"#2"},"south":{"uv":[7.625,7.375,7.8125,7.75],"tintindex":0,"rotation":0,"texture":"#2"},"north":{"uv":[6.625,7.625,6.8125,7.984],"tintindex":0,"rotation":0,"texture":"#2"},"west":{"uv":[6.75,5.75,7.375,6.125],"tintindex":0,"rotation":0,"texture":"#2"},"up":{"uv":[7.5625,7.984,7.375,7.375],"tintindex":0,"rotation":0,"texture":"#2"},"down":{"uv":[0.5625,7.516,0.375,8.125],"tintindex":0,"rotation":0,"texture":"#2"}},"rotation":{"origin":[13.052798,2.27281,6.276367],"angle":-22.5,"axis":"z"}},{"from":[1.0014291,0.5833092,4.2600174],"to":[3.1914287,4.9633102,11.719705],"faces":{"east":{"uv":[6.625,0.016,7.25,0.375],"tintindex":0,"rotation":0,"texture":"#2"},"south":{"uv":[6.125,7.625,6.3125,7.984],"tintindex":0,"rotation":0,"texture":"#2"},"north":{"uv":[5.875,7.625,6.0625,7.984],"tintindex":0,"rotation":0,"texture":"#2"},"west":{"uv":[6.625,1.875,7.25,2.25],"tintindex":0,"rotation":0,"texture":"#2"},"up":{"uv":[5.5625,7.984,5.375,7.375],"tintindex":0,"rotation":0,"texture":"#2"},"down":{"uv":[5.8125,7.375,5.625,7.984],"tintindex":0,"rotation":0,"texture":"#2"}},"rotation":{"origin":[13.052798,2.27281,6.276367],"angle":-22.5,"axis":"z"}}],"display":{"gui":{"rotation":[-150.0,-45.0,180.0]}}}