{"textures":{"2":"modelengine:entity/panda_samurai","particle":"#2"},"elements":[{"from":[4.9235716,3.540825,5.210357],"to":[11.493571,4.2708254,11.780357],"faces":{"east":{"uv":[7.875,4.25,8.4375,4.3125],"tintindex":0,"rotation":0,"texture":"#2"},"south":{"uv":[7.875,4.375,8.4375,4.4375],"tintindex":0,"rotation":0,"texture":"#2"},"north":{"uv":[7.875,4.125,8.4375,4.1875],"tintindex":0,"rotation":0,"texture":"#2"},"west":{"uv":[7.875,4.516,8.4375,4.5625],"tintindex":0,"rotation":0,"texture":"#2"},"up":{"uv":[2.9375,6.1875,2.375,5.625],"tintindex":0,"rotation":0,"texture":"#2"},"down":{"uv":[4.6875,5.75,4.125,6.3125],"tintindex":0,"rotation":0,"texture":"#2"}}},{"from":[4.9235716,2.0808249,5.210357],"to":[11.493571,2.8108253,11.780357],"faces":{"east":{"uv":[7.875,4.25,8.4375,4.3125],"tintindex":0,"rotation":0,"texture":"#2"},"south":{"uv":[7.875,4.375,8.4375,4.4375],"tintindex":0,"rotation":0,"texture":"#2"},"north":{"uv":[7.875,4.125,8.4375,4.1875],"tintindex":0,"rotation":0,"texture":"#2"},"west":{"uv":[7.875,4.516,8.4375,4.5625],"tintindex":0,"rotation":0,"texture":"#2"},"up":{"uv":[2.9375,6.1875,2.375,5.625],"tintindex":0,"rotation":0,"texture":"#2"},"down":{"uv":[4.6875,5.75,4.125,6.3125],"tintindex":0,"rotation":0,"texture":"#2"}}},{"from":[5.2885714,0.6208248,5.5753574],"to":[11.1285715,7.920826,11.415358],"faces":{"east":{"uv":[4.75,5.75,5.25,6.375],"tintindex":0,"rotation":0,"texture":"#2"},"south":{"uv":[5.25,5.75,5.75,6.375],"tintindex":0,"rotation":0,"texture":"#2"},"north":{"uv":[3.016,5.625,3.484,6.25],"tintindex":0,"rotation":0,"texture":"#2"},"west":{"uv":[5.75,5.75,6.25,6.375],"tintindex":0,"rotation":0,"texture":"#2"},"up":{"uv":[5.484,6.875,5.016,6.375],"tintindex":0,"rotation":0,"texture":"#2"},"down":{"uv":[5.984,6.375,5.516,6.875],"tintindex":0,"rotation":0,"texture":"#2"}}},{"from":[4.9235716,5.000825,5.210357],"to":[11.493571,5.7308254,11.780357],"faces":{"east":{"uv":[7.875,4.25,8.4375,4.3125],"tintindex":0,"rotation":0,"texture":"#2"},"south":{"uv":[7.875,4.375,8.4375,4.4375],"tintindex":0,"rotation":0,"texture":"#2"},"north":{"uv":[7.875,4.125,8.4375,4.1875],"tintindex":0,"rotation":0,"texture":"#2"},"west":{"uv":[7.875,4.516,8.4375,4.5625],"tintindex":0,"rotation":0,"texture":"#2"},"up":{"uv":[2.9375,6.1875,2.375,5.625],"tintindex":0,"rotation":0,"texture":"#2"},"down":{"uv":[4.6875,5.75,4.125,6.3125],"tintindex":0,"rotation":0,"texture":"#2"}}},{"from":[4.558572,0.6676998,4.845357],"to":[8.938572,7.1908245,9.225357],"faces":{"east":{"uv":[7.016,4.125,7.375,4.6875],"tintindex":0,"rotation":0,"texture":"#2"},"south":{"uv":[5.875,7.016,6.25,7.5625],"tintindex":0,"rotation":0,"texture":"#2"},"north":{"uv":[3.125,7.016,3.484,7.5625],"tintindex":0,"rotation":0,"texture":"#2"},"west":{"uv":[6.25,7.016,6.625,7.5625],"tintindex":0,"rotation":0,"texture":"#2"},"up":{"uv":[4.25,7.625,3.875,7.25],"tintindex":0,"rotation":0,"texture":"#2"},"down":{"uv":[4.625,7.25,4.25,7.625],"tintindex":0,"rotation":0,"texture":"#2"}}}],"display":{"gui":{"rotation":[-150.0,-45.0,180.0]}}}