{"textures":{"2":"modelengine:entity/panda_samurai","particle":"#2"},"elements":[{"from":[4.866146,2.0438023,5.08],"to":[10.706146,7.8838024,10.92],"faces":{"east":{"uv":[6.875,3.375,6.375,3.875],"tintindex":0,"rotation":0,"texture":"#2"},"south":{"uv":[6.875,2.875,6.375,3.375],"tintindex":0,"rotation":0,"texture":"#2"},"north":{"uv":[6.75,6.25,6.25,6.75],"tintindex":0,"rotation":0,"texture":"#2"},"west":{"uv":[6.875,0.375,6.375,0.875],"tintindex":0,"rotation":0,"texture":"#2"},"up":{"uv":[4.016,6.875,4.484,6.375],"tintindex":0,"rotation":0,"texture":"#2"},"down":{"uv":[4.516,6.375,4.984,6.875],"tintindex":0,"rotation":0,"texture":"#2"}}},{"from":[6.691146,2.0209904,4.8975],"to":[11.071146,7.8213024,11.1025],"faces":{"east":{"uv":[3.0625,6.25,2.516,6.75],"tintindex":0,"rotation":0,"texture":"#2"},"south":{"uv":[3.875,7.125,3.516,7.625],"tintindex":0,"rotation":0,"texture":"#2"},"north":{"uv":[6.125,1.75,5.75,2.25],"tintindex":0,"rotation":0,"texture":"#2"},"west":{"uv":[6.6875,2.375,6.125,2.875],"tintindex":0,"rotation":0,"texture":"#2"},"up":{"uv":[6.875,7.1875,7.25,6.625],"tintindex":0,"rotation":0,"texture":"#2"},"down":{"uv":[0.016,7.016,0.375,7.5625],"tintindex":0,"rotation":0,"texture":"#2"}}}],"display":{"gui":{"rotation":[-150.0,-45.0,180.0]}}}