{"textures":{"2":"modelengine:entity/panda_samurai","particle":"#2"},"elements":[{"from":[4.5064287,5.000825,5.210357],"to":[11.076428,5.7308254,11.780357],"faces":{"east":{"uv":[8.4375,4.516,7.875,4.5625],"tintindex":0,"rotation":0,"texture":"#2"},"south":{"uv":[8.4375,4.375,7.875,4.4375],"tintindex":0,"rotation":0,"texture":"#2"},"north":{"uv":[8.4375,4.125,7.875,4.1875],"tintindex":0,"rotation":0,"texture":"#2"},"west":{"uv":[8.4375,4.25,7.875,4.3125],"tintindex":0,"rotation":0,"texture":"#2"},"up":{"uv":[2.375,6.1875,2.9375,5.625],"tintindex":0,"rotation":0,"texture":"#2"},"down":{"uv":[4.125,5.75,4.6875,6.3125],"tintindex":0,"rotation":0,"texture":"#2"}}},{"from":[4.5064287,2.0808249,5.210357],"to":[11.076428,2.8108253,11.780357],"faces":{"east":{"uv":[8.4375,4.516,7.875,4.5625],"tintindex":0,"rotation":0,"texture":"#2"},"south":{"uv":[8.4375,4.375,7.875,4.4375],"tintindex":0,"rotation":0,"texture":"#2"},"north":{"uv":[8.4375,4.125,7.875,4.1875],"tintindex":0,"rotation":0,"texture":"#2"},"west":{"uv":[8.4375,4.25,7.875,4.3125],"tintindex":0,"rotation":0,"texture":"#2"},"up":{"uv":[2.375,6.1875,2.9375,5.625],"tintindex":0,"rotation":0,"texture":"#2"},"down":{"uv":[4.125,5.75,4.6875,6.3125],"tintindex":0,"rotation":0,"texture":"#2"}}},{"from":[7.0614285,0.6676998,4.845357],"to":[11.441428,7.1908245,9.225357],"faces":{"east":{"uv":[6.625,7.016,6.25,7.5625],"tintindex":0,"rotation":0,"texture":"#2"},"south":{"uv":[6.25,7.016,5.875,7.5625],"tintindex":0,"rotation":0,"texture":"#2"},"north":{"uv":[3.484,7.016,3.125,7.5625],"tintindex":0,"rotation":0,"texture":"#2"},"west":{"uv":[7.375,4.125,7.016,4.6875],"tintindex":0,"rotation":0,"texture":"#2"},"up":{"uv":[3.875,7.625,4.25,7.25],"tintindex":0,"rotation":0,"texture":"#2"},"down":{"uv":[4.25,7.25,4.625,7.625],"tintindex":0,"rotation":0,"texture":"#2"}}},{"from":[4.8714285,0.6208248,5.5753574],"to":[10.711429,7.920826,11.415358],"faces":{"east":{"uv":[6.25,5.75,5.75,6.375],"tintindex":0,"rotation":0,"texture":"#2"},"south":{"uv":[5.75,5.75,5.25,6.375],"tintindex":0,"rotation":0,"texture":"#2"},"north":{"uv":[3.484,5.625,3.016,6.25],"tintindex":0,"rotation":0,"texture":"#2"},"west":{"uv":[5.25,5.75,4.75,6.375],"tintindex":0,"rotation":0,"texture":"#2"},"up":{"uv":[5.016,6.875,5.484,6.375],"tintindex":0,"rotation":0,"texture":"#2"},"down":{"uv":[5.516,6.375,5.984,6.875],"tintindex":0,"rotation":0,"texture":"#2"}}},{"from":[4.5064287,3.540825,5.210357],"to":[11.076428,4.2708254,11.780357],"faces":{"east":{"uv":[8.4375,4.516,7.875,4.5625],"tintindex":0,"rotation":0,"texture":"#2"},"south":{"uv":[8.4375,4.375,7.875,4.4375],"tintindex":0,"rotation":0,"texture":"#2"},"north":{"uv":[8.4375,4.125,7.875,4.1875],"tintindex":0,"rotation":0,"texture":"#2"},"west":{"uv":[8.4375,4.25,7.875,4.3125],"tintindex":0,"rotation":0,"texture":"#2"},"up":{"uv":[2.375,6.1875,2.9375,5.625],"tintindex":0,"rotation":0,"texture":"#2"},"down":{"uv":[4.125,5.75,4.6875,6.3125],"tintindex":0,"rotation":0,"texture":"#2"}}}],"display":{"gui":{"rotation":[-150.0,-45.0,180.0]}}}