{"textures":{"2":"modelengine:entity/panda_samurai","particle":"#2"},"elements":[{"from":[5.8100004,5.039999,5.4449997],"to":[10.190001,7.959999,10.555],"faces":{"east":{"uv":[7.8125,5.75,7.375,5.984],"tintindex":0,"rotation":0,"texture":"#2"},"south":{"uv":[6.25,4.125,5.875,4.375],"tintindex":0,"rotation":0,"texture":"#2"},"north":{"uv":[4.75,2.875,4.375,3.125],"tintindex":0,"rotation":0,"texture":"#2"},"west":{"uv":[7.8125,5.016,7.375,5.25],"tintindex":0,"rotation":0,"texture":"#2"},"up":{"uv":[1.125,7.6875,1.484,7.25],"tintindex":0,"rotation":0,"texture":"#2"},"down":{"uv":[1.516,7.25,1.875,7.6875],"tintindex":0,"rotation":0,"texture":"#2"}}}],"display":{"gui":{"rotation":[-150.0,-45.0,180.0]}}}