{"textures":{"2":"modelengine:entity/panda_samurai","particle":"#2"},"elements":[{"from":[1.0649996,7.097063,3.1090002],"to":[14.934999,12.937063,8.584],"faces":{"east":{"uv":[7.125,1.375,6.625,1.875],"tintindex":0,"rotation":0,"texture":"#2"},"south":{"uv":[3.0625,3.375,1.875,3.875],"tintindex":0,"rotation":0,"texture":"#2"},"north":{"uv":[4.5625,1.375,3.375,1.875],"tintindex":0,"rotation":0,"texture":"#2"},"west":{"uv":[7.125,0.875,6.625,1.375],"tintindex":0,"rotation":0,"texture":"#2"},"up":{"uv":[3.375,2.375,4.5625,1.875],"tintindex":0,"rotation":0,"texture":"#2"},"down":{"uv":[3.516,0.016,4.6875,0.484],"tintindex":0,"rotation":0,"texture":"#2"}}},{"from":[1.0649996,9.081751,8.584],"to":[14.934999,16.38175,14.059],"faces":{"east":{"uv":[1.484,6.25,1.016,6.875],"tintindex":0,"rotation":0,"texture":"#2"},"south":{"uv":[4.3125,2.516,3.125,3.125],"tintindex":0,"rotation":0,"texture":"#2"},"north":{"uv":[2.1875,2.625,1.016,3.25],"tintindex":0,"rotation":0,"texture":"#2"},"west":{"uv":[0.984,6.25,0.516,6.875],"tintindex":0,"rotation":0,"texture":"#2"},"up":{"uv":[0.016,4.375,1.1875,3.875],"tintindex":0,"rotation":0,"texture":"#2"},"down":{"uv":[1.25,3.875,2.4375,4.375],"tintindex":0,"rotation":0,"texture":"#2"}}},{"from":[11.285,12.937063,3.1090002],"to":[13.475,16.587065,11.139],"faces":{"east":{"uv":[1.9375,6.875,1.25,7.1875],"tintindex":0,"rotation":0,"texture":"#2"},"south":{"uv":[7.9375,1.016,7.75,1.3125],"tintindex":0,"rotation":0,"texture":"#2"},"north":{"uv":[7.9375,0.625,7.75,0.9375],"tintindex":0,"rotation":0,"texture":"#2"},"west":{"uv":[1.1875,6.875,0.516,7.1875],"tintindex":0,"rotation":0,"texture":"#2"},"up":{"uv":[2.875,7.8125,3.0625,7.125],"tintindex":0,"rotation":0,"texture":"#2"},"down":{"uv":[4.625,7.375,4.8125,8.0625],"tintindex":0,"rotation":0,"texture":"#2"}}},{"from":[2.5249996,12.937063,3.1090002],"to":[4.715,16.587065,11.139],"faces":{"east":{"uv":[7.5625,3.25,6.875,3.5625],"tintindex":0,"rotation":0,"texture":"#2"},"south":{"uv":[1.5625,7.75,1.375,8.0625],"tintindex":0,"rotation":0,"texture":"#2"},"north":{"uv":[1.3125,7.75,1.125,8.0625],"tintindex":0,"rotation":0,"texture":"#2"},"west":{"uv":[7.5625,2.875,6.875,3.1875],"tintindex":0,"rotation":0,"texture":"#2"},"up":{"uv":[4.875,8.0625,5.0625,7.375],"tintindex":0,"rotation":0,"texture":"#2"},"down":{"uv":[5.125,7.375,5.3125,8.0625],"tintindex":0,"rotation":0,"texture":"#2"}}},{"from":[1.4299998,7.097063,3.474],"to":[14.57,15.857061,13.694],"faces":{"east":{"uv":[3.984,3.125,3.125,3.875],"tintindex":0,"rotation":0,"texture":"#2"},"south":{"uv":[3.484,0.016,2.375,0.75],"tintindex":0,"rotation":0,"texture":"#2"},"north":{"uv":[3.375,1.75,2.25,2.484],"tintindex":0,"rotation":0,"texture":"#2"},"west":{"uv":[0.875,2.875,0.016,3.625],"tintindex":0,"rotation":0,"texture":"#2"},"up":{"uv":[1.25,0.875,2.375,0.016],"tintindex":0,"rotation":0,"texture":"#2"},"down":{"uv":[1.25,0.875,2.375,1.75],"tintindex":0,"rotation":0,"texture":"#2"}}}],"display":{"gui":{"rotation":[-150.0,-45.0,180.0]}}}