{"textures":{"0":"modelengine:entity/the_lovers_samurai_phase_1","particle":"#0"},"elements":[{"from":[-2.0,-15.0,13.0],"to":[18.0,-10.0,13.0],"faces":{"south":{"uv":[7.5,16.0,10.0,14.75],"tintindex":0,"rotation":0,"texture":"#0"},"north":{"uv":[10.0,16.0,7.5,14.75],"tintindex":0,"rotation":0,"texture":"#0"}},"rotation":{"origin":[8.0,8.0,8.0],"angle":-22.5,"axis":"x"}},{"from":[-1.0,-15.0,8.0],"to":[17.0,-15.0,13.0],"faces":{"up":{"uv":[7.625,13.5,9.875,14.75],"tintindex":0,"rotation":0,"texture":"#0"},"down":{"uv":[7.625,14.75,9.875,13.5],"tintindex":0,"rotation":0,"texture":"#0"}},"rotation":{"origin":[8.0,8.0,8.0],"angle":-22.5,"axis":"x"}},{"from":[0.0,-15.0,8.0],"to":[16.0,8.0,8.0],"faces":{"south":{"uv":[7.75,7.75,9.75,13.5],"tintindex":0,"rotation":0,"texture":"#0"},"north":{"uv":[9.75,7.75,7.75,13.5],"tintindex":0,"rotation":0,"texture":"#0"}},"rotation":{"origin":[8.0,8.0,8.0],"angle":-22.5,"axis":"x"}}],"display":{"gui":{"rotation":[-150.0,-45.0,180.0]}}}