{"textures":{"0":"modelengine:entity/the_lovers_samurai_phase_1","particle":"#0"},"elements":[{"from":[3.0,-5.0,7.0],"to":[13.0,10.0,11.0],"faces":{"east":{"uv":[7.25,0.0,7.75,3.75],"tintindex":0,"rotation":0,"texture":"#0"},"south":{"uv":[6.0,0.0,7.25,3.75],"tintindex":0,"rotation":0,"texture":"#0"},"north":{"uv":[7.75,0.0,9.0,3.75],"tintindex":0,"rotation":0,"texture":"#0"},"west":{"uv":[7.75,0.0,7.25,3.75],"tintindex":0,"rotation":0,"texture":"#0"},"up":{"uv":[7.25,3.75,8.5,4.75],"tintindex":0,"rotation":0,"texture":"#0"},"down":{"uv":[6.0,3.75,7.25,4.75],"tintindex":0,"rotation":0,"texture":"#0"}},"rotation":{"origin":[8.0,8.0,8.0],"angle":-22.5,"axis":"x"}},{"from":[3.0,8.0,11.0],"to":[13.0,10.0,14.0],"faces":{"east":{"uv":[1.25,7.75,1.625,8.25],"tintindex":0,"rotation":0,"texture":"#0"},"south":{"uv":[0.0,7.75,1.25,8.25],"tintindex":0,"rotation":0,"texture":"#0"},"west":{"uv":[1.625,7.75,1.25,8.25],"tintindex":0,"rotation":0,"texture":"#0"},"up":{"uv":[0.0,7.0,1.25,7.75],"tintindex":0,"rotation":0,"texture":"#0"},"down":{"uv":[0.0,8.25,1.25,9.0],"tintindex":0,"rotation":0,"texture":"#0"}},"rotation":{"origin":[8.0,8.0,8.0],"angle":-22.5,"axis":"x"}}],"display":{"gui":{"rotation":[-150.0,-45.0,180.0]}}}