{"textures":{"0":"modelengine:entity/the_lovers_samurai_phase_1","particle":"#0"},"elements":[{"from":[8.0,-13.0,8.0],"to":[15.0,8.0,8.0],"faces":{"south":{"uv":[6.375,8.0,7.25,13.25],"tintindex":0,"rotation":0,"texture":"#0"},"north":{"uv":[7.25,8.0,6.375,13.25],"tintindex":0,"rotation":0,"texture":"#0"}},"rotation":{"origin":[8.0,8.0,8.0],"angle":22.5,"axis":"x"}},{"from":[9.0,-13.0,3.0],"to":[17.0,-13.0,8.0],"faces":{"up":{"uv":[6.5,14.5,7.5,13.25],"tintindex":0,"rotation":0,"texture":"#0"},"down":{"uv":[6.5,13.25,7.5,14.5],"tintindex":0,"rotation":0,"texture":"#0"}},"rotation":{"origin":[8.0,8.0,8.0],"angle":22.5,"axis":"x"}},{"from":[9.0,-13.0,3.0],"to":[17.0,-7.0,3.0],"faces":{"south":{"uv":[6.5,16.0,7.5,14.5],"tintindex":0,"rotation":0,"texture":"#0"},"north":{"uv":[7.5,16.0,6.5,14.5],"tintindex":0,"rotation":0,"texture":"#0"}},"rotation":{"origin":[8.0,8.0,8.0],"angle":22.5,"axis":"x"}}],"display":{"gui":{"rotation":[-150.0,-45.0,180.0]}}}