{"textures":{"0":"modelengine:entity/the_lovers_samurai_phase_1","particle":"#0"},"elements":[{"from":[10.0,8.0,0.19999981],"to":[12.0,12.0,2.1999998],"faces":{"east":{"uv":[6.375,6.5,6.125,7.5],"tintindex":0,"rotation":0,"texture":"#0"},"south":{"uv":[6.125,6.5,6.375,7.5],"tintindex":0,"rotation":0,"texture":"#0"},"north":{"uv":[6.125,6.5,6.375,7.5],"tintindex":0,"rotation":0,"texture":"#0"},"west":{"uv":[6.375,6.5,6.125,7.5],"tintindex":0,"rotation":0,"texture":"#0"},"up":{"uv":[6.125,6.5,5.875,7.0],"tintindex":0,"rotation":0,"texture":"#0"},"down":{"uv":[6.375,7.25,6.625,7.75],"tintindex":0,"rotation":0,"texture":"#0"}},"rotation":{"origin":[8.0,8.0,7.2],"angle":-22.5,"axis":"z"}},{"from":[2.0,8.0,1.5],"to":[14.0,12.0,5.5],"faces":{"east":{"uv":[7.875,5.5,7.375,6.5],"tintindex":0,"rotation":0,"texture":"#0"},"north":{"uv":[5.875,5.5,7.375,6.5],"tintindex":0,"rotation":0,"texture":"#0"},"west":{"uv":[7.375,5.5,7.875,6.5],"tintindex":0,"rotation":0,"texture":"#0"},"down":{"uv":[4.375,6.75,5.875,7.75],"tintindex":0,"rotation":0,"texture":"#0"}}},{"from":[5.0,9.0,0.5],"to":[11.0,10.0,1.5],"faces":{"north":{"uv":[6.375,6.5,7.125,6.75],"tintindex":0,"rotation":0,"texture":"#0"}}},{"from":[6.0,10.0,-0.5],"to":[10.0,13.0,2.5],"faces":{"east":{"uv":[8.25,6.75,7.875,7.5],"tintindex":0,"rotation":0,"texture":"#0"},"north":{"uv":[7.375,6.75,7.875,7.5],"tintindex":0,"rotation":0,"texture":"#0"},"west":{"uv":[7.875,6.75,8.25,7.5],"tintindex":0,"rotation":0,"texture":"#0"},"up":{"uv":[7.375,6.75,7.875,7.5],"tintindex":0,"rotation":0,"texture":"#0"},"down":{"uv":[7.375,6.75,7.875,7.5],"tintindex":0,"rotation":0,"texture":"#0"}},"rotation":{"origin":[8.0,12.0,1.0],"angle":22.5,"axis":"x"}},{"from":[2.75,10.25,-0.6000004],"to":[7.75,12.25,1.4000001],"faces":{"north":{"uv":[7.125,7.5,7.75,8.0],"tintindex":0,"rotation":0,"texture":"#0"},"up":{"uv":[7.75,7.5,7.125,8.0],"tintindex":0,"rotation":0,"texture":"#0"}},"rotation":{"origin":[8.0,10.0,0.0],"angle":22.5,"axis":"z"}},{"from":[6.5,12.0,0.5],"to":[9.5,15.0,1.5],"faces":{"east":{"uv":[8.25,6.75,8.375,7.5],"tintindex":0,"rotation":0,"texture":"#0"},"north":{"uv":[8.25,6.75,8.625,7.5],"tintindex":0,"rotation":0,"texture":"#0"},"west":{"uv":[8.25,6.75,8.375,7.5],"tintindex":0,"rotation":0,"texture":"#0"}}},{"from":[8.25,10.25,-0.6000004],"to":[13.25,12.25,1.4000001],"faces":{"north":{"uv":[7.75,7.5,7.125,8.0],"tintindex":0,"rotation":0,"texture":"#0"},"up":{"uv":[7.125,7.5,7.75,8.0],"tintindex":0,"rotation":0,"texture":"#0"}},"rotation":{"origin":[8.0,10.0,0.0],"angle":-22.5,"axis":"z"}},{"from":[6.5,4.0,-0.5],"to":[9.5,7.0,1.5],"faces":{"east":{"uv":[7.75,8.25,7.5,9.0],"tintindex":0,"rotation":0,"texture":"#0"},"north":{"uv":[7.25,8.25,7.625,9.0],"tintindex":0,"rotation":0,"texture":"#0"},"west":{"uv":[7.5,8.25,7.75,9.0],"tintindex":0,"rotation":0,"texture":"#0"}},"rotation":{"origin":[8.0,7.0,-0.5],"angle":22.5,"axis":"x"}},{"from":[4.0,8.0,0.19999981],"to":[6.0,12.0,2.1999998],"faces":{"east":{"uv":[6.125,6.5,6.375,7.5],"tintindex":0,"rotation":0,"texture":"#0"},"south":{"uv":[6.125,6.5,6.375,7.5],"tintindex":0,"rotation":0,"texture":"#0"},"north":{"uv":[6.375,6.5,6.125,7.5],"tintindex":0,"rotation":0,"texture":"#0"},"west":{"uv":[6.125,6.5,6.375,7.5],"tintindex":0,"rotation":0,"texture":"#0"},"up":{"uv":[5.875,6.5,6.125,7.0],"tintindex":0,"rotation":0,"texture":"#0"},"down":{"uv":[6.375,7.25,6.625,7.75],"tintindex":0,"rotation":0,"texture":"#0"}},"rotation":{"origin":[8.0,8.0,7.2],"angle":22.5,"axis":"z"}},{"from":[5.0,6.0,-0.5],"to":[11.0,9.0,2.5],"faces":{"east":{"uv":[7.0,6.75,7.375,7.5],"tintindex":0,"rotation":0,"texture":"#0"},"south":{"uv":[6.375,6.75,7.125,7.5],"tintindex":0,"rotation":0,"texture":"#0"},"north":{"uv":[6.375,6.75,7.125,7.5],"tintindex":0,"rotation":0,"texture":"#0"},"west":{"uv":[7.0,6.75,7.375,7.5],"tintindex":0,"rotation":0,"texture":"#0"},"up":{"uv":[6.375,6.75,7.125,7.5],"tintindex":0,"rotation":0,"texture":"#0"},"down":{"uv":[6.375,7.25,7.125,8.0],"tintindex":0,"rotation":0,"texture":"#0"}}}],"display":{"gui":{"rotation":[-150.0,-45.0,180.0]}}}