{"textures":{"0":"modelengine:entity/the_lovers_samurai_phase_1","particle":"#0"},"elements":[{"from":[6.0,-9.0,4.0],"to":[14.0,9.0,12.0],"faces":{"east":{"uv":[14.0,6.5,13.0,11.0],"tintindex":0,"rotation":0,"texture":"#0"},"south":{"uv":[15.0,6.5,16.0,11.0],"tintindex":0,"rotation":0,"texture":"#0"},"north":{"uv":[16.0,6.5,15.0,11.0],"tintindex":0,"rotation":0,"texture":"#0"},"up":{"uv":[12.0,7.5,13.0,9.5],"tintindex":0,"rotation":0,"texture":"#0"}}}],"display":{"gui":{"rotation":[-150.0,-45.0,180.0]}}}