{"textures":{"0":"modelengine:entity/the_lovers_phase_3","particle":"#0"},"elements":[{"from":[1.6,7.6,1.1],"to":[14.4,20.4,13.9],"faces":{"east":{"uv":[8.5,14.5,7.0,16.0],"tintindex":0,"rotation":0,"texture":"#0"},"south":{"uv":[8.5,14.5,10.0,16.0],"tintindex":0,"rotation":0,"texture":"#0"},"north":{"uv":[5.5,14.5,7.0,16.0],"tintindex":0,"rotation":0,"texture":"#0"},"west":{"uv":[7.0,14.5,8.5,16.0],"tintindex":0,"rotation":0,"texture":"#0"},"up":{"uv":[4.0,16.0,5.5,14.5],"tintindex":0,"rotation":0,"texture":"#0"}}},{"from":[2.0,8.0,1.5],"to":[14.0,20.0,13.5],"faces":{"east":{"uv":[8.5,13.0,7.0,14.5],"tintindex":0,"rotation":0,"texture":"#0"},"south":{"uv":[8.5,13.0,10.0,14.5],"tintindex":0,"rotation":0,"texture":"#0"},"north":{"uv":[5.5,13.0,7.0,14.5],"tintindex":0,"rotation":0,"texture":"#0"},"west":{"uv":[7.0,13.0,8.5,14.5],"tintindex":0,"rotation":0,"texture":"#0"},"up":{"uv":[5.5,13.0,7.0,11.5],"tintindex":0,"rotation":0,"texture":"#0"},"down":{"uv":[4.0,13.0,5.5,14.5],"tintindex":0,"rotation":0,"texture":"#0"}}},{"from":[6.0,9.5,1.4000001],"to":[10.0,10.5,1.4000001],"faces":{"south":{"uv":[9.0,10.25,8.5,10.375],"tintindex":0,"rotation":0,"texture":"#0"},"north":{"uv":[7.0,12.375,7.5,12.5],"tintindex":0,"rotation":0,"texture":"#0"}}},{"from":[6.5,5.5,1.25],"to":[9.5,9.5,3.25],"faces":{"east":{"uv":[7.75,12.5,7.5,13.0],"tintindex":0,"rotation":0,"texture":"#0"},"north":{"uv":[7.125,12.5,7.5,13.0],"tintindex":0,"rotation":0,"texture":"#0"},"west":{"uv":[7.5,12.5,7.75,13.0],"tintindex":0,"rotation":0,"texture":"#0"}},"rotation":{"origin":[8.0,8.0,1.5],"angle":22.5,"axis":"x"}}],"display":{"gui":{"rotation":[-150.0,-45.0,180.0]}}}