{"textures":{"2":"modelengine:entity/the_lovers_ghost","particle":"#2"},"elements":[{"from":[4.5,-4.5,8.95],"to":[12.0,8.0,9.0],"faces":{"south":{"uv":[0.0,0.0,1.875,3.125],"tintindex":0,"rotation":0,"texture":"#2"},"north":{"uv":[1.875,0.0,0.0,3.125],"tintindex":0,"rotation":0,"texture":"#2"}}},{"from":[4.5,7.950001,6.5],"to":[12.0,8.0,9.0],"faces":{"up":{"uv":[0.0,0.0,1.875,0.625],"tintindex":0,"rotation":0,"texture":"#2"},"down":{"uv":[0.0,0.0,1.875,0.625],"tintindex":0,"rotation":0,"texture":"#2"}}},{"from":[11.95,-4.5,6.5],"to":[12.0,8.0,9.0],"faces":{"east":{"uv":[5.125,2.75,2.0,3.375],"tintindex":0,"rotation":90,"texture":"#2"},"west":{"uv":[5.125,3.375,2.0,2.75],"tintindex":0,"rotation":90,"texture":"#2"},"up":{"uv":[0.0,0.0,1.875,0.625],"tintindex":0,"rotation":0,"texture":"#2"},"down":{"uv":[0.0,0.0,1.875,0.625],"tintindex":0,"rotation":0,"texture":"#2"}}}],"display":{"gui":{"rotation":[-150.0,-45.0,180.0]}}}