{"textures":{"0":"modelengine:entity/the_lovers_phase_3","particle":"#0"},"elements":[{"from":[3.99,4.99,5.49],"to":[9.01,10.01,8.51],"faces":{"east":{"uv":[8.0,8.0,8.375,8.625],"tintindex":0,"rotation":0,"texture":"#0"},"south":{"uv":[7.75,8.0,8.375,8.625],"tintindex":0,"rotation":0,"texture":"#0"},"north":{"uv":[7.75,8.0,8.375,8.625],"tintindex":0,"rotation":90,"texture":"#0"},"west":{"uv":[7.75,8.375,8.375,8.0],"tintindex":0,"rotation":90,"texture":"#0"},"up":{"uv":[7.75,8.0,8.375,8.375],"tintindex":0,"rotation":0,"texture":"#0"},"down":{"uv":[8.0,8.625,8.375,8.0],"tintindex":0,"rotation":90,"texture":"#0"}},"rotation":{"origin":[8.0,6.0,12.0],"angle":-45.0,"axis":"z"}}],"display":{"gui":{"rotation":[-150.0,-45.0,180.0]}}}