{"textures":{"0":"modelengine:entity/the_lovers_phase_3","particle":"#0"},"elements":[{"from":[7.0,8.0,7.0],"to":[9.0,10.0,9.0],"faces":{"east":{"uv":[0.0,0.0,0.25,0.25],"tintindex":0,"rotation":0,"texture":"#0"},"south":{"uv":[0.0,0.0,0.25,0.25],"tintindex":0,"rotation":0,"texture":"#0"},"north":{"uv":[0.0,0.0,0.25,0.25],"tintindex":0,"rotation":0,"texture":"#0"},"west":{"uv":[0.0,0.0,0.25,0.25],"tintindex":0,"rotation":0,"texture":"#0"},"up":{"uv":[0.0,0.0,0.25,0.25],"tintindex":0,"rotation":0,"texture":"#0"},"down":{"uv":[0.0,0.0,0.25,0.25],"tintindex":0,"rotation":0,"texture":"#0"}}},{"from":[1.49,11.99,3.99],"to":[14.51,28.01,12.01],"faces":{"east":{"uv":[2.5,5.5,1.5,7.5],"tintindex":0,"rotation":0,"texture":"#0"},"south":{"uv":[2.375,5.5,4.0,7.5],"tintindex":0,"rotation":0,"texture":"#0"},"north":{"uv":[0.0,5.5,1.625,7.5],"tintindex":0,"rotation":0,"texture":"#0"},"west":{"uv":[1.5,5.5,2.5,7.5],"tintindex":0,"rotation":0,"texture":"#0"},"up":{"uv":[0.0,5.5,1.625,4.5],"tintindex":0,"rotation":0,"texture":"#0"}}},{"from":[0.99,7.99,3.49],"to":[15.01,12.01,12.51],"faces":{"east":{"uv":[2.625,7.5,1.5,8.0],"tintindex":0,"rotation":0,"texture":"#0"},"south":{"uv":[2.25,7.5,4.0,8.0],"tintindex":0,"rotation":0,"texture":"#0"},"north":{"uv":[0.0,7.5,1.75,8.0],"tintindex":0,"rotation":0,"texture":"#0"},"west":{"uv":[1.5,7.5,2.625,8.0],"tintindex":0,"rotation":0,"texture":"#0"},"up":{"uv":[11.125,1.125,9.375,0.0],"tintindex":0,"rotation":0,"texture":"#0"},"down":{"uv":[11.125,0.0,12.875,1.125],"tintindex":0,"rotation":0,"texture":"#0"}}}],"display":{"gui":{"rotation":[-150.0,-45.0,180.0]}}}