{"textures":{"0":"modelengine:entity/the_lovers_phase_3","particle":"#0"},"elements":[{"from":[7.0,8.0,7.0],"to":[9.0,10.0,9.0],"faces":{"east":{"uv":[0.0,8.0,0.25,8.25],"tintindex":0,"rotation":0,"texture":"#0"},"south":{"uv":[0.0,8.0,0.25,8.25],"tintindex":0,"rotation":0,"texture":"#0"},"north":{"uv":[0.0,8.0,0.25,8.25],"tintindex":0,"rotation":0,"texture":"#0"},"west":{"uv":[0.0,8.0,0.25,8.25],"tintindex":0,"rotation":0,"texture":"#0"},"up":{"uv":[0.0,8.0,0.25,8.25],"tintindex":0,"rotation":0,"texture":"#0"},"down":{"uv":[0.0,8.0,0.25,8.25],"tintindex":0,"rotation":0,"texture":"#0"}}},{"from":[1.49,11.99,3.99],"to":[14.51,28.01,12.01],"faces":{"east":{"uv":[2.5,13.5,1.5,15.5],"tintindex":0,"rotation":0,"texture":"#0"},"south":{"uv":[2.375,13.5,4.0,15.5],"tintindex":0,"rotation":0,"texture":"#0"},"north":{"uv":[0.0,13.5,1.625,15.5],"tintindex":0,"rotation":0,"texture":"#0"},"west":{"uv":[1.5,13.5,2.5,15.5],"tintindex":0,"rotation":0,"texture":"#0"},"up":{"uv":[0.0,13.5,1.625,12.5],"tintindex":0,"rotation":0,"texture":"#0"}}},{"from":[0.99,7.99,3.49],"to":[15.01,12.01,12.51],"faces":{"east":{"uv":[2.625,15.5,1.5,16.0],"tintindex":0,"rotation":0,"texture":"#0"},"south":{"uv":[2.25,15.5,4.0,16.0],"tintindex":0,"rotation":0,"texture":"#0"},"north":{"uv":[0.0,15.5,1.75,16.0],"tintindex":0,"rotation":0,"texture":"#0"},"west":{"uv":[1.5,15.5,2.625,16.0],"tintindex":0,"rotation":0,"texture":"#0"},"up":{"uv":[11.125,9.125,9.375,8.0],"tintindex":0,"rotation":0,"texture":"#0"},"down":{"uv":[11.125,8.0,12.875,9.125],"tintindex":0,"rotation":0,"texture":"#0"}}}],"display":{"gui":{"rotation":[-150.0,-45.0,180.0]}}}