{"textures":{"2":"modelengine:entity/the_lovers_ghost","particle":"#2"},"elements":[{"from":[2.5,8.0,5.0],"to":[13.5,16.0,11.0],"faces":{"east":{"uv":[14.0,4.25,14.75,5.25],"tintindex":0,"rotation":0,"texture":"#2"},"south":{"uv":[14.625,4.25,16.0,5.25],"tintindex":0,"rotation":0,"texture":"#2"},"north":{"uv":[12.75,4.25,14.125,5.25],"tintindex":0,"rotation":0,"texture":"#2"},"west":{"uv":[14.0,4.25,14.75,5.25],"tintindex":0,"rotation":0,"texture":"#2"},"down":{"uv":[14.625,3.5,16.0,4.25],"tintindex":0,"rotation":0,"texture":"#2"}}},{"from":[1.8,15.8,4.8],"to":[14.2,26.2,11.2],"faces":{"east":{"uv":[13.875,2.25,14.625,3.5],"tintindex":0,"rotation":0,"texture":"#2"},"south":{"uv":[14.5,2.25,16.0,3.5],"tintindex":0,"rotation":0,"texture":"#2"},"north":{"uv":[12.5,2.25,14.0,3.5],"tintindex":0,"rotation":0,"texture":"#2"},"west":{"uv":[13.875,2.25,14.625,3.5],"tintindex":0,"rotation":0,"texture":"#2"},"up":{"uv":[13.0,2.25,14.5,1.5],"tintindex":0,"rotation":0,"texture":"#2"},"down":{"uv":[14.5,1.5,16.0,2.25],"tintindex":0,"rotation":0,"texture":"#2"}}},{"from":[2.3,18.8,5.8],"to":[13.7,24.2,9.2],"faces":{"east":{"uv":[13.875,2.25,14.25,2.875],"tintindex":0,"rotation":0,"texture":"#2"},"north":{"uv":[11.125,2.25,12.5,2.875],"tintindex":0,"rotation":0,"texture":"#2"},"west":{"uv":[13.875,2.25,14.25,2.875],"tintindex":0,"rotation":0,"texture":"#2"},"down":{"uv":[12.5,2.625,13.875,3.0],"tintindex":0,"rotation":0,"texture":"#2"}},"rotation":{"origin":[8.0,27.0,6.0],"angle":22.5,"axis":"x"}}],"display":{"gui":{"rotation":[-150.0,-45.0,180.0]}}}