{"textures":{"2":"modelengine:entity/the_lovers_ghost","particle":"#2"},"elements":[{"from":[5.0,-14.0,5.0],"to":[11.0,8.0,11.0],"faces":{"east":{"uv":[13.0,5.25,13.75,8.0],"tintindex":0,"rotation":0,"texture":"#2"},"south":{"uv":[15.25,5.25,16.0,8.0],"tintindex":0,"rotation":0,"texture":"#2"},"north":{"uv":[13.75,5.25,14.5,8.0],"tintindex":0,"rotation":0,"texture":"#2"},"west":{"uv":[14.5,5.25,15.25,8.0],"tintindex":0,"rotation":0,"texture":"#2"},"up":{"uv":[13.125,3.5,13.875,4.25],"tintindex":0,"rotation":0,"texture":"#2"},"down":{"uv":[14.625,3.5,13.875,4.25],"tintindex":0,"rotation":0,"texture":"#2"}}}],"display":{"gui":{"rotation":[-150.0,-45.0,180.0]}}}