{"textures":{"2":"modelengine:entity/the_lovers_ghost","particle":"#2"},"elements":[{"from":[6.5,9.5,1.9000001],"to":[9.5,10.5,1.9000001],"faces":{"south":{"uv":[12.625,2.125,13.0,2.25],"tintindex":0,"rotation":0,"texture":"#2"},"north":{"uv":[12.625,2.125,13.0,2.25],"tintindex":0,"rotation":0,"texture":"#2"},"up":{"uv":[0.0,0.0,1.5,1.5],"tintindex":0,"rotation":0,"texture":"#2"}}},{"from":[7.0,6.0,1.0],"to":[14.0,20.0,6.0],"faces":{"east":{"uv":[10.625,0.0,10.0,1.75],"tintindex":0,"rotation":0,"texture":"#2"},"north":{"uv":[11.5,0.5,10.625,2.25],"tintindex":0,"rotation":0,"texture":"#2"},"up":{"uv":[10.625,0.625,11.5,0.0],"tintindex":0,"rotation":0,"texture":"#2"}},"rotation":{"origin":[8.0,20.0,3.0],"angle":22.5,"axis":"z"}},{"from":[2.0,6.0,1.0],"to":[9.0,20.0,6.0],"faces":{"north":{"uv":[10.625,0.5,11.5,2.25],"tintindex":0,"rotation":0,"texture":"#2"},"west":{"uv":[10.0,0.0,10.625,1.75],"tintindex":0,"rotation":0,"texture":"#2"},"up":{"uv":[11.5,0.625,10.625,0.0],"tintindex":0,"rotation":0,"texture":"#2"}},"rotation":{"origin":[8.0,20.0,3.0],"angle":-22.5,"axis":"z"}},{"from":[2.0,8.0,2.0],"to":[14.0,20.0,14.0],"faces":{"east":{"uv":[14.5,0.0,13.0,1.5],"tintindex":0,"rotation":0,"texture":"#2"},"south":{"uv":[2.125,0.0,3.625,1.5],"tintindex":0,"rotation":0,"texture":"#2"},"north":{"uv":[11.5,0.0,13.0,1.5],"tintindex":0,"rotation":0,"texture":"#2"},"west":{"uv":[13.0,0.0,14.5,1.5],"tintindex":0,"rotation":0,"texture":"#2"},"up":{"uv":[2.125,0.0,3.625,1.5],"tintindex":0,"rotation":0,"texture":"#2"},"down":{"uv":[14.5,0.0,16.0,1.5],"tintindex":0,"rotation":0,"texture":"#2"}}}],"display":{"gui":{"rotation":[-150.0,-45.0,180.0]}}}