{"textures":{"2":"modelengine:entity/the_lovers_ghost","particle":"#2"},"elements":[{"from":[8.0,-10.0,5.0],"to":[13.0,10.0,11.0],"faces":{"east":{"uv":[12.375,5.5,11.625,8.0],"tintindex":0,"rotation":0,"texture":"#2"},"south":{"uv":[13.0,5.5,12.375,8.0],"tintindex":0,"rotation":0,"texture":"#2"},"north":{"uv":[11.625,5.5,11.0,8.0],"tintindex":0,"rotation":0,"texture":"#2"},"west":{"uv":[11.125,5.5,10.375,8.0],"tintindex":0,"rotation":0,"texture":"#2"},"up":{"uv":[12.125,4.75,12.75,5.5],"tintindex":0,"rotation":0,"texture":"#2"},"down":{"uv":[11.5,5.5,12.125,4.75],"tintindex":0,"rotation":0,"texture":"#2"}}}],"display":{"gui":{"rotation":[-150.0,-45.0,180.0]}}}