{"textures":{"0":"modelengine:entity/the_lovers_phase_3","particle":"#0"},"elements":[{"from":[6.0,7.0,6.0],"to":[10.0,13.0,18.0],"faces":{"east":{"uv":[8.0,2.125,9.5,2.875],"tintindex":0,"rotation":0,"texture":"#0"},"west":{"uv":[9.625,2.125,8.125,2.875],"tintindex":0,"rotation":0,"texture":"#0"},"up":{"uv":[9.625,1.625,8.125,2.125],"tintindex":0,"rotation":90,"texture":"#0"},"down":{"uv":[8.125,2.75,9.625,3.25],"tintindex":0,"rotation":90,"texture":"#0"}},"rotation":{"origin":[8.0,6.0,4.0],"angle":22.5,"axis":"x"}}],"display":{"gui":{"rotation":[-150.0,-45.0,180.0]}}}