{"textures":{"0":"modelengine:entity/the_lovers_phase_3","particle":"#0"},"elements":[{"from":[5.0,8.0,7.0],"to":[11.0,14.0,20.0],"faces":{"east":{"uv":[9.75,10.0,11.375,10.75],"tintindex":0,"rotation":0,"texture":"#0"},"north":{"uv":[11.25,10.0,12.0,10.75],"tintindex":0,"rotation":0,"texture":"#0"},"west":{"uv":[11.375,10.0,9.75,10.75],"tintindex":0,"rotation":0,"texture":"#0"},"up":{"uv":[11.375,10.125,9.75,9.375],"tintindex":0,"rotation":90,"texture":"#0"},"down":{"uv":[9.75,10.625,11.375,11.375],"tintindex":0,"rotation":90,"texture":"#0"}}}],"display":{"gui":{"rotation":[-150.0,-45.0,180.0]}}}