{"textures":{"0":"modelengine:entity/the_lovers_phase_3","particle":"#0"},"elements":[{"from":[6.0,6.0,7.0],"to":[10.0,11.0,11.0],"faces":{"east":{"uv":[8.0,11.625,8.5,12.25],"tintindex":0,"rotation":0,"texture":"#0"},"south":{"uv":[8.0,11.625,8.5,12.25],"tintindex":0,"rotation":0,"texture":"#0"},"north":{"uv":[8.0,11.625,8.5,12.25],"tintindex":0,"rotation":0,"texture":"#0"},"west":{"uv":[8.0,11.625,8.5,12.25],"tintindex":0,"rotation":0,"texture":"#0"},"up":{"uv":[8.0,11.625,8.5,12.125],"tintindex":0,"rotation":0,"texture":"#0"},"down":{"uv":[8.0,11.625,8.5,12.125],"tintindex":0,"rotation":0,"texture":"#0"}}}],"display":{"gui":{"rotation":[-150.0,-45.0,180.0]}}}