{"textures":{"0":"modelengine:entity/the_lovers_phase_3","particle":"#0"},"elements":[{"from":[5.0,8.0,7.0],"to":[11.0,14.0,20.0],"faces":{"east":{"uv":[9.75,2.0,11.375,2.75],"tintindex":0,"rotation":0,"texture":"#0"},"north":{"uv":[11.25,2.0,12.0,2.75],"tintindex":0,"rotation":0,"texture":"#0"},"west":{"uv":[11.375,2.0,9.75,2.75],"tintindex":0,"rotation":0,"texture":"#0"},"up":{"uv":[11.375,2.125,9.75,1.375],"tintindex":0,"rotation":90,"texture":"#0"},"down":{"uv":[9.75,2.625,11.375,3.375],"tintindex":0,"rotation":90,"texture":"#0"}}}],"display":{"gui":{"rotation":[-150.0,-45.0,180.0]}}}