{"textures":{"0":"modelengine:entity/the_lovers_phase_3","particle":"#0"},"elements":[{"from":[5.0,-12.0,5.0],"to":[11.0,8.0,11.0],"faces":{"east":{"uv":[13.0,8.75,13.75,11.25],"tintindex":0,"rotation":0,"texture":"#0"},"south":{"uv":[15.25,8.75,16.0,11.25],"tintindex":0,"rotation":0,"texture":"#0"},"north":{"uv":[13.75,8.75,14.5,11.25],"tintindex":0,"rotation":0,"texture":"#0"},"west":{"uv":[14.5,8.75,15.25,11.25],"tintindex":0,"rotation":0,"texture":"#0"},"up":{"uv":[13.75,8.0,14.5,8.75],"tintindex":0,"rotation":0,"texture":"#0"},"down":{"uv":[14.5,8.0,15.25,8.75],"tintindex":0,"rotation":0,"texture":"#0"}}}],"display":{"gui":{"rotation":[-150.0,-45.0,180.0]}}}