{"textures":{"0":"modelengine:entity/the_lovers_phase_3","particle":"#0"},"elements":[{"from":[6.0,-8.0,7.0],"to":[15.0,8.0,7.0],"faces":{"south":{"uv":[5.125,0.0,6.25,2.0],"tintindex":0,"rotation":0,"texture":"#0"},"north":{"uv":[6.25,0.0,5.125,2.0],"tintindex":0,"rotation":0,"texture":"#0"}}},{"from":[15.0,-8.0,7.0],"to":[15.0,1.0,17.0],"faces":{"east":{"uv":[7.5,0.875,6.25,2.0],"tintindex":0,"rotation":0,"texture":"#0"},"west":{"uv":[6.25,0.875,7.5,2.0],"tintindex":0,"rotation":0,"texture":"#0"}},"rotation":{"origin":[15.0,8.0,7.0],"angle":22.5,"axis":"y"}}],"display":{"gui":{"rotation":[-150.0,-45.0,180.0]}}}