{"textures":{"0":"modelengine:entity/the_lovers_phase_3","particle":"#0"},"elements":[{"from":[2.0,-9.0,4.0],"to":[10.0,9.0,12.0],"faces":{"south":{"uv":[16.0,3.25,15.0,5.5],"tintindex":0,"rotation":0,"texture":"#0"},"north":{"uv":[15.0,3.25,16.0,5.5],"tintindex":0,"rotation":0,"texture":"#0"},"west":{"uv":[13.0,3.25,14.0,5.5],"tintindex":0,"rotation":0,"texture":"#0"},"up":{"uv":[13.0,4.75,12.0,3.75],"tintindex":0,"rotation":0,"texture":"#0"}}}],"display":{"gui":{"rotation":[-150.0,-45.0,180.0]}}}