{"textures":{"0":"modelengine:entity/the_lovers_phase_3","particle":"#0"},"elements":[{"from":[7.51,18.210001,4.11],"to":[8.49,19.640001,5.29],"faces":{"east":{"uv":[0.0,0.0,0.1875,0.18125],"tintindex":0,"rotation":0,"texture":"#0"},"south":{"uv":[0.125,0.0,0.25,0.18125],"tintindex":0,"rotation":0,"texture":"#0"},"north":{"uv":[0.625,3.6075,0.75,3.78875],"tintindex":0,"rotation":0,"texture":"#0"},"west":{"uv":[0.125,0.0,0.3125,0.18125],"tintindex":0,"rotation":0,"texture":"#0"},"up":{"uv":[0.625,3.6075,0.75,3.795],"tintindex":0,"rotation":0,"texture":"#0"},"down":{"uv":[0.625,3.6075,0.75,3.795],"tintindex":0,"rotation":0,"texture":"#0"}},"rotation":{"origin":[8.0,4.200001,4.1],"angle":22.5,"axis":"x"}},{"from":[7.51,14.266602,12.952389],"to":[8.49,15.146601,15.872388],"faces":{"east":{"uv":[0.0,0.0,0.1375,0.3925],"tintindex":0,"rotation":270,"texture":"#0"},"south":{"uv":[0.375,0.6075,0.5,0.745],"tintindex":0,"rotation":0,"texture":"#0"},"north":{"uv":[0.625,3.6075,0.75,3.745],"tintindex":0,"rotation":180,"texture":"#0"},"west":{"uv":[0.125,0.0,0.2625,0.3925],"tintindex":0,"rotation":90,"texture":"#0"},"up":{"uv":[0.375,0.2325,0.5,0.625],"tintindex":0,"rotation":180,"texture":"#0"}},"rotation":{"origin":[8.0,4.200001,4.1],"angle":-22.5,"axis":"x"}},{"from":[9.5,9.25,6.0],"to":[10.5,9.5,10.0],"faces":{"east":{"uv":[1.25,0.875,1.375,1.375],"tintindex":0,"rotation":90,"texture":"#0"},"south":{"uv":[1.25,1.25,1.375,1.375],"tintindex":0,"rotation":0,"texture":"#0"},"north":{"uv":[1.25,0.875,1.375,1.0],"tintindex":0,"rotation":0,"texture":"#0"},"west":{"uv":[1.25,0.875,1.375,1.375],"tintindex":0,"rotation":90,"texture":"#0"},"up":{"uv":[1.25,0.875,1.375,1.375],"tintindex":0,"rotation":0,"texture":"#0"},"down":{"uv":[1.25,0.125,1.375,0.625],"tintindex":0,"rotation":0,"texture":"#0"}}},{"from":[6.8500004,6.000001,6.8],"to":[9.05,9.3,9.2],"faces":{"east":{"uv":[0.5,1.875,0.75,3.375],"tintindex":0,"rotation":0,"texture":"#0"},"south":{"uv":[0.5,1.875,0.75,3.375],"tintindex":0,"rotation":0,"texture":"#0"},"north":{"uv":[0.5,1.875,0.75,3.375],"tintindex":0,"rotation":0,"texture":"#0"},"west":{"uv":[0.5,1.875,0.75,3.375],"tintindex":0,"rotation":0,"texture":"#0"},"down":{"uv":[0.5,3.375,0.75,3.625],"tintindex":0,"rotation":0,"texture":"#0"}}},{"from":[5.5,9.25,6.0],"to":[6.5,9.5,10.0],"faces":{"east":{"uv":[0.75,0.875,0.875,1.375],"tintindex":0,"rotation":90,"texture":"#0"},"south":{"uv":[0.75,1.25,0.875,1.375],"tintindex":0,"rotation":0,"texture":"#0"},"north":{"uv":[0.75,0.875,0.875,1.0],"tintindex":0,"rotation":0,"texture":"#0"},"west":{"uv":[0.75,1.375,0.875,0.875],"tintindex":0,"rotation":90,"texture":"#0"},"up":{"uv":[0.75,0.875,0.875,1.375],"tintindex":0,"rotation":0,"texture":"#0"},"down":{"uv":[0.75,0.125,0.875,0.625],"tintindex":0,"rotation":0,"texture":"#0"}}},{"from":[7.3,9.500001,6.3],"to":[8.7,10.249999,9.7],"faces":{"east":{"uv":[0.75,3.625,0.375,4.0],"tintindex":0,"rotation":0,"texture":"#0"},"south":{"uv":[0.625,3.625,0.75,4.0],"tintindex":0,"rotation":0,"texture":"#0"},"north":{"uv":[0.375,3.625,0.5,4.0],"tintindex":0,"rotation":0,"texture":"#0"},"west":{"uv":[0.375,3.625,0.75,4.0],"tintindex":0,"rotation":0,"texture":"#0"},"up":{"uv":[0.375,3.625,0.75,3.75],"tintindex":0,"rotation":90,"texture":"#0"},"down":{"uv":[0.375,3.625,0.75,3.75],"tintindex":0,"rotation":90,"texture":"#0"}}},{"from":[6.5,9.25,5.0],"to":[9.5,9.5,11.0],"faces":{"east":{"uv":[0.875,1.5,1.0,0.75],"tintindex":0,"rotation":90,"texture":"#0"},"south":{"uv":[1.25,0.75,0.875,0.875],"tintindex":0,"rotation":0,"texture":"#0"},"north":{"uv":[1.25,0.75,0.875,0.875],"tintindex":0,"rotation":0,"texture":"#0"},"west":{"uv":[1.0,1.5,0.875,0.75],"tintindex":0,"rotation":90,"texture":"#0"},"up":{"uv":[0.875,0.75,1.25,1.5],"tintindex":0,"rotation":0,"texture":"#0"},"down":{"uv":[0.875,0.0,1.25,0.75],"tintindex":0,"rotation":0,"texture":"#0"}}},{"from":[7.05,6.200001,7.0],"to":[8.95,9.1,9.0],"faces":{"east":{"uv":[0.5,0.375,0.75,1.875],"tintindex":0,"rotation":0,"texture":"#0"},"south":{"uv":[0.5,0.375,0.75,1.875],"tintindex":0,"rotation":0,"texture":"#0"},"north":{"uv":[0.5,0.375,0.75,1.875],"tintindex":0,"rotation":0,"texture":"#0"},"west":{"uv":[0.5,0.375,0.75,1.875],"tintindex":0,"rotation":0,"texture":"#0"}}},{"from":[7.51,18.210001,3.8100002],"to":[8.49,18.640001,4.1899996],"faces":{"east":{"uv":[0.0,0.0,0.1875,0.18125],"tintindex":0,"rotation":0,"texture":"#0"},"south":{"uv":[0.375,0.0,0.5,0.18125],"tintindex":0,"rotation":0,"texture":"#0"},"north":{"uv":[0.375,0.0,0.5,0.18125],"tintindex":0,"rotation":0,"texture":"#0"},"west":{"uv":[0.125,0.0,0.3125,0.18125],"tintindex":0,"rotation":0,"texture":"#0"},"up":{"uv":[0.375,0.0,0.5,0.1875],"tintindex":0,"rotation":0,"texture":"#0"},"down":{"uv":[0.375,0.0,0.5,0.1875],"tintindex":0,"rotation":0,"texture":"#0"}},"rotation":{"origin":[8.0,4.200001,4.1],"angle":22.5,"axis":"x"}},{"from":[7.49,9.99,6.49],"to":[8.51,14.01,9.51],"faces":{"east":{"uv":[0.375,1.875,0.0,4.0],"tintindex":0,"rotation":0,"texture":"#0"},"south":{"uv":[0.25,1.875,0.375,4.0],"tintindex":0,"rotation":0,"texture":"#0"},"north":{"uv":[0.0,1.875,0.125,4.0],"tintindex":0,"rotation":0,"texture":"#0"},"west":{"uv":[0.0,1.75,0.375,4.0],"tintindex":0,"rotation":0,"texture":"#0"},"up":{"uv":[0.0,1.875,0.125,2.5],"tintindex":0,"rotation":0,"texture":"#0"},"down":{"uv":[0.0,1.875,0.125,2.5],"tintindex":0,"rotation":0,"texture":"#0"}}},{"from":[7.5,14.200001,2.6],"to":[8.5,18.2,5.3],"faces":{"east":{"uv":[0.375,0.0,0.0,2.0],"tintindex":0,"rotation":0,"texture":"#0"},"south":{"uv":[0.25,0.0,0.375,2.0],"tintindex":0,"rotation":0,"texture":"#0"},"north":{"uv":[0.0,0.0,0.125,2.0],"tintindex":0,"rotation":0,"texture":"#0"},"west":{"uv":[0.0,0.0,0.375,2.0],"tintindex":0,"rotation":0,"texture":"#0"},"up":{"uv":[0.0,0.0,0.125,0.375],"tintindex":0,"rotation":0,"texture":"#0"},"down":{"uv":[0.0,0.0,0.125,0.375],"tintindex":0,"rotation":0,"texture":"#0"}},"rotation":{"origin":[8.0,4.200001,4.1],"angle":22.5,"axis":"x"}}],"display":{"gui":{"rotation":[-150.0,-45.0,180.0]}}}