{"textures":{"2":"modelengine:entity/the_lovers_ghost","particle":"#2"},"elements":[{"from":[6.0,5.0,7.0],"to":[11.0,10.0,12.0],"faces":{"east":{"uv":[12.375,1.5,13.0,2.125],"tintindex":0,"rotation":0,"texture":"#2"},"south":{"uv":[12.375,1.5,13.0,2.125],"tintindex":0,"rotation":0,"texture":"#2"},"north":{"uv":[12.375,1.5,13.0,2.125],"tintindex":0,"rotation":0,"texture":"#2"},"west":{"uv":[12.375,1.5,13.0,2.125],"tintindex":0,"rotation":0,"texture":"#2"},"up":{"uv":[12.375,1.5,13.0,2.125],"tintindex":0,"rotation":0,"texture":"#2"},"down":{"uv":[12.375,1.5,13.0,2.125],"tintindex":0,"rotation":0,"texture":"#2"}},"rotation":{"origin":[8.0,8.0,8.0],"angle":-45.0,"axis":"z"}},{"from":[2.0,5.0,9.0],"to":[7.0,9.0,11.0],"faces":{"east":{"uv":[11.5,1.5,11.75,2.0],"tintindex":0,"rotation":0,"texture":"#2"},"south":{"uv":[11.5,1.5,12.125,2.0],"tintindex":0,"rotation":0,"texture":"#2"},"north":{"uv":[11.5,1.5,12.125,2.0],"tintindex":0,"rotation":0,"texture":"#2"},"west":{"uv":[11.5,1.5,11.75,2.0],"tintindex":0,"rotation":0,"texture":"#2"},"up":{"uv":[11.5,1.75,12.125,1.5],"tintindex":0,"rotation":0,"texture":"#2"},"down":{"uv":[11.5,1.5,12.125,1.75],"tintindex":0,"rotation":0,"texture":"#2"}},"rotation":{"origin":[8.0,8.0,8.0],"angle":-22.5,"axis":"z"}},{"from":[9.0,5.0,9.0],"to":[14.0,9.0,11.0],"faces":{"east":{"uv":[11.5,1.5,11.75,2.0],"tintindex":0,"rotation":0,"texture":"#2"},"south":{"uv":[12.125,1.5,11.5,2.0],"tintindex":0,"rotation":0,"texture":"#2"},"north":{"uv":[11.5,1.5,12.125,2.0],"tintindex":0,"rotation":0,"texture":"#2"},"west":{"uv":[11.5,1.5,11.75,2.0],"tintindex":0,"rotation":0,"texture":"#2"},"up":{"uv":[12.125,1.75,11.5,1.5],"tintindex":0,"rotation":0,"texture":"#2"},"down":{"uv":[11.5,1.5,12.125,1.75],"tintindex":0,"rotation":0,"texture":"#2"}},"rotation":{"origin":[8.0,8.0,8.0],"angle":22.5,"axis":"z"}}],"display":{"gui":{"rotation":[-150.0,-45.0,180.0]}}}