{"textures":{"2":"modelengine:entity/the_lovers_ghost","particle":"#2"},"elements":[{"from":[6.0,-12.0,7.0],"to":[11.0,8.0,9.0],"faces":{"east":{"uv":[12.5,3.375,10.0,3.625],"tintindex":0,"rotation":90,"texture":"#2"},"south":{"uv":[12.5,3.375,10.0,4.0],"tintindex":0,"rotation":90,"texture":"#2"},"north":{"uv":[12.5,3.375,10.0,4.0],"tintindex":0,"rotation":90,"texture":"#2"},"west":{"uv":[12.5,3.375,10.0,3.625],"tintindex":0,"rotation":90,"texture":"#2"},"up":{"uv":[10.0,3.375,10.25,4.0],"tintindex":0,"rotation":90,"texture":"#2"},"down":{"uv":[10.0,3.375,10.25,4.0],"tintindex":0,"rotation":90,"texture":"#2"}}}],"display":{"gui":{"rotation":[-150.0,-45.0,180.0]}}}