{"textures":{"2":"modelengine:entity/the_lovers_ghost","particle":"#2"},"elements":[{"from":[4.0,-4.5,6.0],"to":[9.0,8.0,6.0],"faces":{"south":{"uv":[7.875,4.875,6.625,8.0],"tintindex":0,"rotation":0,"texture":"#2"},"north":{"uv":[6.625,4.875,7.875,8.0],"tintindex":0,"rotation":0,"texture":"#2"},"up":{"uv":[5.0,3.625,6.625,4.875],"tintindex":0,"rotation":90,"texture":"#2"}}},{"from":[8.95,-4.5,6.0],"to":[9.0,8.0,12.5],"faces":{"east":{"uv":[5.0,4.875,6.625,8.0],"tintindex":0,"rotation":0,"texture":"#2"},"west":{"uv":[6.625,4.875,5.0,8.0],"tintindex":0,"rotation":0,"texture":"#2"},"up":{"uv":[5.0,3.625,6.625,4.875],"tintindex":0,"rotation":90,"texture":"#2"}}},{"from":[4.0,8.0,6.0],"to":[9.0,8.0,12.5],"faces":{"up":{"uv":[6.625,4.875,5.0,3.625],"tintindex":0,"rotation":90,"texture":"#2"}}}],"display":{"gui":{"rotation":[-150.0,-45.0,180.0]}}}