{"textures":{"0":"modelengine:entity/the_lovers_phase_3","particle":"#0"},"elements":[{"from":[8.0,-10.0,5.0],"to":[14.0,10.0,11.0],"faces":{"east":{"uv":[12.25,13.5,11.5,16.0],"tintindex":0,"rotation":0,"texture":"#0"},"south":{"uv":[13.0,13.5,12.25,16.0],"tintindex":0,"rotation":0,"texture":"#0"},"north":{"uv":[11.5,13.5,10.75,16.0],"tintindex":0,"rotation":0,"texture":"#0"},"west":{"uv":[10.75,13.5,10.0,16.0],"tintindex":0,"rotation":0,"texture":"#0"},"up":{"uv":[10.75,13.5,11.5,12.75],"tintindex":0,"rotation":0,"texture":"#0"},"down":{"uv":[11.5,13.5,12.25,12.75],"tintindex":0,"rotation":0,"texture":"#0"}}}],"display":{"gui":{"rotation":[-150.0,-45.0,180.0]}}}