{"textures":{"0":"modelengine:entity/the_lovers_phase_3","particle":"#0"},"elements":[{"from":[8.0,-10.0,5.0],"to":[14.0,10.0,11.0],"faces":{"east":{"uv":[12.25,5.5,11.5,8.0],"tintindex":0,"rotation":0,"texture":"#0"},"south":{"uv":[13.0,5.5,12.25,8.0],"tintindex":0,"rotation":0,"texture":"#0"},"north":{"uv":[11.5,5.5,10.75,8.0],"tintindex":0,"rotation":0,"texture":"#0"},"west":{"uv":[10.75,5.5,10.0,8.0],"tintindex":0,"rotation":0,"texture":"#0"},"up":{"uv":[10.75,5.5,11.5,4.75],"tintindex":0,"rotation":0,"texture":"#0"},"down":{"uv":[11.5,5.5,12.25,4.75],"tintindex":0,"rotation":0,"texture":"#0"}}}],"display":{"gui":{"rotation":[-150.0,-45.0,180.0]}}}