{"textures":{"0":"modelengine:entity/the_lovers_phase_3","particle":"#0"},"elements":[{"from":[6.0,-9.0,4.0],"to":[14.0,9.0,12.0],"faces":{"east":{"uv":[14.0,11.25,13.0,13.5],"tintindex":0,"rotation":0,"texture":"#0"},"south":{"uv":[15.0,11.25,16.0,13.5],"tintindex":0,"rotation":0,"texture":"#0"},"north":{"uv":[16.0,11.25,15.0,13.5],"tintindex":0,"rotation":0,"texture":"#0"},"up":{"uv":[12.0,12.75,13.0,11.75],"tintindex":0,"rotation":0,"texture":"#0"}}}],"display":{"gui":{"rotation":[-150.0,-45.0,180.0]}}}