{"textures":{"2":"modelengine:entity/the_lovers_ghost","particle":"#2"},"elements":[{"from":[16.5,7.95,6.5],"to":[24.0,8.0,9.5],"faces":{"up":{"uv":[8.875,5.5,9.625,3.625],"tintindex":0,"rotation":90,"texture":"#2"},"down":{"uv":[9.625,5.5,8.875,3.625],"tintindex":0,"rotation":90,"texture":"#2"}},"rotation":{"origin":[16.5,6.5,7.5],"angle":22.5,"axis":"z"}},{"from":[8.0,7.95,6.0],"to":[16.5,8.0,10.0],"faces":{"up":{"uv":[8.875,5.5,7.875,3.375],"tintindex":0,"rotation":90,"texture":"#2"},"down":{"uv":[7.875,5.5,8.875,3.375],"tintindex":0,"rotation":90,"texture":"#2"}}}],"display":{"gui":{"rotation":[-150.0,-45.0,180.0]}}}