{"textures":{"0":"modelengine:entity/the_lovers_slash_effects","particle":"#0"},"elements":[{"from":[8.0,-8.0,-2.0],"to":[8.0,24.0,18.0],"faces":{"east":{"uv":[4.0,8.0,8.0,3.0],"tintindex":0,"rotation":90,"texture":"#0"},"west":{"uv":[4.0,3.0,8.0,8.0],"tintindex":0,"rotation":90,"texture":"#0"}},"rotation":{"origin":[8.0,8.0,8.0],"angle":45.0,"axis":"z"}},{"from":[8.0,-8.0,-2.0],"to":[8.0,24.0,18.0],"faces":{"east":{"uv":[4.0,8.0,8.0,3.0],"tintindex":0,"rotation":90,"texture":"#0"},"west":{"uv":[4.0,3.0,8.0,8.0],"tintindex":0,"rotation":90,"texture":"#0"}},"rotation":{"origin":[8.0,8.0,8.0],"angle":-45.0,"axis":"z"}}],"display":{"gui":{"rotation":[-150.0,-45.0,180.0]}}}