{"textures":{"0":"modelengine:entity/mega_warden_invis","particle":"#0"},"elements":[{"from":[0.0,4.1574593,-3.2779255],"to":[16.0,8.157459,-3.2779255],"faces":{"south":{"uv":[7.5645,4.9395,8.5605,5.1855],"tintindex":0,"rotation":0,"texture":"#0"},"north":{"uv":[8.5605,4.9395,7.5645,5.1855],"tintindex":0,"rotation":0,"texture":"#0"}}},{"from":[0.0,8.157459,-3.2779255],"to":[16.0,17.157455,11.722075],"faces":{"east":{"uv":[7.4355,3.627,6.502,4.1855],"tintindex":0,"rotation":0,"texture":"#0"},"south":{"uv":[6.127,6.0645,7.123,6.623],"tintindex":0,"rotation":0,"texture":"#0"},"north":{"uv":[6.127,3.0645,7.123,3.623],"tintindex":0,"rotation":0,"texture":"#0"},"west":{"uv":[6.502,3.627,7.4355,4.1855],"tintindex":0,"rotation":0,"texture":"#0"},"up":{"uv":[5.623,3.6855,4.627,2.752],"tintindex":0,"rotation":0,"texture":"#0"},"down":{"uv":[5.623,3.6895,4.627,4.623],"tintindex":0,"rotation":0,"texture":"#0"}}},{"from":[0.0,4.1574593,-3.2779255],"to":[0.0,8.157459,7.7220755],"faces":{"east":{"uv":[7.752,2.6895,8.4355,2.9355],"tintindex":0,"rotation":0,"texture":"#0"},"west":{"uv":[8.4355,2.6895,7.752,2.9355],"tintindex":0,"rotation":0,"texture":"#0"}}},{"from":[-12.242987,16.157455,8.5551815],"to":[-9.242987,22.157455,10.5551815],"faces":{"east":{"uv":[6.002,5.3145,6.123,5.6855],"tintindex":0,"rotation":0,"texture":"#0"},"south":{"uv":[5.127,5.8145,5.3105,6.1855],"tintindex":0,"rotation":0,"texture":"#0"},"north":{"uv":[4.8145,1.0645,4.998,1.4355],"tintindex":0,"rotation":0,"texture":"#0"},"west":{"uv":[5.002,6.5645,5.123,6.9355],"tintindex":0,"rotation":0,"texture":"#0"},"up":{"uv":[4.998,1.5605,4.8145,1.4395],"tintindex":0,"rotation":0,"texture":"#0"},"down":{"uv":[3.1855,4.8145,3.002,4.9355],"tintindex":0,"rotation":0,"texture":"#0"}},"rotation":{"origin":[-6.2429857,13.157455,9.5551815],"angle":22.5,"axis":"y"}},{"from":[0.0,9.5,-5.0],"to":[16.0,14.5,-5.0],"faces":{"south":{"uv":[7.502,0.002,8.498,0.3105],"tintindex":0,"rotation":0,"texture":"#0"},"north":{"uv":[8.498,0.002,7.502,0.3105],"tintindex":0,"rotation":0,"texture":"#0"}},"rotation":{"origin":[8.0,10.0,-5.0],"angle":22.5,"axis":"x"}},{"from":[16.0,4.1574593,-3.2779255],"to":[16.0,8.157459,7.7220755],"faces":{"east":{"uv":[7.752,2.6895,8.4355,2.9355],"tintindex":0,"rotation":0,"texture":"#0"},"west":{"uv":[8.4355,2.6895,7.752,2.9355],"tintindex":0,"rotation":0,"texture":"#0"}}},{"from":[25.395227,16.157455,9.320549],"to":[28.395227,22.157455,11.320549],"faces":{"east":{"uv":[5.123,6.5645,5.002,6.9355],"tintindex":0,"rotation":0,"texture":"#0"},"south":{"uv":[5.3105,5.8145,5.127,6.1855],"tintindex":0,"rotation":0,"texture":"#0"},"north":{"uv":[4.998,1.0645,4.8145,1.4355],"tintindex":0,"rotation":0,"texture":"#0"},"west":{"uv":[6.123,5.3145,6.002,5.6855],"tintindex":0,"rotation":0,"texture":"#0"},"up":{"uv":[4.8145,1.5605,4.998,1.4395],"tintindex":0,"rotation":0,"texture":"#0"},"down":{"uv":[3.002,4.8145,3.1855,4.9355],"tintindex":0,"rotation":0,"texture":"#0"}},"rotation":{"origin":[24.242985,13.157455,9.5551815],"angle":-22.5,"axis":"y"}},{"from":[14.395227,10.157455,7.3205485],"to":[28.395227,16.157455,13.320549],"faces":{"east":{"uv":[6.998,2.6895,6.627,3.0605],"tintindex":0,"rotation":0,"texture":"#0"},"south":{"uv":[8.1855,2.3145,7.3145,2.6855],"tintindex":0,"rotation":0,"texture":"#0"},"north":{"uv":[2.1855,7.252,1.3145,7.623],"tintindex":0,"rotation":0,"texture":"#0"},"west":{"uv":[1.998,3.127,1.627,3.498],"tintindex":0,"rotation":0,"texture":"#0"},"up":{"uv":[7.4395,1.6855,8.3105,1.3145],"tintindex":0,"rotation":0,"texture":"#0"},"down":{"uv":[7.4395,3.3145,8.3105,3.6855],"tintindex":0,"rotation":0,"texture":"#0"}},"rotation":{"origin":[24.242985,13.157455,9.5551815],"angle":-22.5,"axis":"y"}},{"from":[-12.242987,10.157455,6.555182],"to":[1.7570143,16.157455,12.5551815],"faces":{"east":{"uv":[1.627,3.127,1.998,3.498],"tintindex":0,"rotation":0,"texture":"#0"},"south":{"uv":[7.3145,2.3145,8.1855,2.6855],"tintindex":0,"rotation":0,"texture":"#0"},"north":{"uv":[1.3145,7.252,2.1855,7.623],"tintindex":0,"rotation":0,"texture":"#0"},"west":{"uv":[6.627,2.6895,6.998,3.0605],"tintindex":0,"rotation":0,"texture":"#0"},"up":{"uv":[8.3105,1.6855,7.4395,1.3145],"tintindex":0,"rotation":0,"texture":"#0"},"down":{"uv":[8.3105,3.3145,7.4395,3.6855],"tintindex":0,"rotation":0,"texture":"#0"}},"rotation":{"origin":[-6.2429857,13.157455,9.5551815],"angle":22.5,"axis":"y"}}],"display":{"gui":{"rotation":[-150.0,-45.0,180.0]}}}