{"textures":{"0":"modelengine:entity/mega_warden_invis","particle":"#0"},"elements":[{"from":[4.6606083,-4.0,8.266421],"to":[11.660608,8.0,17.266422],"faces":{"east":{"uv":[2.748,6.9395,2.1895,7.6855],"tintindex":0,"rotation":0,"texture":"#0"},"south":{"uv":[3.1855,7.1895,2.752,7.9355],"tintindex":0,"rotation":0,"texture":"#0"},"north":{"uv":[6.0605,7.002,5.627,7.748],"tintindex":0,"rotation":0,"texture":"#0"},"west":{"uv":[7.498,0.002,6.9395,0.748],"tintindex":0,"rotation":0,"texture":"#0"},"up":{"uv":[1.3145,8.1855,1.748,7.627],"tintindex":0,"rotation":0,"texture":"#0"},"down":{"uv":[1.752,7.627,2.1855,8.1855],"tintindex":0,"rotation":0,"texture":"#0"}}},{"from":[13.0,-4.0,17.0],"to":[13.0,8.0,24.0],"faces":{"east":{"uv":[4.623,7.3145,4.1895,8.0605],"tintindex":0,"rotation":0,"texture":"#0"},"west":{"uv":[4.1895,7.3145,4.623,8.0605],"tintindex":0,"rotation":0,"texture":"#0"}},"rotation":{"origin":[13.0,2.0,20.5],"angle":22.5,"axis":"y"}}],"display":{"gui":{"rotation":[-150.0,-45.0,180.0]}}}