{"textures":{"0":"modelengine:entity/shuriken","particle":"#0"},"elements":[{"from":[6.0,8.0,9.0],"to":[7.0,9.0,16.0],"faces":{"south":{"uv":[0.0,1.0,1.0,2.0],"tintindex":0,"rotation":0,"texture":"#0"},"north":{"uv":[0.0,1.0,1.0,2.0],"tintindex":0,"rotation":0,"texture":"#0"},"west":{"uv":[7.0,1.0,0.0,2.0],"tintindex":0,"rotation":0,"texture":"#0"},"up":{"uv":[7.0,1.0,0.0,2.0],"tintindex":0,"rotation":90,"texture":"#0"},"down":{"uv":[7.0,1.0,0.0,2.0],"tintindex":0,"rotation":270,"texture":"#0"}}},{"from":[-0.01,7.99,5.99],"to":[7.11,9.01,7.01],"faces":{"east":{"uv":[0.0,0.0,1.0,1.0],"tintindex":0,"rotation":0,"texture":"#0"},"south":{"uv":[0.0,0.0,7.0,1.0],"tintindex":0,"rotation":0,"texture":"#0"},"up":{"uv":[7.0,0.0,0.0,1.0],"tintindex":0,"rotation":180,"texture":"#0"},"down":{"uv":[7.0,0.0,0.0,1.0],"tintindex":0,"rotation":180,"texture":"#0"}},"rotation":{"origin":[0.0,8.0,7.0],"angle":-22.5,"axis":"y"}},{"from":[7.0,8.0,9.0],"to":[9.0,9.0,11.0],"faces":{"north":{"uv":[8.0,0.0,10.0,1.0],"tintindex":0,"rotation":0,"texture":"#0"},"up":{"uv":[6.0,4.0,4.0,2.0],"tintindex":0,"rotation":90,"texture":"#0"},"down":{"uv":[6.0,2.0,4.0,4.0],"tintindex":0,"rotation":270,"texture":"#0"}}},{"from":[0.0,8.0,6.0],"to":[7.0,9.0,7.0],"faces":{"east":{"uv":[0.0,1.0,1.0,2.0],"tintindex":0,"rotation":0,"texture":"#0"},"north":{"uv":[7.0,1.0,0.0,2.0],"tintindex":0,"rotation":0,"texture":"#0"},"west":{"uv":[0.0,1.0,1.0,2.0],"tintindex":0,"rotation":0,"texture":"#0"},"up":{"uv":[7.0,1.0,0.0,2.0],"tintindex":0,"rotation":180,"texture":"#0"},"down":{"uv":[7.0,1.0,0.0,2.0],"tintindex":0,"rotation":180,"texture":"#0"}}},{"from":[8.889999,7.99,8.99],"to":[16.01,9.01,10.01],"faces":{"north":{"uv":[0.0,0.0,7.0,1.0],"tintindex":0,"rotation":0,"texture":"#0"},"west":{"uv":[0.0,0.0,1.0,1.0],"tintindex":0,"rotation":0,"texture":"#0"},"up":{"uv":[7.0,0.0,0.0,1.0],"tintindex":0,"rotation":0,"texture":"#0"},"down":{"uv":[7.0,0.0,0.0,1.0],"tintindex":0,"rotation":0,"texture":"#0"}},"rotation":{"origin":[16.0,8.0,9.0],"angle":-22.5,"axis":"y"}},{"from":[2.6,8.0,7.0],"to":[5.0,9.0,8.0],"faces":{"up":{"uv":[5.0,2.0,2.6,3.0],"tintindex":0,"rotation":180,"texture":"#0"},"down":{"uv":[5.0,2.0,2.6,3.0],"tintindex":0,"rotation":180,"texture":"#0"}}},{"from":[9.0,8.0,0.0],"to":[10.0,9.0,7.0],"faces":{"east":{"uv":[7.0,1.0,0.0,2.0],"tintindex":0,"rotation":0,"texture":"#0"},"south":{"uv":[0.0,1.0,1.0,2.0],"tintindex":0,"rotation":0,"texture":"#0"},"north":{"uv":[0.0,1.0,1.0,2.0],"tintindex":0,"rotation":0,"texture":"#0"},"up":{"uv":[7.0,1.0,0.0,2.0],"tintindex":0,"rotation":270,"texture":"#0"},"down":{"uv":[7.0,1.0,0.0,2.0],"tintindex":0,"rotation":90,"texture":"#0"}}},{"from":[7.0,8.0,11.0],"to":[8.0,9.0,13.4],"faces":{"up":{"uv":[5.0,2.0,2.6,3.0],"tintindex":0,"rotation":90,"texture":"#0"},"down":{"uv":[5.0,2.0,2.6,3.0],"tintindex":0,"rotation":270,"texture":"#0"}}},{"from":[11.0,8.0,8.0],"to":[13.4,9.0,9.0],"faces":{"up":{"uv":[5.0,2.0,2.6,3.0],"tintindex":0,"rotation":0,"texture":"#0"},"down":{"uv":[5.0,2.0,2.6,3.0],"tintindex":0,"rotation":0,"texture":"#0"}}},{"from":[8.99,7.99,-0.01],"to":[10.01,9.01,7.11],"faces":{"south":{"uv":[0.0,0.0,1.0,1.0],"tintindex":0,"rotation":0,"texture":"#0"},"west":{"uv":[0.0,0.0,7.0,1.0],"tintindex":0,"rotation":0,"texture":"#0"},"up":{"uv":[7.0,0.0,0.0,1.0],"tintindex":0,"rotation":270,"texture":"#0"},"down":{"uv":[7.0,0.0,0.0,1.0],"tintindex":0,"rotation":90,"texture":"#0"}},"rotation":{"origin":[9.0,8.0,0.0],"angle":-22.5,"axis":"y"}},{"from":[8.0,8.0,2.6],"to":[9.0,9.0,5.0],"faces":{"up":{"uv":[5.0,2.0,2.6,3.0],"tintindex":0,"rotation":270,"texture":"#0"},"down":{"uv":[5.0,2.0,2.6,3.0],"tintindex":0,"rotation":90,"texture":"#0"}}},{"from":[7.0,8.0,5.0],"to":[9.0,9.0,7.0],"faces":{"south":{"uv":[8.0,0.0,10.0,1.0],"tintindex":0,"rotation":0,"texture":"#0"},"up":{"uv":[6.0,4.0,4.0,2.0],"tintindex":0,"rotation":270,"texture":"#0"},"down":{"uv":[6.0,2.0,4.0,4.0],"tintindex":0,"rotation":90,"texture":"#0"}}},{"from":[5.0,8.0,7.0],"to":[7.0,9.0,9.0],"faces":{"east":{"uv":[8.0,0.0,10.0,1.0],"tintindex":0,"rotation":0,"texture":"#0"},"up":{"uv":[6.0,4.0,4.0,2.0],"tintindex":0,"rotation":180,"texture":"#0"},"down":{"uv":[6.0,2.0,4.0,4.0],"tintindex":0,"rotation":180,"texture":"#0"}}},{"from":[5.99,7.99,8.889999],"to":[7.01,9.01,16.01],"faces":{"east":{"uv":[0.0,0.0,7.0,1.0],"tintindex":0,"rotation":0,"texture":"#0"},"north":{"uv":[0.0,0.0,1.0,1.0],"tintindex":0,"rotation":0,"texture":"#0"},"up":{"uv":[7.0,0.0,0.0,1.0],"tintindex":0,"rotation":90,"texture":"#0"},"down":{"uv":[7.0,0.0,0.0,1.0],"tintindex":0,"rotation":270,"texture":"#0"}},"rotation":{"origin":[7.0,8.0,16.0],"angle":-22.5,"axis":"y"}},{"from":[9.0,8.0,7.0],"to":[11.0,9.0,9.0],"faces":{"west":{"uv":[8.0,0.0,10.0,1.0],"tintindex":0,"rotation":0,"texture":"#0"},"up":{"uv":[6.0,4.0,4.0,2.0],"tintindex":0,"rotation":0,"texture":"#0"},"down":{"uv":[6.0,2.0,4.0,4.0],"tintindex":0,"rotation":0,"texture":"#0"}}},{"from":[6.0,7.95,6.0],"to":[10.0,9.05,10.0],"faces":{"up":{"uv":[11.0,4.0,7.0,0.0],"tintindex":0,"rotation":180,"texture":"#0"},"down":{"uv":[11.0,0.0,7.0,4.0],"tintindex":0,"rotation":180,"texture":"#0"}}},{"from":[9.0,8.0,9.0],"to":[16.0,9.0,10.0],"faces":{"east":{"uv":[0.0,1.0,1.0,2.0],"tintindex":0,"rotation":0,"texture":"#0"},"south":{"uv":[7.0,1.0,0.0,2.0],"tintindex":0,"rotation":0,"texture":"#0"},"west":{"uv":[0.0,1.0,1.0,2.0],"tintindex":0,"rotation":0,"texture":"#0"},"up":{"uv":[7.0,1.0,0.0,2.0],"tintindex":0,"rotation":0,"texture":"#0"},"down":{"uv":[7.0,1.0,0.0,2.0],"tintindex":0,"rotation":0,"texture":"#0"}}}],"display":{"gui":{"rotation":[-150.0,-45.0,180.0]}}}