{"textures":{"4":"modelengine:entity/mega_warden","particle":"#4"},"elements":[{"from":[0.5,3.0,-4.0],"to":[14.5,8.0,8.0],"faces":{"east":{"uv":[8.373,5.752,7.627,6.0605],"tintindex":0,"rotation":0,"texture":"#4"},"south":{"uv":[7.5645,4.627,8.4355,4.9355],"tintindex":0,"rotation":0,"texture":"#4"},"north":{"uv":[7.5645,4.3145,8.4355,4.623],"tintindex":0,"rotation":0,"texture":"#4"},"west":{"uv":[7.627,5.752,8.373,6.0605],"tintindex":0,"rotation":0,"texture":"#4"},"up":{"uv":[6.498,4.4355,5.627,3.6895],"tintindex":0,"rotation":0,"texture":"#4"},"down":{"uv":[0.873,5.6895,0.002,6.4355],"tintindex":0,"rotation":0,"texture":"#4"}}},{"from":[10.5,7.6574554,-5.7220745],"to":[18.5,16.65746,-5.7220745],"faces":{"south":{"uv":[7.502,5.1895,7.998,5.748],"tintindex":0,"rotation":0,"texture":"#4"},"north":{"uv":[7.998,5.1895,7.502,5.748],"tintindex":0,"rotation":0,"texture":"#4"}},"rotation":{"origin":[14.0,12.157459,-5.7220745],"angle":-22.5,"axis":"x"}},{"from":[14.5,8.0,-4.0],"to":[14.5,10.999996,8.0],"faces":{"east":{"uv":[8.623,7.627,7.877,7.8105],"tintindex":0,"rotation":0,"texture":"#4"},"west":{"uv":[7.877,7.627,8.623,7.8105],"tintindex":0,"rotation":0,"texture":"#4"}}},{"from":[-3.5,7.6574554,-5.7220745],"to":[4.5,16.65746,-5.7220745],"faces":{"south":{"uv":[7.998,5.1895,7.502,5.748],"tintindex":0,"rotation":0,"texture":"#4"},"north":{"uv":[7.502,5.1895,7.998,5.748],"tintindex":0,"rotation":0,"texture":"#4"}},"rotation":{"origin":[3.0,12.157459,-5.7220745],"angle":-22.5,"axis":"x"}},{"from":[3.5,8.0,-4.0],"to":[11.5,10.999996,-4.0],"faces":{"south":{"uv":[6.252,0.8145,6.748,0.998],"tintindex":0,"rotation":0,"texture":"#4"},"north":{"uv":[6.252,0.8145,6.748,0.998],"tintindex":0,"rotation":0,"texture":"#4"}}},{"from":[0.5,8.0,-4.0],"to":[0.5,10.999996,8.0],"faces":{"east":{"uv":[8.623,7.627,7.877,7.8105],"tintindex":0,"rotation":0,"texture":"#4"},"west":{"uv":[7.877,7.627,8.623,7.8105],"tintindex":0,"rotation":0,"texture":"#4"}}}],"display":{"gui":{"rotation":[-150.0,-45.0,180.0]}}}