{"textures":{"4":"modelengine:entity/mega_warden","particle":"#4"},"elements":[{"from":[3.0,-15.0,10.0],"to":[3.0,8.0,15.0],"faces":{"east":{"uv":[0.6895,6.6895,0.998,8.123],"tintindex":0,"rotation":0,"texture":"#4"},"west":{"uv":[0.998,6.6895,0.6895,8.123],"tintindex":0,"rotation":0,"texture":"#4"}},"rotation":{"origin":[3.0,-3.5,12.5],"angle":22.5,"axis":"y"}},{"from":[2.043291,-15.0,-2.809698],"to":[13.043291,8.0,10.190301],"faces":{"east":{"uv":[0.002,3.127,0.8105,4.5605],"tintindex":0,"rotation":0,"texture":"#4"},"south":{"uv":[3.9395,3.502,4.623,4.9355],"tintindex":0,"rotation":0,"texture":"#4"},"north":{"uv":[3.252,3.502,3.9355,4.9355],"tintindex":0,"rotation":0,"texture":"#4"},"west":{"uv":[0.8145,3.127,1.623,4.5605],"tintindex":0,"rotation":0,"texture":"#4"},"up":{"uv":[6.9355,0.8105,6.252,0.002],"tintindex":0,"rotation":0,"texture":"#4"},"down":{"uv":[0.6855,6.4395,0.002,7.248],"tintindex":0,"rotation":0,"texture":"#4"}}}],"display":{"gui":{"rotation":[-150.0,-45.0,180.0]}}}