{"textures":{"1":"modelengine:entity/the_lovers_samurai_phase_1","particle":"#1"},"elements":[{"from":[1.0,6.9238796,9.382683],"to":[15.0,8.92388,11.382683],"faces":{"east":{"uv":[3.375,8.0,3.625,8.5],"tintindex":0,"rotation":0,"texture":"#1"},"south":{"uv":[1.625,8.0,3.375,8.5],"tintindex":0,"rotation":0,"texture":"#1"},"north":{"uv":[1.625,7.5,3.375,8.0],"tintindex":0,"rotation":0,"texture":"#1"},"west":{"uv":[3.375,8.0,3.625,8.5],"tintindex":0,"rotation":0,"texture":"#1"},"up":{"uv":[1.625,7.5,3.375,8.0],"tintindex":0,"rotation":0,"texture":"#1"},"down":{"uv":[1.625,8.5,3.375,9.0],"tintindex":0,"rotation":0,"texture":"#1"}}},{"from":[1.0,-6.0761204,5.3826833],"to":[15.0,8.92388,9.382683],"faces":{"east":{"uv":[10.75,0.0,11.25,3.75],"tintindex":0,"rotation":0,"texture":"#1"},"south":{"uv":[9.0,0.0,10.75,3.75],"tintindex":0,"rotation":0,"texture":"#1"},"north":{"uv":[11.25,0.0,13.0,3.75],"tintindex":0,"rotation":0,"texture":"#1"},"west":{"uv":[11.25,0.0,10.75,3.75],"tintindex":0,"rotation":0,"texture":"#1"},"up":{"uv":[10.75,3.75,12.5,4.75],"tintindex":0,"rotation":0,"texture":"#1"},"down":{"uv":[9.0,3.75,10.75,4.75],"tintindex":0,"rotation":0,"texture":"#1"}}}],"display":{"gui":{"rotation":[-150.0,-45.0,180.0]}}}