{"textures":{"1":"modelengine:entity/the_lovers_samurai_phase_1","particle":"#1"},"elements":[{"from":[0.99,7.99,3.99],"to":[6.01,28.01,4.01],"faces":{"south":{"uv":[4.625,11.0,4.0,16.0],"tintindex":0,"rotation":0,"texture":"#1"},"north":{"uv":[4.0,11.0,4.625,16.0],"tintindex":0,"rotation":0,"texture":"#1"}},"rotation":{"origin":[6.0,14.0,4.0],"angle":-22.5,"axis":"y"}},{"from":[1.49,7.99,3.99],"to":[14.51,28.01,12.01],"faces":{"east":{"uv":[2.5,11.0,1.5,16.0],"tintindex":0,"rotation":0,"texture":"#1"},"south":{"uv":[2.375,11.0,4.0,16.0],"tintindex":0,"rotation":0,"texture":"#1"},"north":{"uv":[0.0,11.0,1.625,16.0],"tintindex":0,"rotation":0,"texture":"#1"},"west":{"uv":[1.5,11.0,2.5,16.0],"tintindex":0,"rotation":0,"texture":"#1"},"up":{"uv":[0.0,11.0,1.625,9.0],"tintindex":0,"rotation":0,"texture":"#1"},"down":{"uv":[1.625,9.0,3.25,11.0],"tintindex":0,"rotation":0,"texture":"#1"}}},{"from":[9.99,7.99,3.99],"to":[15.01,28.01,4.01],"faces":{"south":{"uv":[4.0,11.0,4.625,16.0],"tintindex":0,"rotation":0,"texture":"#1"},"north":{"uv":[4.625,11.0,4.0,16.0],"tintindex":0,"rotation":0,"texture":"#1"}},"rotation":{"origin":[10.0,14.0,4.0],"angle":22.5,"axis":"y"}}],"display":{"gui":{"rotation":[-150.0,-45.0,180.0]}}}