{"textures":{"1":"modelengine:entity/the_lovers_samurai_phase_1","particle":"#1"},"elements":[{"from":[6.5,-2.0,8.0],"to":[9.5,14.0,8.0],"faces":{"south":{"uv":[7.625,9.5,7.25,13.5],"tintindex":0,"rotation":0,"texture":"#1"},"north":{"uv":[7.25,9.5,7.625,13.5],"tintindex":0,"rotation":0,"texture":"#1"}}},{"from":[5.5,8.0,11.0],"to":[10.5,8.0,16.0],"faces":{"up":{"uv":[3.625,7.75,4.25,9.0],"tintindex":0,"rotation":0,"texture":"#1"},"down":{"uv":[3.625,7.75,4.25,9.0],"tintindex":0,"rotation":0,"texture":"#1"}},"rotation":{"origin":[8.0,14.0,8.0],"angle":22.5,"axis":"x"}},{"from":[1.0,12.25,5.5],"to":[6.0,12.25,10.5],"faces":{"up":{"uv":[3.625,7.75,4.25,9.0],"tintindex":0,"rotation":0,"texture":"#1"},"down":{"uv":[3.625,7.75,4.25,9.0],"tintindex":0,"rotation":0,"texture":"#1"}},"rotation":{"origin":[8.0,14.0,8.0],"angle":45.0,"axis":"z"}},{"from":[4.5,14.0,4.5],"to":[11.5,14.0,11.5],"faces":{"up":{"uv":[3.25,9.25,4.125,11.0],"tintindex":0,"rotation":0,"texture":"#1"},"down":{"uv":[3.25,9.25,4.125,11.0],"tintindex":0,"rotation":0,"texture":"#1"}},"rotation":{"origin":[8.0,14.0,8.0],"angle":-22.5,"axis":"x"}},{"from":[6.5,1.5,11.0],"to":[9.5,7.5,11.0],"faces":{"south":{"uv":[7.625,9.5,7.25,11.0],"tintindex":0,"rotation":0,"texture":"#1"},"north":{"uv":[7.25,9.5,7.625,11.0],"tintindex":0,"rotation":0,"texture":"#1"}},"rotation":{"origin":[8.0,8.0,8.0],"angle":22.5,"axis":"x"}},{"from":[8.0,-2.0,6.5],"to":[8.0,14.0,9.5],"faces":{"east":{"uv":[7.625,9.5,7.25,13.5],"tintindex":0,"rotation":0,"texture":"#1"},"west":{"uv":[7.25,9.5,7.625,13.5],"tintindex":0,"rotation":0,"texture":"#1"}}}],"display":{"gui":{"rotation":[-150.0,-45.0,180.0]}}}