{"textures":{"1":"modelengine:entity/the_lovers_samurai_phase_1","particle":"#1"},"elements":[{"from":[5.0,-12.0,5.0],"to":[11.0,8.0,11.0],"faces":{"east":{"uv":[13.0,1.5,13.75,6.5],"tintindex":0,"rotation":0,"texture":"#1"},"south":{"uv":[15.25,1.5,16.0,6.5],"tintindex":0,"rotation":0,"texture":"#1"},"north":{"uv":[13.75,1.5,14.5,6.5],"tintindex":0,"rotation":0,"texture":"#1"},"west":{"uv":[14.5,1.5,15.25,6.5],"tintindex":0,"rotation":0,"texture":"#1"},"up":{"uv":[13.75,0.0,14.5,1.5],"tintindex":0,"rotation":0,"texture":"#1"},"down":{"uv":[14.5,0.0,15.25,1.5],"tintindex":0,"rotation":0,"texture":"#1"}}}],"display":{"gui":{"rotation":[-150.0,-45.0,180.0]}}}