{"textures":{"1":"modelengine:entity/the_lovers_samurai_phase_1","particle":"#1"},"elements":[{"from":[2.0,-10.0,5.0],"to":[8.0,10.0,11.0],"faces":{"east":{"uv":[10.0,11.0,10.75,16.0],"tintindex":0,"rotation":0,"texture":"#1"},"south":{"uv":[12.25,11.0,13.0,16.0],"tintindex":0,"rotation":0,"texture":"#1"},"north":{"uv":[10.75,11.0,11.5,16.0],"tintindex":0,"rotation":0,"texture":"#1"},"west":{"uv":[11.5,11.0,12.25,16.0],"tintindex":0,"rotation":0,"texture":"#1"},"up":{"uv":[10.75,9.5,11.5,11.0],"tintindex":0,"rotation":0,"texture":"#1"},"down":{"uv":[12.25,11.0,11.5,9.5],"tintindex":0,"rotation":0,"texture":"#1"}}},{"from":[1.6,-10.4,4.6],"to":[8.4,10.4,11.4],"faces":{"east":{"uv":[13.0,11.0,13.75,16.0],"tintindex":0,"rotation":0,"texture":"#1"},"south":{"uv":[15.25,11.0,16.0,16.0],"tintindex":0,"rotation":0,"texture":"#1"},"north":{"uv":[13.75,11.0,14.5,16.0],"tintindex":0,"rotation":0,"texture":"#1"},"west":{"uv":[14.5,11.0,15.25,16.0],"tintindex":0,"rotation":0,"texture":"#1"},"up":{"uv":[10.0,9.5,10.75,11.0],"tintindex":0,"rotation":270,"texture":"#1"},"down":{"uv":[12.25,9.5,13.0,11.0],"tintindex":0,"rotation":0,"texture":"#1"}}}],"display":{"gui":{"rotation":[-150.0,-45.0,180.0]}}}