{"textures":{"1":"modelengine:entity/the_lovers_samurai_phase_1","particle":"#1"},"elements":[{"from":[3.0,-6.0,3.0],"to":[7.0,9.0,13.0],"faces":{"east":{"uv":[7.75,0.0,9.0,3.75],"tintindex":0,"rotation":0,"texture":"#1"},"south":{"uv":[7.25,0.0,7.75,3.75],"tintindex":0,"rotation":0,"texture":"#1"},"north":{"uv":[7.75,0.0,7.25,3.75],"tintindex":0,"rotation":0,"texture":"#1"},"west":{"uv":[6.0,0.0,7.25,3.75],"tintindex":0,"rotation":0,"texture":"#1"},"up":{"uv":[7.25,3.75,8.5,4.75],"tintindex":0,"rotation":90,"texture":"#1"},"down":{"uv":[6.0,4.75,7.25,3.75],"tintindex":0,"rotation":90,"texture":"#1"}},"rotation":{"origin":[5.0,4.0,8.0],"angle":-22.5,"axis":"z"}},{"from":[0.0,7.0,3.0],"to":[3.0,9.0,13.0],"faces":{"south":{"uv":[1.25,7.75,1.625,8.25],"tintindex":0,"rotation":0,"texture":"#1"},"north":{"uv":[1.625,7.75,1.25,8.25],"tintindex":0,"rotation":0,"texture":"#1"},"west":{"uv":[0.0,7.75,1.25,8.25],"tintindex":0,"rotation":0,"texture":"#1"},"up":{"uv":[0.0,7.0,1.25,7.75],"tintindex":0,"rotation":90,"texture":"#1"},"down":{"uv":[0.0,9.0,1.25,8.25],"tintindex":0,"rotation":90,"texture":"#1"}},"rotation":{"origin":[5.0,4.0,8.0],"angle":-22.5,"axis":"z"}}],"display":{"gui":{"rotation":[-150.0,-45.0,180.0]}}}