{"textures":{"1":"modelengine:entity/the_lovers_samurai_phase_1","particle":"#1"},"elements":[{"from":[7.5,21.099998,6.1],"to":[8.5,27.099998,8.9],"faces":{"east":{"uv":[2.125,1.75,0.0,2.5],"tintindex":0,"rotation":270,"texture":"#1"},"south":{"uv":[0.0,1.75,2.125,2.0],"tintindex":0,"rotation":90,"texture":"#1"},"north":{"uv":[2.125,2.25,0.0,2.5],"tintindex":0,"rotation":270,"texture":"#1"},"west":{"uv":[0.0,1.75,2.125,2.5],"tintindex":0,"rotation":90,"texture":"#1"},"up":{"uv":[0.125,1.75,0.0,2.5],"tintindex":0,"rotation":180,"texture":"#1"},"down":{"uv":[0.125,1.75,0.0,2.5],"tintindex":0,"rotation":0,"texture":"#1"}},"rotation":{"origin":[8.0,20.099998,6.1],"angle":22.5,"axis":"x"}},{"from":[7.5,27.099998,7.9],"to":[8.5,31.0,8.9],"faces":{"east":{"uv":[0.0,1.75,0.4875,2.0],"tintindex":0,"rotation":270,"texture":"#1"},"south":{"uv":[0.0,1.75,0.4875,2.0],"tintindex":0,"rotation":90,"texture":"#1"},"west":{"uv":[0.0,1.75,0.4875,2.0],"tintindex":0,"rotation":90,"texture":"#1"},"up":{"uv":[0.0,1.75,0.125,2.0],"tintindex":0,"rotation":180,"texture":"#1"}},"rotation":{"origin":[8.0,20.099998,6.1],"angle":22.5,"axis":"x"}},{"from":[7.5,26.599998,8.8],"to":[8.5,31.3,9.8],"faces":{"east":{"uv":[0.0,2.0,0.5875,2.25],"tintindex":0,"rotation":270,"texture":"#1"},"north":{"uv":[0.0,1.75,0.625,2.0],"tintindex":0,"rotation":90,"texture":"#1"},"west":{"uv":[0.0,2.0,0.5875,2.25],"tintindex":0,"rotation":90,"texture":"#1"},"up":{"uv":[0.0,1.75,0.125,2.0],"tintindex":0,"rotation":180,"texture":"#1"}},"rotation":{"origin":[8.0,26.599998,8.7],"angle":45.0,"axis":"x"}},{"from":[7.0,1.6499996,6.5],"to":[9.0,13.65,9.5],"faces":{"east":{"uv":[0.0,0.5,4.375,1.25],"tintindex":0,"rotation":270,"texture":"#1"},"south":{"uv":[4.375,1.25,0.0,1.75],"tintindex":0,"rotation":90,"texture":"#1"},"north":{"uv":[0.0,0.0,4.375,0.5],"tintindex":0,"rotation":270,"texture":"#1"},"west":{"uv":[4.375,0.5,0.0,1.25],"tintindex":0,"rotation":90,"texture":"#1"},"down":{"uv":[0.0,0.0,0.125,0.75],"tintindex":0,"rotation":0,"texture":"#1"}}},{"from":[7.49,15.09,6.49],"to":[8.51,21.109999,9.51],"faces":{"east":{"uv":[4.0,1.75,2.0,2.5],"tintindex":0,"rotation":270,"texture":"#1"},"south":{"uv":[2.0,1.75,4.0,2.0],"tintindex":0,"rotation":90,"texture":"#1"},"north":{"uv":[2.0,2.25,4.0,2.5],"tintindex":0,"rotation":90,"texture":"#1"},"west":{"uv":[2.0,1.75,4.0,2.5],"tintindex":0,"rotation":90,"texture":"#1"},"up":{"uv":[2.25,1.75,2.375,2.5],"tintindex":0,"rotation":180,"texture":"#1"},"down":{"uv":[2.25,1.75,2.375,2.5],"tintindex":0,"rotation":0,"texture":"#1"}}},{"from":[6.0,13.65,4.5],"to":[10.0,14.0,11.5],"faces":{"east":{"uv":[3.875,5.5,4.0,7.25],"tintindex":0,"rotation":270,"texture":"#1"},"south":{"uv":[4.375,5.5,3.875,5.75],"tintindex":0,"rotation":0,"texture":"#1"},"north":{"uv":[3.875,7.0,4.375,7.25],"tintindex":0,"rotation":180,"texture":"#1"},"west":{"uv":[4.25,5.5,4.375,7.25],"tintindex":0,"rotation":90,"texture":"#1"},"up":{"uv":[3.875,5.5,4.375,7.25],"tintindex":0,"rotation":180,"texture":"#1"},"down":{"uv":[3.875,5.5,4.375,7.25],"tintindex":0,"rotation":0,"texture":"#1"}}},{"from":[7.5,27.099998,7.2],"to":[8.5,28.8,7.9],"faces":{"east":{"uv":[0.0,1.75,0.25,2.0],"tintindex":0,"rotation":270,"texture":"#1"},"west":{"uv":[0.0,1.75,0.25,2.0],"tintindex":0,"rotation":90,"texture":"#1"}},"rotation":{"origin":[8.0,20.099998,6.1],"angle":22.5,"axis":"x"}},{"from":[7.3,14.000001,6.3],"to":[8.7,15.150001,9.7],"faces":{"east":{"uv":[1.25,8.25,1.625,9.0],"tintindex":0,"rotation":270,"texture":"#1"},"south":{"uv":[1.25,9.0,1.375,8.25],"tintindex":0,"rotation":0,"texture":"#1"},"north":{"uv":[1.5,9.0,1.625,8.25],"tintindex":0,"rotation":0,"texture":"#1"},"west":{"uv":[1.625,8.25,1.25,9.0],"tintindex":0,"rotation":90,"texture":"#1"},"up":{"uv":[1.5,8.25,1.625,9.0],"tintindex":0,"rotation":180,"texture":"#1"}}}],"display":{"gui":{"rotation":[-150.0,-45.0,180.0]}}}