{"textures":{"6":"modelengine:entity/mega_warden_damage","particle":"#6"},"elements":[{"from":[3.0,-4.0,17.0],"to":[3.0,8.0,24.0],"faces":{"east":{"uv":[4.623,7.3145,4.1895,8.0605],"tintindex":0,"rotation":0,"texture":"#6"},"west":{"uv":[4.1895,7.3145,4.623,8.0605],"tintindex":0,"rotation":0,"texture":"#6"}},"rotation":{"origin":[3.0,2.0,20.5],"angle":-22.5,"axis":"y"}},{"from":[4.3393917,-4.0,8.266421],"to":[11.339392,8.0,17.266422],"faces":{"east":{"uv":[6.9395,0.002,7.498,0.748],"tintindex":0,"rotation":0,"texture":"#6"},"south":{"uv":[2.752,7.1895,3.1855,7.9355],"tintindex":0,"rotation":0,"texture":"#6"},"north":{"uv":[5.627,7.002,6.0605,7.748],"tintindex":0,"rotation":0,"texture":"#6"},"west":{"uv":[2.1895,6.9395,2.748,7.6855],"tintindex":0,"rotation":0,"texture":"#6"},"up":{"uv":[1.748,8.1855,1.3145,7.627],"tintindex":0,"rotation":0,"texture":"#6"},"down":{"uv":[2.1855,7.627,1.752,8.1855],"tintindex":0,"rotation":0,"texture":"#6"}}}],"display":{"gui":{"rotation":[-150.0,-45.0,180.0]}}}