{"textures":{"6":"modelengine:entity/mega_warden_damage","particle":"#6"},"elements":[{"from":[6.0,-1.000001,6.0],"to":[11.0,8.0,11.0],"faces":{"east":{"uv":[7.998,0.627,7.6895,1.1855],"tintindex":0,"rotation":0,"texture":"#6"},"south":{"uv":[7.873,7.627,7.5645,8.1855],"tintindex":0,"rotation":0,"texture":"#6"},"north":{"uv":[7.9355,6.0645,7.627,6.623],"tintindex":0,"rotation":0,"texture":"#6"},"west":{"uv":[7.5605,7.627,7.252,8.1855],"tintindex":0,"rotation":0,"texture":"#6"},"up":{"uv":[7.877,8.123,8.1855,7.8145],"tintindex":0,"rotation":0,"texture":"#6"},"down":{"uv":[2.6895,7.9395,2.998,8.248],"tintindex":0,"rotation":0,"texture":"#6"}}},{"from":[11.0,-1.000001,9.0],"to":[14.999998,8.0,9.0],"faces":{"south":{"uv":[2.1895,7.6895,2.4355,8.248],"tintindex":0,"rotation":0,"texture":"#6"},"north":{"uv":[2.4355,7.6895,2.1895,8.248],"tintindex":0,"rotation":0,"texture":"#6"}}},{"from":[12.121321,7.121319,6.0],"to":[12.121321,13.121319,11.0],"faces":{"east":{"uv":[3.1895,7.1895,3.498,7.5605],"tintindex":0,"rotation":0,"texture":"#6"},"west":{"uv":[3.498,7.1895,3.1895,7.5605],"tintindex":0,"rotation":0,"texture":"#6"}},"rotation":{"origin":[12.121321,10.121319,8.0],"angle":-45.0,"axis":"z"}}],"display":{"gui":{"rotation":[-150.0,-45.0,180.0]}}}