{"textures":{"6":"modelengine:entity/mega_warden_damage","particle":"#6"},"elements":[{"from":[-2.0,5.5,1.5],"to":[18.0,10.5,14.5],"faces":{"east":{"uv":[6.25,2.5,7.875,3.125],"tintindex":0,"rotation":0,"texture":"#6"},"south":{"uv":[0.0,5.375,2.5,6.0],"tintindex":0,"rotation":0,"texture":"#6"},"north":{"uv":[5.0,3.125,7.5,3.75],"tintindex":0,"rotation":0,"texture":"#6"},"west":{"uv":[5.375,6.625,7.0,7.25],"tintindex":0,"rotation":0,"texture":"#6"},"up":{"uv":[2.5,3.875,0.0,2.25],"tintindex":0,"rotation":0,"texture":"#6"},"down":{"uv":[5.0,2.25,2.5,3.875],"tintindex":0,"rotation":0,"texture":"#6"}}}],"display":{"gui":{"rotation":[-150.0,-45.0,180.0]}}}