{
  "parent": "item/handheld",
  "textures": {
    "layer0": "minecraft:item/netherite_sword"
  },
  "overrides": [
    {
      "predicate": {
        "custom_model_data": 1
      },
      "model": "minecraft:item/anneal_blade_diamond_sword"
    },
    {
      "predicate": {
        "custom_model_data": 2
      },
      "model": "minecraft:item/anneal_blade_gold_sword"
    },
    {
      "predicate": {
        "custom_model_data": 3
      },
      "model": "minecraft:item/anneal_blade_iron_sword"
    },
    {
      "predicate": {
        "custom_model_data": 4
      },
      "model": "minecraft:item/anneal_blade_stone_sword"
    },
    {
      "predicate": {
        "custom_model_data": 5
      },
      "model": "minecraft:item/anneal_blade_wood_sword"
    },
    {
      "predicate": {
        "custom_model_data": 6
      },
      "model": "minecraft:item/black_iron_great_sword_diamond_sword"
    },
    {
      "predicate": {
        "custom_model_data": 7
      },
      "model": "minecraft:item/black_iron_great_sword_gold_sword"
    },
    {
      "predicate": {
        "custom_model_data": 8
      },
      "model": "minecraft:item/black_iron_great_sword_iron_sword"
    },
    {
      "predicate": {
        "custom_model_data": 9
      },
      "model": "minecraft:item/black_iron_great_sword_stone_sword"
    },
    {
      "predicate": {
        "custom_model_data": 10
      },
      "model": "minecraft:item/black_iron_great_sword_wood_sword"
    },
    {
      "predicate": {
        "custom_model_data": 11
      },
      "model": "minecraft:item/dark_repulser_diamond_sword"
    },
    {
      "predicate": {
        "custom_model_data": 12
      },
      "model": "minecraft:item/dark_repulser_gold_sword"
    },
    {
      "predicate": {
        "custom_model_data": 13
      },
      "model": "minecraft:item/dark_repulser_iron_sword"
    },
    {
      "predicate": {
        "custom_model_data": 14
      },
      "model": "minecraft:item/dark_repulser_stone_sword"
    },
    {
      "predicate": {
        "custom_model_data": 15
      },
      "model": "minecraft:item/dark_repulser_wood_sword"
    },
    {
      "predicate": {
        "custom_model_data": 16
      },
      "model": "minecraft:item/diamond_sword_1"
    },
    {
      "predicate": {
        "custom_model_data": 17
      },
      "model": "minecraft:item/elucidator_diamond_sword"
    },
    {
      "predicate": {
        "custom_model_data": 18
      },
      "model": "minecraft:item/elucidator_gold_sword"
    },
    {
      "predicate": {
        "custom_model_data": 19
      },
      "model": "minecraft:item/elucidator_iron_sword"
    },
    {
      "predicate": {
        "custom_model_data": 20
      },
      "model": "minecraft:item/elucidator_stone_sword"
    },
    {
      "predicate": {
        "custom_model_data": 21
      },
      "model": "minecraft:item/elucidator_wood_sword"
    },
    {
      "predicate": {
        "custom_model_data": 22
      },
      "model": "minecraft:item/excalibur_diamond_sword"
    },
    {
      "predicate": {
        "custom_model_data": 23
      },
      "model": "minecraft:item/excalibur_gold_sword"
    },
    {
      "predicate": {
        "custom_model_data": 24
      },
      "model": "minecraft:item/excalibur_iron_sword"
    },
    {
      "predicate": {
        "custom_model_data": 25
      },
      "model": "minecraft:item/excalibur_stone_sword"
    },
    {
      "predicate": {
        "custom_model_data": 26
      },
      "model": "minecraft:item/excalibur_wood_sword"
    },
    {
      "predicate": {
        "custom_model_data": 27
      },
      "model": "minecraft:item/golden_sword_1"
    },
    {
      "predicate": {
        "custom_model_data": 28
      },
      "model": "minecraft:item/gram_diamond_sword"
    },
    {
      "predicate": {
        "custom_model_data": 29
      },
      "model": "minecraft:item/gram_gold_sword"
    },
    {
      "predicate": {
        "custom_model_data": 30
      },
      "model": "minecraft:item/gram_iron_sword"
    },
    {
      "predicate": {
        "custom_model_data": 31
      },
      "model": "minecraft:item/gram_stone_sword"
    },
    {
      "predicate": {
        "custom_model_data": 32
      },
      "model": "minecraft:item/gram_wood_sword"
    },
    {
      "predicate": {
        "custom_model_data": 33
      },
      "model": "minecraft:item/ground_gorge_diamond_axe"
    },
    {
      "predicate": {
        "custom_model_data": 34
      },
      "model": "minecraft:item/ground_gorge_diamond_sword"
    },
    {
      "predicate": {
        "custom_model_data": 35
      },
      "model": "minecraft:item/ground_gorge_gold_axe"
    },
    {
      "predicate": {
        "custom_model_data": 36
      },
      "model": "minecraft:item/ground_gorge_gold_sword"
    },
    {
      "predicate": {
        "custom_model_data": 37
      },
      "model": "minecraft:item/ground_gorge_iron_axe"
    },
    {
      "predicate": {
        "custom_model_data": 38
      },
      "model": "minecraft:item/ground_gorge_iron_sword"
    },
    {
      "predicate": {
        "custom_model_data": 39
      },
      "model": "minecraft:item/ground_gorge_stone_axe"
    },
    {
      "predicate": {
        "custom_model_data": 40
      },
      "model": "minecraft:item/ground_gorge_stone_sword"
    },
    {
      "predicate": {
        "custom_model_data": 41
      },
      "model": "minecraft:item/ground_gorge_wood_axe"
    },
    {
      "predicate": {
        "custom_model_data": 42
      },
      "model": "minecraft:item/ground_gorge_wood_sword"
    },
    {
      "predicate": {
        "custom_model_data": 43
      },
      "model": "minecraft:item/guilty_thorn_diamond_sword"
    },
    {
      "predicate": {
        "custom_model_data": 44
      },
      "model": "minecraft:item/guilty_thorn_gold_sword"
    },
    {
      "predicate": {
        "custom_model_data": 45
      },
      "model": "minecraft:item/guilty_thorn_iron_sword"
    },
    {
      "predicate": {
        "custom_model_data": 46
      },
      "model": "minecraft:item/guilty_thorn_stone_sword"
    },
    {
      "predicate": {
        "custom_model_data": 47
      },
      "model": "minecraft:item/guilty_thorn_wood_sword"
    },
    {
      "predicate": {
        "custom_model_data": 48
      },
      "model": "minecraft:item/iron_sword_1"
    },
    {
      "predicate": {
        "custom_model_data": 49
      },
      "model": "minecraft:item/karakurenai_diamond_sword"
    },
    {
      "predicate": {
        "custom_model_data": 50
      },
      "model": "minecraft:item/karakurenai_gold_sword"
    },
    {
      "predicate": {
        "custom_model_data": 51
      },
      "model": "minecraft:item/karakurenai_iron_sword"
    },
    {
      "predicate": {
        "custom_model_data": 52
      },
      "model": "minecraft:item/karakurenai_stone_sword"
    },
    {
      "predicate": {
        "custom_model_data": 53
      },
      "model": "minecraft:item/karakurenai_wood_sword"
    },
    {
      "predicate": {
        "custom_model_data": 54
      },
      "model": "minecraft:item/lambent_light_diamond_sword"
    },
    {
      "predicate": {
        "custom_model_data": 55
      },
      "model": "minecraft:item/lambent_light_gold_sword"
    },
    {
      "predicate": {
        "custom_model_data": 56
      },
      "model": "minecraft:item/lambent_light_iron_sword"
    },
    {
      "predicate": {
        "custom_model_data": 57
      },
      "model": "minecraft:item/lambent_light_stone_sword"
    },
    {
      "predicate": {
        "custom_model_data": 58
      },
      "model": "minecraft:item/lambent_light_wood_sword"
    },
    {
      "predicate": {
        "custom_model_data": 59
      },
      "model": "minecraft:item/liberator_diamond_sword"
    },
    {
      "predicate": {
        "custom_model_data": 60
      },
      "model": "minecraft:item/liberator_gold_sword"
    },
    {
      "predicate": {
        "custom_model_data": 61
      },
      "model": "minecraft:item/liberator_iron_sword"
    },
    {
      "predicate": {
        "custom_model_data": 62
      },
      "model": "minecraft:item/liberator_stone_sword"
    },
    {
      "predicate": {
        "custom_model_data": 63
      },
      "model": "minecraft:item/liberator_wood_sword"
    },
    {
      "predicate": {
        "custom_model_data": 64
      },
      "model": "minecraft:item/netherite_sword_1"
    },
    {
      "predicate": {
        "custom_model_data": 65
      },
      "model": "minecraft:item/stone_sword_1"
    },
    {
      "predicate": {
        "custom_model_data": 66
      },
      "model": "minecraft:item/sword_1"
    },
    {
      "predicate": {
        "custom_model_data": 67
      },
      "model": "minecraft:item/sword_10_1"
    },
    {
      "predicate": {
        "custom_model_data": 68
      },
      "model": "minecraft:item/sword_10_2"
    },
    {
      "predicate": {
        "custom_model_data": 69
      },
      "model": "minecraft:item/sword_10_3"
    },
    {
      "predicate": {
        "custom_model_data": 70
      },
      "model": "minecraft:item/sword_10_4"
    },
    {
      "predicate": {
        "custom_model_data": 71
      },
      "model": "minecraft:item/sword_2"
    },
    {
      "predicate": {
        "custom_model_data": 72
      },
      "model": "minecraft:item/sword_3"
    },
    {
      "predicate": {
        "custom_model_data": 73
      },
      "model": "minecraft:item/sword_4"
    },
    {
      "predicate": {
        "custom_model_data": 74
      },
      "model": "minecraft:item/sword_5"
    },
    {
      "predicate": {
        "custom_model_data": 75
      },
      "model": "minecraft:item/sword_6"
    },
    {
      "predicate": {
        "custom_model_data": 76
      },
      "model": "minecraft:item/sword_7"
    },
    {
      "predicate": {
        "custom_model_data": 77
      },
      "model": "minecraft:item/sword_8"
    },
    {
      "predicate": {
        "custom_model_data": 78
      },
      "model": "minecraft:item/sword_9"
    },
    {
      "predicate": {
        "custom_model_data": 79
      },
      "model": "minecraft:item/tyrant_dragon_diamond_sword"
    },
    {
      "predicate": {
        "custom_model_data": 80
      },
      "model": "minecraft:item/tyrant_dragon_gold_sword"
    },
    {
      "predicate": {
        "custom_model_data": 81
      },
      "model": "minecraft:item/tyrant_dragon_iron_sword"
    },
    {
      "predicate": {
        "custom_model_data": 82
      },
      "model": "minecraft:item/tyrant_dragon_stone_sword"
    },
    {
      "predicate": {
        "custom_model_data": 83
      },
      "model": "minecraft:item/tyrant_dragon_wood_sword"
    },
    {
      "predicate": {
        "custom_model_data": 84
      },
      "model": "minecraft:item/wooden_sword_1"
    }
  ]
}